order_id,order_date,region,category,customer_id,units,gross_sales,discount,refunds,cost
1,2025-04-14,South,Home,22,2,240.0,36.0,0.0,139.2
2,2025-05-05,North,Technology,481,4,180.0,27.0,0.0,104.4
3,2025-09-05,North,Office,496,4,320.0,0.0,0.0,185.6
4,2025-11-26,East,Home,436,1,120.0,18.0,0.0,69.6
5,2025-04-13,West,Home,311,1,80.0,0.0,0.0,46.4
6,2025-03-06,East,Technology,400,5,125.0,0.0,0.0,72.5
7,2025-01-24,East,Office,346,4,480.0,72.0,0.0,278.4
8,2025-05-22,West,Technology,17,3,360.0,18.0,0.0,208.8
9,2025-11-14,North,Technology,10,4,100.0,15.0,0.0,58.0
10,2025-03-25,North,Technology,445,1,80.0,0.0,0.0,46.4
11,2025-05-22,West,Office,52,4,320.0,48.0,0.0,185.6
12,2025-04-30,East,Technology,42,2,240.0,12.0,0.0,139.2
13,2025-12-19,East,Office,103,1,25.0,0.0,0.0,14.5
14,2025-12-03,North,Office,12,4,180.0,0.0,0.0,104.4
15,2025-03-10,North,Office,199,1,45.0,0.0,0.0,26.1
16,2025-04-16,North,Home,134,3,135.0,0.0,135.0,78.3
17,2025-09-10,East,Technology,425,3,240.0,12.0,0.0,139.2
18,2025-01-30,South,Office,291,1,80.0,0.0,0.0,46.4
19,2025-01-15,North,Office,391,5,400.0,0.0,0.0,232.0
20,2025-12-17,North,Technology,355,5,125.0,0.0,0.0,72.5
21,2025-11-26,East,Office,326,2,240.0,12.0,0.0,139.2
22,2025-08-28,East,Technology,113,2,160.0,0.0,0.0,92.8
23,2025-09-12,East,Office,360,1,120.0,0.0,0.0,69.6
24,2025-03-25,South,Office,55,1,80.0,0.0,0.0,46.4
25,2025-03-02,West,Technology,101,2,160.0,24.0,0.0,92.8
26,2025-11-16,North,Home,272,2,240.0,12.0,0.0,139.2
27,2025-11-27,East,Technology,367,3,360.0,54.0,0.0,208.8
28,2025-08-01,East,Home,124,1,25.0,1.25,0.0,14.5
29,2025-10-28,South,Technology,497,5,400.0,20.0,0.0,232.0
30,2025-03-15,North,Technology,159,5,125.0,6.25,0.0,72.5
31,2025-07-23,South,Technology,126,5,225.0,0.0,0.0,130.5
32,2025-01-13,East,Home,454,3,360.0,54.0,0.0,208.8
33,2025-05-28,West,Home,159,4,320.0,16.0,0.0,185.6
34,2025-05-24,North,Home,205,4,480.0,24.0,0.0,278.4
35,2025-05-01,North,Office,312,5,225.0,11.25,0.0,130.5
36,2025-01-31,West,Technology,85,4,320.0,0.0,0.0,185.6
37,2025-01-21,East,Office,188,5,125.0,18.75,0.0,72.5
38,2025-02-11,North,Home,262,1,80.0,4.0,0.0,46.4
39,2025-05-15,West,Home,492,1,80.0,4.0,0.0,46.4
40,2025-03-22,East,Office,480,3,240.0,12.0,0.0,139.2
41,2025-01-24,West,Office,466,4,180.0,9.0,0.0,104.4
42,2025-08-31,North,Office,334,1,80.0,12.0,0.0,46.4
43,2025-10-26,South,Technology,91,2,160.0,8.0,152.0,92.8
44,2025-08-13,East,Office,37,5,225.0,0.0,0.0,130.5
45,2025-02-27,East,Office,134,4,100.0,0.0,0.0,58.0
46,2025-07-20,East,Technology,482,5,400.0,0.0,0.0,232.0
47,2025-08-10,North,Technology,135,4,320.0,0.0,0.0,185.6
48,2025-01-05,North,Home,304,2,90.0,0.0,0.0,52.2
49,2025-10-26,North,Technology,73,2,160.0,24.0,0.0,92.8
50,2025-06-19,West,Home,373,2,90.0,4.5,0.0,52.2
51,2025-07-24,East,Technology,329,3,75.0,0.0,75.0,43.5
52,2025-02-20,North,Technology,95,4,320.0,0.0,0.0,185.6
53,2025-01-11,West,Office,429,5,400.0,60.0,0.0,232.0
54,2025-06-25,North,Technology,315,4,180.0,0.0,0.0,104.4
55,2025-07-09,North,Office,14,4,180.0,9.0,0.0,104.4
56,2025-07-12,West,Technology,176,4,100.0,5.0,0.0,58.0
57,2025-08-15,South,Home,274,2,90.0,4.5,0.0,52.2
58,2025-03-08,East,Technology,433,2,240.0,12.0,0.0,139.2
59,2025-03-22,West,Office,397,2,240.0,0.0,0.0,139.2
60,2025-12-08,East,Office,154,4,320.0,16.0,0.0,185.6
61,2025-08-19,South,Technology,158,1,120.0,0.0,0.0,69.6
62,2025-12-31,East,Technology,51,4,480.0,24.0,0.0,278.4
63,2025-03-16,West,Office,152,3,75.0,3.75,0.0,43.5
64,2025-11-26,East,Home,229,1,120.0,6.0,0.0,69.6
65,2025-06-14,East,Office,307,1,120.0,18.0,0.0,69.6
66,2025-06-10,South,Home,183,3,360.0,54.0,0.0,208.8
67,2025-11-14,West,Home,325,1,120.0,18.0,0.0,69.6
68,2025-03-31,South,Office,108,4,480.0,72.0,0.0,278.4
69,2025-01-23,East,Home,219,3,135.0,0.0,0.0,78.3
70,2025-06-15,South,Office,4,1,120.0,18.0,0.0,69.6
71,2025-08-23,North,Technology,228,4,100.0,15.0,0.0,58.0
72,2025-03-25,South,Technology,360,4,320.0,48.0,0.0,185.6
73,2025-10-10,West,Technology,292,3,75.0,11.25,0.0,43.5
74,2025-12-02,East,Office,114,5,225.0,33.75,0.0,130.5
75,2025-10-08,West,Office,430,1,25.0,0.0,0.0,14.5
76,2025-04-18,East,Technology,369,4,100.0,15.0,0.0,58.0
77,2025-05-05,East,Technology,104,2,160.0,24.0,0.0,92.8
78,2025-09-09,East,Technology,277,2,90.0,4.5,0.0,52.2
79,2025-01-20,West,Home,435,2,90.0,4.5,0.0,52.2
80,2025-07-19,South,Home,372,3,360.0,54.0,0.0,208.8
81,2025-05-07,North,Technology,194,5,125.0,18.75,0.0,72.5
82,2025-03-31,North,Office,387,1,120.0,18.0,0.0,69.6
83,2025-03-15,North,Office,196,4,480.0,24.0,0.0,278.4
84,2025-06-23,North,Office,223,2,160.0,0.0,0.0,92.8
85,2025-08-25,West,Home,264,5,600.0,90.0,0.0,348.0
86,2025-08-14,East,Office,437,4,180.0,27.0,0.0,104.4
87,2025-09-13,East,Technology,399,5,125.0,18.75,0.0,72.5
88,2025-04-16,East,Office,83,4,480.0,0.0,0.0,278.4
89,2025-06-15,North,Technology,73,3,240.0,12.0,0.0,139.2
90,2025-12-21,East,Home,204,2,90.0,13.5,0.0,52.2
91,2025-05-26,South,Home,263,5,225.0,33.75,0.0,130.5
92,2025-10-16,North,Home,166,5,125.0,18.75,0.0,72.5
93,2025-06-16,South,Home,433,5,125.0,6.25,0.0,72.5
94,2025-04-30,West,Technology,252,5,225.0,33.75,0.0,130.5
95,2025-08-19,East,Office,374,3,240.0,12.0,0.0,139.2
96,2025-02-13,East,Technology,409,4,320.0,48.0,0.0,185.6
97,2025-04-29,North,Office,171,3,135.0,6.75,0.0,78.3
98,2025-10-28,East,Home,431,4,100.0,0.0,0.0,58.0
99,2025-11-30,North,Home,445,4,100.0,0.0,0.0,58.0
100,2025-10-04,West,Home,139,4,320.0,16.0,0.0,185.6
101,2025-10-02,South,Office,287,5,225.0,11.25,0.0,130.5
102,2025-11-07,North,Office,401,5,400.0,0.0,400.0,232.0
103,2025-08-06,West,Technology,490,5,125.0,18.75,0.0,72.5
104,2025-03-22,East,Home,143,1,25.0,3.75,0.0,14.5
105,2025-07-23,South,Office,387,3,135.0,0.0,0.0,78.3
106,2025-01-11,East,Technology,227,2,90.0,0.0,0.0,52.2
107,2025-04-03,West,Home,218,1,25.0,0.0,0.0,14.5
108,2025-06-16,East,Office,381,2,160.0,24.0,0.0,92.8
109,2025-05-30,East,Office,422,1,80.0,12.0,0.0,46.4
110,2025-08-14,North,Technology,385,2,160.0,8.0,0.0,92.8
111,2025-04-25,West,Home,312,2,90.0,4.5,0.0,52.2
112,2025-11-03,West,Office,148,2,240.0,0.0,0.0,139.2
113,2025-03-10,North,Home,27,5,225.0,33.75,0.0,130.5
114,2025-11-06,North,Office,171,1,45.0,2.25,0.0,26.1
115,2025-05-20,East,Office,122,4,320.0,16.0,0.0,185.6
116,2025-10-24,South,Office,337,1,25.0,0.0,0.0,14.5
117,2025-10-01,South,Technology,407,1,45.0,2.25,0.0,26.1
118,2025-01-26,North,Office,276,4,320.0,16.0,0.0,185.6
119,2025-03-13,North,Office,281,3,360.0,18.0,0.0,208.8
120,2025-11-13,East,Technology,292,4,180.0,0.0,0.0,104.4
121,2025-05-20,East,Office,218,5,600.0,90.0,510.0,348.0
122,2025-10-06,East,Office,340,3,135.0,20.25,0.0,78.3
123,2025-04-25,South,Home,228,3,360.0,18.0,0.0,208.8
124,2025-12-08,East,Technology,244,2,90.0,4.5,0.0,52.2
125,2025-07-04,East,Technology,405,4,180.0,27.0,0.0,104.4
126,2025-10-15,South,Office,283,5,225.0,0.0,0.0,130.5
127,2025-04-04,East,Home,291,5,125.0,0.0,0.0,72.5
128,2025-10-24,East,Home,383,5,600.0,30.0,0.0,348.0
129,2025-09-19,North,Home,100,4,320.0,0.0,0.0,185.6
130,2025-05-08,South,Office,327,1,120.0,18.0,0.0,69.6
131,2025-12-18,West,Office,408,2,160.0,8.0,0.0,92.8
132,2025-07-28,South,Home,256,3,135.0,0.0,0.0,78.3
133,2025-07-13,West,Home,284,5,225.0,11.25,0.0,130.5
134,2025-02-27,West,Home,491,3,240.0,36.0,0.0,139.2
135,2025-11-12,West,Home,283,3,360.0,0.0,0.0,208.8
136,2025-02-06,South,Technology,235,4,180.0,0.0,0.0,104.4
137,2025-02-18,South,Technology,428,2,160.0,24.0,0.0,92.8
138,2025-09-15,West,Technology,466,1,80.0,12.0,0.0,46.4
139,2025-08-19,West,Technology,271,3,135.0,6.75,0.0,78.3
140,2025-02-27,West,Technology,118,3,75.0,3.75,0.0,43.5
141,2025-11-09,North,Technology,277,1,25.0,3.75,0.0,14.5
142,2025-07-21,West,Office,395,2,240.0,12.0,0.0,139.2
143,2025-06-04,South,Office,428,3,240.0,12.0,0.0,139.2
144,2025-03-30,East,Home,260,5,225.0,11.25,0.0,130.5
145,2025-09-16,South,Home,280,1,120.0,18.0,102.0,69.6
146,2025-11-03,East,Home,331,4,320.0,16.0,0.0,185.6
147,2025-01-05,West,Technology,363,5,400.0,20.0,0.0,232.0
148,2025-02-06,West,Home,233,5,225.0,0.0,0.0,130.5
149,2025-12-08,North,Home,165,4,100.0,0.0,0.0,58.0
150,2025-02-12,East,Home,129,1,120.0,6.0,0.0,69.6
151,2025-02-23,West,Technology,493,1,120.0,6.0,0.0,69.6
152,2025-03-06,North,Technology,375,3,360.0,0.0,0.0,208.8
153,2025-09-15,West,Home,89,5,225.0,33.75,0.0,130.5
154,2025-06-20,East,Home,124,1,45.0,0.0,0.0,26.1
155,2025-11-14,South,Home,320,3,360.0,18.0,0.0,208.8
156,2025-05-30,North,Technology,442,5,600.0,90.0,0.0,348.0
157,2025-06-17,West,Office,488,5,225.0,11.25,0.0,130.5
158,2025-06-24,South,Home,229,1,80.0,12.0,0.0,46.4
159,2025-11-16,South,Technology,8,5,400.0,60.0,0.0,232.0
160,2025-07-26,North,Home,386,5,600.0,90.0,0.0,348.0
161,2025-04-17,North,Office,121,5,400.0,20.0,0.0,232.0
162,2025-11-14,North,Technology,418,4,100.0,15.0,0.0,58.0
163,2025-06-29,North,Technology,17,3,135.0,0.0,135.0,78.3
164,2025-02-12,South,Technology,221,1,45.0,2.25,0.0,26.1
165,2025-02-04,West,Office,299,5,400.0,0.0,0.0,232.0
166,2025-06-07,North,Technology,324,1,25.0,3.75,0.0,14.5
167,2025-09-17,East,Office,262,2,240.0,0.0,0.0,139.2
168,2025-02-25,South,Office,7,1,25.0,3.75,0.0,14.5
169,2025-01-06,West,Office,163,1,80.0,12.0,0.0,46.4
170,2025-12-18,East,Technology,33,5,400.0,0.0,0.0,232.0
171,2025-01-23,East,Office,236,1,120.0,6.0,0.0,69.6
172,2025-05-19,East,Technology,470,2,240.0,12.0,0.0,139.2
173,2025-12-09,West,Office,143,5,600.0,0.0,0.0,348.0
174,2025-05-16,West,Technology,352,3,75.0,3.75,0.0,43.5
175,2025-06-06,North,Technology,63,1,80.0,0.0,0.0,46.4
176,2025-06-07,North,Office,38,4,320.0,48.0,0.0,185.6
177,2025-12-26,South,Technology,122,5,225.0,11.25,0.0,130.5
178,2025-01-01,East,Office,292,3,360.0,0.0,0.0,208.8
179,2025-12-21,South,Home,467,3,360.0,0.0,0.0,208.8
180,2025-09-20,North,Office,326,2,240.0,36.0,0.0,139.2
181,2025-08-07,West,Office,161,5,225.0,11.25,0.0,130.5
182,2025-03-29,East,Technology,486,4,180.0,0.0,0.0,104.4
183,2025-12-06,North,Office,184,3,360.0,0.0,0.0,208.8
184,2025-05-07,West,Technology,30,4,480.0,0.0,0.0,278.4
185,2025-07-27,North,Office,128,4,180.0,0.0,0.0,104.4
186,2025-07-25,East,Home,428,2,90.0,0.0,0.0,52.2
187,2025-02-18,North,Office,310,2,90.0,13.5,0.0,52.2
188,2025-02-14,South,Office,407,3,360.0,0.0,0.0,208.8
189,2025-07-29,South,Home,133,5,125.0,0.0,0.0,72.5
190,2025-08-10,West,Home,344,1,120.0,18.0,0.0,69.6
191,2025-12-19,North,Technology,334,2,240.0,36.0,0.0,139.2
192,2025-10-14,East,Office,261,1,45.0,2.25,0.0,26.1
193,2025-12-23,West,Technology,428,4,180.0,27.0,153.0,104.4
194,2025-09-26,South,Technology,136,2,240.0,36.0,0.0,139.2
195,2025-11-18,North,Technology,332,4,100.0,15.0,0.0,58.0
196,2025-01-03,West,Technology,474,5,400.0,60.0,0.0,232.0
197,2025-08-02,West,Home,6,1,120.0,0.0,0.0,69.6
198,2025-01-06,South,Office,92,2,50.0,0.0,0.0,29.0
199,2025-03-21,East,Office,24,5,225.0,11.25,0.0,130.5
200,2025-11-30,East,Home,306,4,100.0,15.0,0.0,58.0
201,2025-10-07,North,Office,163,3,360.0,18.0,0.0,208.8
202,2025-11-17,South,Home,373,2,50.0,7.5,0.0,29.0
203,2025-03-07,North,Office,424,3,360.0,0.0,0.0,208.8
204,2025-11-30,South,Home,356,4,100.0,15.0,0.0,58.0
205,2025-12-07,South,Office,237,2,50.0,7.5,0.0,29.0
206,2025-06-21,East,Technology,382,5,400.0,20.0,0.0,232.0
207,2025-06-09,West,Office,203,4,320.0,16.0,0.0,185.6
208,2025-11-25,North,Office,428,3,135.0,0.0,0.0,78.3
209,2025-02-02,South,Office,361,3,75.0,11.25,0.0,43.5
210,2025-06-18,East,Home,124,1,80.0,12.0,0.0,46.4
211,2025-11-15,East,Office,139,5,600.0,30.0,0.0,348.0
212,2025-03-16,West,Office,324,2,160.0,0.0,0.0,92.8
213,2025-10-30,South,Technology,56,1,25.0,1.25,0.0,14.5
214,2025-01-11,South,Office,414,3,135.0,20.25,114.75,78.3
215,2025-03-10,North,Office,368,2,90.0,13.5,0.0,52.2
216,2025-09-23,South,Home,291,2,160.0,8.0,0.0,92.8
217,2025-05-26,East,Office,103,5,400.0,60.0,0.0,232.0
218,2025-11-15,North,Home,218,2,50.0,7.5,0.0,29.0
219,2025-05-06,East,Office,37,5,225.0,0.0,0.0,130.5
220,2025-09-29,West,Home,143,4,480.0,0.0,0.0,278.4
221,2025-02-15,East,Office,111,2,90.0,4.5,0.0,52.2
222,2025-11-16,North,Office,363,2,240.0,36.0,0.0,139.2
223,2025-09-09,West,Home,328,2,90.0,13.5,0.0,52.2
224,2025-08-12,North,Home,135,5,225.0,11.25,0.0,130.5
225,2025-08-31,North,Home,142,4,100.0,5.0,0.0,58.0
226,2025-10-01,East,Home,443,4,100.0,5.0,0.0,58.0
227,2025-07-25,East,Technology,299,5,400.0,0.0,0.0,232.0
228,2025-04-17,North,Technology,189,2,90.0,13.5,0.0,52.2
229,2025-07-05,North,Technology,449,2,240.0,0.0,240.0,139.2
230,2025-05-31,South,Technology,483,3,75.0,0.0,0.0,43.5
231,2025-05-09,East,Home,130,5,125.0,0.0,0.0,72.5
232,2025-06-14,South,Home,365,3,135.0,20.25,0.0,78.3
233,2025-07-31,West,Office,41,3,360.0,54.0,0.0,208.8
234,2025-11-05,East,Office,322,2,240.0,36.0,0.0,139.2
235,2025-06-19,West,Office,180,3,360.0,18.0,0.0,208.8
236,2025-09-19,East,Home,56,2,90.0,13.5,0.0,52.2
237,2025-01-06,North,Home,244,3,135.0,0.0,0.0,78.3
238,2025-07-11,North,Home,263,4,180.0,0.0,0.0,104.4
239,2025-06-16,East,Technology,424,1,80.0,0.0,0.0,46.4
240,2025-03-23,West,Office,500,4,100.0,5.0,0.0,58.0
241,2025-07-15,South,Technology,186,3,240.0,0.0,0.0,139.2
242,2025-02-08,East,Home,103,3,75.0,3.75,0.0,43.5
243,2025-10-09,East,Home,325,4,100.0,0.0,100.0,58.0
244,2025-07-14,South,Technology,40,5,400.0,0.0,0.0,232.0
245,2025-03-12,East,Technology,222,3,75.0,0.0,0.0,43.5
246,2025-08-30,West,Home,11,1,80.0,12.0,0.0,46.4
247,2025-09-02,South,Office,457,1,120.0,0.0,0.0,69.6
248,2025-11-24,South,Office,485,3,360.0,18.0,0.0,208.8
249,2025-08-20,South,Technology,311,2,160.0,24.0,0.0,92.8
250,2025-04-04,East,Technology,339,5,125.0,18.75,0.0,72.5
251,2025-01-13,North,Home,197,4,100.0,5.0,0.0,58.0
252,2025-11-28,East,Office,16,4,480.0,72.0,0.0,278.4
253,2025-10-01,East,Technology,63,4,480.0,24.0,0.0,278.4
254,2025-02-12,North,Technology,246,5,225.0,0.0,0.0,130.5
255,2025-03-30,South,Office,449,2,90.0,0.0,0.0,52.2
256,2025-06-04,South,Home,92,1,25.0,1.25,0.0,14.5
257,2025-08-03,North,Home,435,1,120.0,6.0,0.0,69.6
258,2025-09-02,South,Home,63,5,400.0,60.0,0.0,232.0
259,2025-09-03,North,Technology,143,1,80.0,4.0,0.0,46.4
260,2025-02-14,North,Office,324,5,125.0,0.0,0.0,72.5
261,2025-04-02,East,Office,207,2,240.0,12.0,0.0,139.2
262,2025-03-06,North,Home,136,3,135.0,0.0,0.0,78.3
263,2025-07-06,West,Home,458,4,320.0,0.0,0.0,185.6
264,2025-07-30,East,Office,340,4,480.0,0.0,0.0,278.4
265,2025-06-06,West,Home,88,2,160.0,24.0,0.0,92.8
266,2025-11-30,West,Office,12,4,320.0,16.0,0.0,185.6
267,2025-05-30,South,Technology,68,4,100.0,0.0,0.0,58.0
268,2025-03-30,West,Technology,469,5,225.0,33.75,0.0,130.5
269,2025-02-10,East,Office,204,1,120.0,18.0,0.0,69.6
270,2025-05-31,South,Technology,490,5,400.0,0.0,0.0,232.0
271,2025-08-16,North,Technology,99,2,160.0,24.0,0.0,92.8
272,2025-03-13,South,Technology,378,4,320.0,48.0,0.0,185.6
273,2025-01-03,South,Technology,23,1,120.0,18.0,0.0,69.6
274,2025-05-21,South,Office,233,4,180.0,27.0,153.0,104.4
275,2025-11-27,North,Home,477,5,400.0,0.0,0.0,232.0
276,2025-06-25,East,Office,100,5,400.0,20.0,0.0,232.0
277,2025-10-17,North,Technology,82,4,180.0,9.0,0.0,104.4
278,2025-08-23,East,Home,242,3,240.0,36.0,0.0,139.2
279,2025-08-01,West,Office,33,4,180.0,27.0,0.0,104.4
280,2025-05-04,East,Office,275,3,75.0,3.75,0.0,43.5
281,2025-12-14,West,Home,496,1,45.0,2.25,0.0,26.1
282,2025-03-08,South,Office,241,2,240.0,0.0,240.0,139.2
283,2025-06-28,East,Technology,84,5,400.0,60.0,0.0,232.0
284,2025-01-14,West,Office,144,3,240.0,0.0,0.0,139.2
285,2025-04-29,North,Office,300,5,600.0,30.0,0.0,348.0
286,2025-06-01,West,Home,163,1,120.0,18.0,0.0,69.6
287,2025-03-24,West,Office,235,5,225.0,0.0,0.0,130.5
288,2025-05-06,North,Office,476,5,125.0,18.75,0.0,72.5
289,2025-10-24,South,Technology,275,3,360.0,54.0,0.0,208.8
290,2025-09-27,East,Office,156,2,50.0,0.0,0.0,29.0
291,2025-05-31,North,Home,168,3,135.0,6.75,0.0,78.3
292,2025-06-06,North,Home,149,4,480.0,72.0,0.0,278.4
293,2025-05-02,South,Technology,448,4,180.0,27.0,0.0,104.4
294,2025-09-30,North,Technology,245,3,240.0,12.0,0.0,139.2
295,2025-01-17,East,Home,171,5,400.0,60.0,0.0,232.0
296,2025-01-01,East,Home,184,5,600.0,90.0,0.0,348.0
297,2025-12-22,North,Technology,444,5,400.0,60.0,0.0,232.0
298,2025-05-28,North,Office,230,4,180.0,0.0,0.0,104.4
299,2025-09-13,South,Technology,124,4,100.0,15.0,0.0,58.0
300,2025-02-17,North,Office,153,4,320.0,0.0,0.0,185.6
301,2025-07-26,North,Office,463,5,225.0,0.0,0.0,130.5
302,2025-01-03,West,Home,261,3,240.0,36.0,0.0,139.2
303,2025-08-10,North,Technology,234,2,90.0,4.5,0.0,52.2
304,2025-03-18,West,Office,275,4,180.0,9.0,0.0,104.4
305,2025-01-24,East,Office,438,2,50.0,2.5,0.0,29.0
306,2025-09-01,South,Office,203,4,100.0,0.0,0.0,58.0
307,2025-08-19,East,Office,297,5,125.0,18.75,0.0,72.5
308,2025-06-26,North,Technology,58,4,480.0,24.0,0.0,278.4
309,2025-12-19,West,Home,393,1,80.0,12.0,0.0,46.4
310,2025-03-25,North,Technology,191,4,100.0,5.0,0.0,58.0
311,2025-10-21,East,Technology,66,5,125.0,18.75,0.0,72.5
312,2025-04-25,South,Home,337,4,180.0,0.0,0.0,104.4
313,2025-07-17,East,Technology,3,5,225.0,33.75,0.0,130.5
314,2025-11-03,North,Technology,329,2,50.0,0.0,0.0,29.0
315,2025-12-24,West,Home,284,3,75.0,3.75,0.0,43.5
316,2025-01-07,East,Technology,145,1,120.0,6.0,0.0,69.6
317,2025-09-29,West,Home,38,5,600.0,30.0,0.0,348.0
318,2025-04-14,North,Home,68,1,80.0,4.0,0.0,46.4
319,2025-10-19,North,Office,116,2,50.0,0.0,0.0,29.0
320,2025-03-25,West,Technology,478,5,125.0,18.75,0.0,72.5
321,2025-10-25,North,Technology,78,4,480.0,24.0,0.0,278.4
322,2025-05-08,North,Home,160,4,100.0,0.0,0.0,58.0
323,2025-06-11,East,Home,175,1,45.0,2.25,0.0,26.1
324,2025-12-20,South,Home,425,5,400.0,20.0,0.0,232.0
325,2025-09-04,West,Home,115,3,240.0,0.0,0.0,139.2
326,2025-05-08,West,Technology,326,3,75.0,0.0,0.0,43.5
327,2025-04-29,East,Technology,426,4,480.0,24.0,0.0,278.4
328,2025-08-18,East,Office,381,2,90.0,0.0,0.0,52.2
329,2025-04-08,North,Office,488,3,240.0,0.0,0.0,139.2
330,2025-03-16,West,Home,358,4,320.0,16.0,0.0,185.6
331,2025-02-06,North,Office,103,2,50.0,2.5,0.0,29.0
332,2025-01-15,North,Office,272,1,80.0,4.0,0.0,46.4
333,2025-01-14,West,Home,418,5,225.0,0.0,0.0,130.5
334,2025-01-07,North,Technology,20,4,320.0,16.0,0.0,185.6
335,2025-12-14,North,Technology,143,1,45.0,2.25,0.0,26.1
336,2025-12-29,West,Office,4,5,400.0,0.0,0.0,232.0
337,2025-04-24,East,Technology,431,1,25.0,0.0,0.0,14.5
338,2025-03-31,West,Office,22,5,125.0,0.0,0.0,72.5
339,2025-06-05,West,Home,397,3,360.0,18.0,0.0,208.8
340,2025-03-18,North,Technology,405,5,600.0,30.0,0.0,348.0
341,2025-08-11,East,Office,104,2,160.0,0.0,0.0,92.8
342,2025-04-21,South,Technology,464,1,80.0,0.0,0.0,46.4
343,2025-11-25,South,Office,140,5,125.0,6.25,118.75,72.5
344,2025-04-22,North,Office,200,1,120.0,18.0,0.0,69.6
345,2025-11-22,East,Office,10,3,360.0,54.0,0.0,208.8
346,2025-10-23,West,Office,383,2,160.0,0.0,0.0,92.8
347,2025-09-01,South,Office,198,3,75.0,3.75,0.0,43.5
348,2025-10-12,South,Office,52,4,320.0,48.0,0.0,185.6
349,2025-03-08,East,Home,426,5,600.0,30.0,0.0,348.0
350,2025-02-17,South,Home,372,2,50.0,0.0,0.0,29.0
351,2025-11-03,North,Technology,349,4,100.0,15.0,0.0,58.0
352,2025-08-01,East,Technology,90,2,160.0,0.0,160.0,92.8
353,2025-09-18,West,Office,168,2,160.0,0.0,160.0,92.8
354,2025-07-26,East,Technology,189,1,25.0,3.75,0.0,14.5
355,2025-01-08,West,Office,288,4,180.0,27.0,0.0,104.4
356,2025-12-12,West,Office,84,5,125.0,6.25,0.0,72.5
357,2025-01-27,West,Technology,345,3,135.0,0.0,0.0,78.3
358,2025-04-22,North,Office,40,4,480.0,72.0,0.0,278.4
359,2025-06-11,North,Technology,82,1,80.0,12.0,0.0,46.4
360,2025-07-02,East,Technology,428,5,400.0,60.0,0.0,232.0
361,2025-06-07,East,Technology,72,4,180.0,27.0,0.0,104.4
362,2025-08-22,West,Technology,149,2,160.0,24.0,0.0,92.8
363,2025-02-24,South,Home,216,4,320.0,16.0,304.0,185.6
364,2025-02-11,East,Home,156,1,45.0,6.75,0.0,26.1
365,2025-12-26,East,Office,297,5,125.0,6.25,0.0,72.5
366,2025-01-05,South,Home,200,3,135.0,20.25,0.0,78.3
367,2025-01-13,East,Home,370,1,25.0,0.0,0.0,14.5
368,2025-04-29,South,Office,333,2,160.0,8.0,0.0,92.8
369,2025-01-09,East,Office,341,5,400.0,0.0,0.0,232.0
370,2025-05-24,South,Home,166,1,80.0,4.0,0.0,46.4
371,2025-06-25,East,Technology,32,2,90.0,4.5,0.0,52.2
372,2025-07-19,West,Technology,248,4,180.0,0.0,0.0,104.4
373,2025-06-02,North,Technology,372,4,100.0,15.0,0.0,58.0
374,2025-03-30,East,Office,485,5,225.0,11.25,0.0,130.5
375,2025-08-04,West,Technology,74,4,320.0,0.0,0.0,185.6
376,2025-07-28,East,Office,97,3,360.0,0.0,0.0,208.8
377,2025-03-17,West,Office,134,3,135.0,6.75,0.0,78.3
378,2025-05-06,North,Office,91,1,45.0,6.75,0.0,26.1
379,2025-11-14,West,Technology,343,2,160.0,0.0,0.0,92.8
380,2025-06-11,West,Home,36,3,135.0,6.75,0.0,78.3
381,2025-06-11,North,Technology,230,5,125.0,6.25,0.0,72.5
382,2025-04-17,North,Technology,259,3,75.0,0.0,0.0,43.5
383,2025-07-03,East,Home,206,5,225.0,0.0,0.0,130.5
384,2025-09-24,North,Office,327,3,360.0,54.0,0.0,208.8
385,2025-06-15,East,Technology,110,5,125.0,18.75,0.0,72.5
386,2025-05-10,North,Home,45,5,600.0,0.0,0.0,348.0
387,2025-02-22,South,Home,4,4,320.0,0.0,0.0,185.6
388,2025-01-25,West,Office,236,2,90.0,13.5,0.0,52.2
389,2025-04-12,South,Home,102,4,180.0,9.0,0.0,104.4
390,2025-08-02,South,Home,254,2,90.0,4.5,0.0,52.2
391,2025-10-11,East,Office,115,2,50.0,7.5,0.0,29.0
392,2025-01-16,East,Home,52,1,80.0,12.0,0.0,46.4
393,2025-08-17,East,Technology,188,1,45.0,0.0,0.0,26.1
394,2025-01-22,South,Office,188,1,25.0,0.0,0.0,14.5
395,2025-11-15,East,Office,56,5,400.0,20.0,0.0,232.0
396,2025-04-04,North,Home,139,5,400.0,20.0,0.0,232.0
397,2025-05-17,East,Office,63,3,360.0,54.0,0.0,208.8
398,2025-12-04,East,Home,293,3,135.0,0.0,0.0,78.3
399,2025-05-25,North,Office,16,5,125.0,6.25,0.0,72.5
400,2025-09-06,East,Office,462,5,600.0,30.0,0.0,348.0
401,2025-02-04,South,Technology,267,4,180.0,27.0,0.0,104.4
402,2025-08-03,North,Technology,225,5,125.0,0.0,0.0,72.5
403,2025-08-25,North,Technology,446,2,160.0,8.0,0.0,92.8
404,2025-05-28,North,Technology,105,1,120.0,6.0,0.0,69.6
405,2025-12-02,South,Home,422,4,180.0,27.0,0.0,104.4
406,2025-07-31,North,Office,258,2,50.0,0.0,0.0,29.0
407,2025-03-08,North,Technology,351,4,100.0,15.0,0.0,58.0
408,2025-07-24,North,Office,313,5,600.0,0.0,0.0,348.0
409,2025-07-31,East,Technology,256,5,225.0,11.25,0.0,130.5
410,2025-04-07,South,Office,238,4,480.0,0.0,0.0,278.4
411,2025-09-01,South,Technology,119,2,160.0,8.0,0.0,92.8
412,2025-12-30,North,Home,418,1,80.0,12.0,0.0,46.4
413,2025-06-21,East,Technology,187,2,240.0,36.0,0.0,139.2
414,2025-08-23,East,Office,142,4,180.0,0.0,0.0,104.4
415,2025-01-24,West,Technology,187,4,480.0,24.0,0.0,278.4
416,2025-12-07,South,Office,418,2,90.0,0.0,0.0,52.2
417,2025-11-14,West,Technology,217,3,360.0,54.0,0.0,208.8
418,2025-06-19,North,Office,236,2,240.0,0.0,0.0,139.2
419,2025-06-16,West,Office,339,2,160.0,24.0,0.0,92.8
420,2025-10-31,North,Office,114,4,180.0,27.0,0.0,104.4
421,2025-11-20,North,Office,208,4,480.0,0.0,0.0,278.4
422,2025-01-23,East,Technology,426,2,50.0,7.5,0.0,29.0
423,2025-01-29,East,Technology,241,1,120.0,18.0,0.0,69.6
424,2025-03-02,North,Office,158,4,480.0,72.0,0.0,278.4
425,2025-09-03,South,Technology,190,5,600.0,90.0,0.0,348.0
426,2025-09-24,East,Office,339,2,90.0,13.5,0.0,52.2
427,2025-06-28,East,Office,95,2,90.0,0.0,0.0,52.2
428,2025-05-07,East,Home,238,5,225.0,33.75,0.0,130.5
429,2025-06-27,East,Home,149,3,135.0,0.0,0.0,78.3
430,2025-06-12,West,Technology,302,2,50.0,2.5,0.0,29.0
431,2025-04-18,West,Home,287,4,480.0,0.0,0.0,278.4
432,2025-06-29,North,Office,494,4,100.0,5.0,0.0,58.0
433,2025-06-04,West,Technology,307,5,125.0,6.25,0.0,72.5
434,2025-01-26,South,Technology,419,1,120.0,18.0,0.0,69.6
435,2025-08-23,North,Technology,211,3,135.0,20.25,0.0,78.3
436,2025-05-21,South,Home,277,4,320.0,0.0,0.0,185.6
437,2025-09-10,West,Technology,151,3,135.0,0.0,0.0,78.3
438,2025-08-17,West,Office,19,5,125.0,0.0,125.0,72.5
439,2025-01-19,East,Office,66,2,90.0,0.0,0.0,52.2
440,2025-11-20,South,Office,228,5,125.0,0.0,0.0,72.5
441,2025-08-07,East,Office,157,1,45.0,0.0,0.0,26.1
442,2025-09-09,West,Home,157,1,45.0,0.0,0.0,26.1
443,2025-02-20,South,Technology,280,3,360.0,0.0,0.0,208.8
444,2025-08-23,East,Technology,488,2,160.0,24.0,0.0,92.8
445,2025-03-20,West,Office,452,4,100.0,5.0,0.0,58.0
446,2025-11-19,East,Home,52,4,480.0,72.0,0.0,278.4
447,2025-03-26,South,Home,68,2,50.0,2.5,0.0,29.0
448,2025-03-16,East,Technology,481,3,75.0,11.25,0.0,43.5
449,2025-06-17,South,Home,346,4,100.0,15.0,0.0,58.0
450,2025-06-17,East,Office,311,2,50.0,7.5,0.0,29.0
451,2025-08-07,West,Technology,87,4,480.0,0.0,0.0,278.4
452,2025-03-09,South,Home,210,3,240.0,36.0,0.0,139.2
453,2025-12-24,East,Office,65,4,180.0,0.0,0.0,104.4
454,2025-09-01,West,Technology,373,2,90.0,4.5,0.0,52.2
455,2025-02-21,East,Home,419,3,240.0,0.0,0.0,139.2
456,2025-09-29,East,Technology,29,3,240.0,36.0,204.0,139.2
457,2025-10-13,South,Office,223,2,160.0,0.0,0.0,92.8
458,2025-04-27,South,Technology,427,4,320.0,16.0,0.0,185.6
459,2025-11-25,North,Technology,105,5,225.0,11.25,0.0,130.5
460,2025-02-16,South,Home,415,2,50.0,2.5,0.0,29.0
461,2025-09-23,East,Technology,286,1,45.0,0.0,45.0,26.1
462,2025-01-13,East,Home,438,2,90.0,0.0,0.0,52.2
463,2025-10-09,South,Office,115,2,240.0,12.0,0.0,139.2
464,2025-04-23,South,Office,271,1,120.0,0.0,0.0,69.6
465,2025-09-04,North,Technology,245,4,480.0,72.0,0.0,278.4
466,2025-07-17,West,Home,125,1,45.0,2.25,0.0,26.1
467,2025-01-28,East,Home,218,2,240.0,0.0,0.0,139.2
468,2025-05-12,West,Office,359,5,225.0,11.25,0.0,130.5
469,2025-03-10,North,Office,350,1,45.0,6.75,0.0,26.1
470,2025-10-13,East,Office,386,4,180.0,9.0,0.0,104.4
471,2025-09-07,North,Technology,132,3,240.0,12.0,0.0,139.2
472,2025-06-18,South,Technology,101,2,90.0,4.5,0.0,52.2
473,2025-11-28,North,Technology,192,5,600.0,90.0,0.0,348.0
474,2025-02-02,South,Home,79,1,120.0,18.0,0.0,69.6
475,2025-01-24,West,Home,324,3,75.0,11.25,0.0,43.5
476,2025-10-28,East,Home,91,2,160.0,0.0,0.0,92.8
477,2025-07-27,East,Home,54,5,600.0,0.0,0.0,348.0
478,2025-09-30,West,Home,271,2,240.0,12.0,0.0,139.2
479,2025-04-05,West,Technology,271,4,100.0,15.0,0.0,58.0
480,2025-10-31,North,Home,454,4,100.0,0.0,0.0,58.0
481,2025-10-15,West,Office,412,1,25.0,0.0,0.0,14.5
482,2025-03-02,West,Technology,354,1,80.0,4.0,0.0,46.4
483,2025-08-29,North,Home,69,2,90.0,4.5,0.0,52.2
484,2025-03-23,East,Office,441,1,80.0,12.0,0.0,46.4
485,2025-06-26,East,Home,477,1,25.0,3.75,0.0,14.5
486,2025-09-16,South,Technology,388,5,225.0,11.25,0.0,130.5
487,2025-06-05,South,Technology,379,5,400.0,60.0,0.0,232.0
488,2025-05-24,South,Technology,358,3,135.0,20.25,0.0,78.3
489,2025-09-25,North,Technology,357,2,90.0,0.0,0.0,52.2
490,2025-03-19,North,Office,176,1,120.0,18.0,0.0,69.6
491,2025-07-23,South,Office,494,5,400.0,60.0,0.0,232.0
492,2025-02-10,North,Office,314,2,160.0,24.0,0.0,92.8
493,2025-03-10,North,Home,32,5,400.0,60.0,0.0,232.0
494,2025-05-22,South,Technology,465,2,50.0,7.5,0.0,29.0
495,2025-05-18,North,Technology,213,4,100.0,5.0,0.0,58.0
496,2025-02-23,West,Office,214,2,90.0,13.5,0.0,52.2
497,2025-08-13,North,Home,121,5,125.0,6.25,0.0,72.5
498,2025-04-11,East,Home,160,4,320.0,0.0,0.0,185.6
499,2025-07-11,North,Home,258,1,80.0,4.0,0.0,46.4
500,2025-04-12,East,Home,398,4,320.0,48.0,0.0,185.6
501,2025-12-09,North,Home,33,5,600.0,30.0,0.0,348.0
502,2025-02-01,West,Office,115,5,400.0,20.0,0.0,232.0
503,2025-01-30,North,Office,236,3,135.0,20.25,114.75,78.3
504,2025-12-31,North,Office,96,3,135.0,6.75,0.0,78.3
505,2025-06-13,West,Technology,338,5,600.0,0.0,0.0,348.0
506,2025-03-30,West,Office,214,4,180.0,0.0,0.0,104.4
507,2025-03-03,North,Home,223,2,90.0,13.5,0.0,52.2
508,2025-06-09,South,Office,103,1,45.0,6.75,0.0,26.1
509,2025-10-02,East,Home,274,1,120.0,18.0,0.0,69.6
510,2025-05-23,North,Home,256,3,360.0,18.0,0.0,208.8
511,2025-07-12,West,Technology,117,5,600.0,30.0,0.0,348.0
512,2025-12-09,South,Technology,45,1,120.0,6.0,0.0,69.6
513,2025-01-24,West,Home,163,4,100.0,15.0,85.0,58.0
514,2025-12-30,West,Office,421,2,160.0,24.0,0.0,92.8
515,2025-11-27,East,Office,277,4,180.0,27.0,0.0,104.4
516,2025-01-04,South,Home,146,4,180.0,9.0,0.0,104.4
517,2025-02-25,North,Office,280,1,25.0,0.0,0.0,14.5
518,2025-06-04,East,Home,320,2,50.0,0.0,0.0,29.0
519,2025-03-09,East,Office,341,2,240.0,36.0,0.0,139.2
520,2025-06-09,East,Technology,63,4,320.0,16.0,0.0,185.6
521,2025-08-23,South,Office,432,4,180.0,0.0,0.0,104.4
522,2025-02-24,North,Home,204,2,160.0,8.0,0.0,92.8
523,2025-12-30,East,Home,240,2,90.0,13.5,0.0,52.2
524,2025-01-25,East,Technology,440,5,125.0,0.0,0.0,72.5
525,2025-05-26,North,Home,197,4,100.0,5.0,0.0,58.0
526,2025-02-18,South,Home,13,5,400.0,20.0,0.0,232.0
527,2025-10-08,South,Office,60,4,480.0,72.0,0.0,278.4
528,2025-01-30,North,Home,148,3,240.0,36.0,0.0,139.2
529,2025-10-10,West,Home,129,2,50.0,2.5,0.0,29.0
530,2025-07-11,West,Office,435,1,80.0,4.0,0.0,46.4
531,2025-11-28,East,Office,448,4,480.0,72.0,0.0,278.4
532,2025-09-30,West,Technology,61,1,25.0,0.0,0.0,14.5
533,2025-02-15,East,Home,44,4,320.0,16.0,0.0,185.6
534,2025-12-03,East,Technology,282,2,160.0,0.0,0.0,92.8
535,2025-09-06,West,Office,36,1,80.0,4.0,76.0,46.4
536,2025-08-06,West,Technology,402,5,600.0,0.0,600.0,348.0
537,2025-03-22,North,Home,457,5,600.0,90.0,0.0,348.0
538,2025-12-16,East,Technology,416,4,100.0,15.0,0.0,58.0
539,2025-02-06,North,Office,492,2,160.0,0.0,0.0,92.8
540,2025-10-04,South,Office,149,4,480.0,72.0,0.0,278.4
541,2025-06-14,North,Technology,354,2,90.0,0.0,0.0,52.2
542,2025-05-10,North,Home,179,5,125.0,18.75,0.0,72.5
543,2025-03-02,East,Technology,211,4,320.0,16.0,0.0,185.6
544,2025-02-14,East,Technology,399,1,45.0,0.0,0.0,26.1
545,2025-06-25,South,Office,174,1,80.0,12.0,0.0,46.4
546,2025-05-26,East,Office,357,3,75.0,3.75,0.0,43.5
547,2025-06-11,West,Technology,147,1,120.0,0.0,0.0,69.6
548,2025-12-20,South,Office,363,1,120.0,18.0,0.0,69.6
549,2025-06-23,East,Technology,56,3,135.0,20.25,0.0,78.3
550,2025-04-07,West,Technology,227,2,160.0,0.0,0.0,92.8
551,2025-04-23,West,Technology,357,3,240.0,36.0,0.0,139.2
552,2025-06-05,East,Office,166,3,360.0,0.0,0.0,208.8
553,2025-05-25,East,Technology,63,4,100.0,0.0,0.0,58.0
554,2025-04-21,East,Technology,426,2,160.0,0.0,0.0,92.8
555,2025-06-10,South,Office,450,4,480.0,24.0,456.0,278.4
556,2025-08-22,East,Home,63,1,80.0,12.0,0.0,46.4
557,2025-12-10,East,Office,278,2,160.0,8.0,0.0,92.8
558,2025-12-15,North,Home,333,5,400.0,0.0,0.0,232.0
559,2025-02-28,East,Home,7,3,75.0,11.25,0.0,43.5
560,2025-03-19,South,Office,375,1,45.0,2.25,0.0,26.1
561,2025-09-30,East,Home,56,5,400.0,20.0,0.0,232.0
562,2025-12-20,South,Technology,305,4,180.0,27.0,0.0,104.4
563,2025-08-04,West,Office,219,1,45.0,6.75,0.0,26.1
564,2025-06-15,South,Home,101,3,360.0,0.0,0.0,208.8
565,2025-01-02,North,Technology,58,5,400.0,0.0,0.0,232.0
566,2025-06-11,South,Home,128,3,75.0,0.0,0.0,43.5
567,2025-11-14,West,Office,232,4,480.0,0.0,0.0,278.4
568,2025-04-10,North,Technology,446,3,240.0,0.0,0.0,139.2
569,2025-10-09,South,Technology,377,5,400.0,20.0,0.0,232.0
570,2025-06-16,South,Office,427,4,100.0,0.0,0.0,58.0
571,2025-12-29,South,Technology,292,4,320.0,48.0,0.0,185.6
572,2025-06-26,North,Home,499,4,100.0,5.0,0.0,58.0
573,2025-05-12,East,Home,100,1,45.0,0.0,0.0,26.1
574,2025-09-29,West,Technology,32,4,320.0,16.0,304.0,185.6
575,2025-11-18,North,Home,390,1,45.0,0.0,0.0,26.1
576,2025-09-24,South,Office,154,5,125.0,6.25,0.0,72.5
577,2025-04-04,East,Technology,176,4,480.0,72.0,0.0,278.4
578,2025-12-16,East,Home,415,1,25.0,3.75,0.0,14.5
579,2025-09-12,West,Office,198,3,75.0,0.0,0.0,43.5
580,2025-10-31,West,Technology,427,2,240.0,12.0,0.0,139.2
581,2025-06-29,West,Technology,434,1,45.0,6.75,0.0,26.1
582,2025-09-08,West,Office,309,5,125.0,6.25,0.0,72.5
583,2025-07-22,South,Technology,110,5,125.0,6.25,0.0,72.5
584,2025-03-06,South,Office,424,1,25.0,0.0,0.0,14.5
585,2025-01-08,West,Home,120,5,600.0,90.0,0.0,348.0
586,2025-09-28,West,Office,390,5,600.0,90.0,0.0,348.0
587,2025-10-04,South,Technology,284,2,90.0,0.0,0.0,52.2
588,2025-07-05,East,Technology,257,4,480.0,24.0,0.0,278.4
589,2025-05-15,West,Technology,8,2,50.0,0.0,0.0,29.0
590,2025-12-31,North,Home,230,5,125.0,6.25,0.0,72.5
591,2025-09-30,East,Office,106,2,240.0,12.0,0.0,139.2
592,2025-01-04,East,Office,132,2,90.0,4.5,0.0,52.2
593,2025-09-01,East,Office,234,2,50.0,7.5,0.0,29.0
594,2025-12-29,North,Home,131,3,135.0,20.25,0.0,78.3
595,2025-03-29,North,Home,477,5,125.0,0.0,0.0,72.5
596,2025-11-23,East,Technology,363,5,600.0,30.0,570.0,348.0
597,2025-05-16,South,Home,30,4,180.0,0.0,0.0,104.4
598,2025-10-09,West,Office,67,2,50.0,7.5,0.0,29.0
599,2025-02-23,West,Office,78,3,75.0,11.25,0.0,43.5
600,2025-07-19,West,Home,351,5,125.0,6.25,0.0,72.5
601,2025-08-23,North,Home,419,4,320.0,48.0,0.0,185.6
602,2025-08-01,West,Office,26,2,50.0,2.5,0.0,29.0
603,2025-04-02,East,Home,337,4,180.0,27.0,153.0,104.4
604,2025-06-11,South,Office,489,5,125.0,0.0,0.0,72.5
605,2025-11-28,West,Office,276,3,135.0,0.0,0.0,78.3
606,2025-04-01,West,Office,185,3,135.0,6.75,0.0,78.3
607,2025-08-15,South,Technology,364,2,90.0,13.5,76.5,52.2
608,2025-09-26,West,Office,464,3,75.0,3.75,0.0,43.5
609,2025-08-23,North,Technology,441,2,240.0,12.0,0.0,139.2
610,2025-06-24,East,Office,448,3,360.0,54.0,0.0,208.8
611,2025-04-14,West,Home,386,5,400.0,60.0,340.0,232.0
612,2025-08-15,East,Home,452,5,400.0,20.0,380.0,232.0
613,2025-12-02,East,Technology,138,5,225.0,0.0,0.0,130.5
614,2025-05-08,North,Home,257,3,75.0,0.0,0.0,43.5
615,2025-01-21,East,Technology,97,5,125.0,18.75,0.0,72.5
616,2025-01-15,South,Office,328,5,125.0,18.75,0.0,72.5
617,2025-08-13,West,Office,201,4,180.0,27.0,0.0,104.4
618,2025-07-10,West,Home,309,2,160.0,8.0,0.0,92.8
619,2025-03-10,West,Office,242,2,160.0,8.0,0.0,92.8
620,2025-07-06,North,Home,302,5,225.0,33.75,0.0,130.5
621,2025-10-25,South,Home,77,1,25.0,0.0,0.0,14.5
622,2025-09-01,North,Technology,447,1,25.0,0.0,0.0,14.5
623,2025-11-10,West,Office,120,5,600.0,30.0,0.0,348.0
624,2025-02-07,South,Technology,114,4,100.0,0.0,0.0,58.0
625,2025-04-05,South,Technology,104,4,480.0,0.0,0.0,278.4
626,2025-01-12,North,Office,17,5,125.0,6.25,0.0,72.5
627,2025-02-01,North,Office,43,4,180.0,0.0,0.0,104.4
628,2025-04-21,West,Home,145,3,240.0,0.0,0.0,139.2
629,2025-04-18,North,Office,474,2,160.0,24.0,0.0,92.8
630,2025-05-19,North,Home,402,2,160.0,8.0,0.0,92.8
631,2025-03-10,South,Technology,29,3,135.0,20.25,0.0,78.3
632,2025-11-01,West,Home,75,4,480.0,0.0,0.0,278.4
633,2025-08-04,North,Office,194,3,360.0,54.0,0.0,208.8
634,2025-11-25,West,Home,282,3,360.0,54.0,0.0,208.8
635,2025-01-03,South,Office,111,2,160.0,24.0,0.0,92.8
636,2025-07-07,East,Office,479,4,180.0,9.0,0.0,104.4
637,2025-06-27,West,Technology,341,5,125.0,18.75,0.0,72.5
638,2025-12-14,North,Office,89,1,80.0,12.0,0.0,46.4
639,2025-08-24,North,Technology,49,4,100.0,15.0,0.0,58.0
640,2025-10-12,North,Office,372,5,125.0,18.75,0.0,72.5
641,2025-09-26,East,Office,266,3,135.0,6.75,0.0,78.3
642,2025-01-16,West,Home,450,3,75.0,3.75,0.0,43.5
643,2025-03-09,North,Office,426,2,160.0,8.0,0.0,92.8
644,2025-12-19,West,Technology,252,2,240.0,12.0,0.0,139.2
645,2025-02-20,West,Office,44,3,360.0,18.0,0.0,208.8
646,2025-04-08,South,Office,429,2,160.0,0.0,0.0,92.8
647,2025-01-02,North,Home,249,1,80.0,12.0,0.0,46.4
648,2025-12-22,West,Office,169,2,50.0,2.5,0.0,29.0
649,2025-10-14,South,Home,497,1,120.0,18.0,0.0,69.6
650,2025-08-14,North,Technology,443,3,135.0,20.25,0.0,78.3
651,2025-08-10,South,Technology,304,4,180.0,27.0,0.0,104.4
652,2025-03-20,East,Home,392,4,180.0,9.0,0.0,104.4
653,2025-10-23,East,Home,477,5,125.0,6.25,0.0,72.5
654,2025-12-21,North,Home,237,3,360.0,54.0,0.0,208.8
655,2025-02-22,East,Technology,30,4,100.0,15.0,85.0,58.0
656,2025-04-22,West,Home,359,4,100.0,15.0,85.0,58.0
657,2025-01-10,South,Home,420,1,120.0,6.0,0.0,69.6
658,2025-03-15,North,Technology,329,5,125.0,0.0,0.0,72.5
659,2025-05-06,East,Home,278,4,480.0,24.0,0.0,278.4
660,2025-11-21,West,Home,321,1,45.0,2.25,42.75,26.1
661,2025-01-31,West,Home,312,1,120.0,6.0,114.0,69.6
662,2025-01-29,East,Technology,283,1,45.0,2.25,0.0,26.1
663,2025-12-01,West,Technology,34,1,25.0,0.0,0.0,14.5
664,2025-12-18,West,Home,382,4,180.0,9.0,171.0,104.4
665,2025-08-24,South,Home,143,4,180.0,27.0,0.0,104.4
666,2025-12-07,South,Technology,45,1,45.0,2.25,0.0,26.1
667,2025-09-26,East,Home,304,1,120.0,18.0,0.0,69.6
668,2025-02-12,South,Technology,342,5,225.0,11.25,0.0,130.5
669,2025-05-31,East,Home,110,2,50.0,0.0,0.0,29.0
670,2025-12-27,West,Home,218,5,225.0,0.0,0.0,130.5
671,2025-11-07,East,Office,412,5,400.0,60.0,0.0,232.0
672,2025-02-16,East,Technology,344,1,25.0,0.0,0.0,14.5
673,2025-03-30,West,Technology,312,5,600.0,90.0,0.0,348.0
674,2025-05-23,South,Office,86,2,50.0,2.5,0.0,29.0
675,2025-12-18,East,Office,499,3,240.0,12.0,0.0,139.2
676,2025-05-11,East,Home,72,3,240.0,0.0,0.0,139.2
677,2025-11-27,East,Technology,188,4,320.0,16.0,0.0,185.6
678,2025-08-03,North,Home,202,5,225.0,33.75,0.0,130.5
679,2025-09-22,North,Office,428,1,45.0,0.0,0.0,26.1
680,2025-08-22,South,Technology,350,1,45.0,6.75,0.0,26.1
681,2025-01-02,North,Office,380,3,360.0,0.0,0.0,208.8
682,2025-03-04,East,Technology,207,1,80.0,0.0,0.0,46.4
683,2025-06-01,South,Technology,442,3,135.0,20.25,0.0,78.3
684,2025-04-11,East,Technology,235,4,320.0,48.0,0.0,185.6
685,2025-03-21,South,Office,385,1,45.0,2.25,0.0,26.1
686,2025-12-01,North,Technology,36,2,240.0,0.0,0.0,139.2
687,2025-09-23,South,Home,456,5,125.0,0.0,0.0,72.5
688,2025-02-08,South,Home,143,4,320.0,16.0,0.0,185.6
689,2025-03-25,East,Office,90,2,90.0,0.0,0.0,52.2
690,2025-09-25,West,Technology,184,2,240.0,12.0,0.0,139.2
691,2025-08-21,East,Technology,314,4,100.0,15.0,0.0,58.0
692,2025-01-09,West,Home,287,5,600.0,0.0,0.0,348.0
693,2025-11-28,South,Home,312,3,360.0,18.0,0.0,208.8
694,2025-05-12,West,Technology,151,4,100.0,5.0,0.0,58.0
695,2025-02-06,North,Home,144,5,225.0,11.25,0.0,130.5
696,2025-12-23,East,Technology,279,5,225.0,11.25,0.0,130.5
697,2025-10-30,West,Office,196,5,600.0,0.0,0.0,348.0
698,2025-04-06,West,Home,175,2,240.0,0.0,0.0,139.2
699,2025-01-11,North,Home,26,3,75.0,3.75,0.0,43.5
700,2025-03-26,East,Home,138,1,45.0,6.75,0.0,26.1
701,2025-01-06,West,Home,426,5,225.0,11.25,213.75,130.5
702,2025-01-28,East,Office,449,2,240.0,12.0,0.0,139.2
703,2025-07-24,South,Home,24,5,225.0,33.75,191.25,130.5
704,2025-10-01,South,Technology,152,2,90.0,13.5,0.0,52.2
705,2025-11-04,East,Office,66,5,225.0,0.0,0.0,130.5
706,2025-08-11,North,Office,297,2,90.0,0.0,90.0,52.2
707,2025-07-11,North,Office,456,2,240.0,12.0,0.0,139.2
708,2025-02-06,North,Office,25,3,135.0,20.25,0.0,78.3
709,2025-06-25,North,Home,354,4,320.0,16.0,0.0,185.6
710,2025-12-18,West,Office,101,1,25.0,0.0,0.0,14.5
711,2025-02-12,South,Home,298,1,80.0,0.0,0.0,46.4
712,2025-07-21,South,Technology,243,4,320.0,0.0,0.0,185.6
713,2025-10-09,East,Home,400,5,225.0,11.25,0.0,130.5
714,2025-06-24,East,Office,224,3,360.0,54.0,0.0,208.8
715,2025-02-25,North,Home,27,4,480.0,0.0,480.0,278.4
716,2025-07-17,East,Office,428,1,80.0,0.0,0.0,46.4
717,2025-11-18,North,Office,274,2,240.0,36.0,0.0,139.2
718,2025-01-24,North,Office,425,1,80.0,4.0,0.0,46.4
719,2025-07-17,South,Technology,287,5,400.0,60.0,0.0,232.0
720,2025-12-12,North,Technology,377,1,80.0,12.0,0.0,46.4
721,2025-07-20,East,Office,102,3,240.0,36.0,0.0,139.2
722,2025-08-09,West,Office,123,2,90.0,0.0,0.0,52.2
723,2025-02-02,South,Technology,118,2,160.0,8.0,0.0,92.8
724,2025-09-24,North,Home,133,4,100.0,0.0,100.0,58.0
725,2025-01-12,North,Home,190,3,135.0,0.0,0.0,78.3
726,2025-05-12,South,Technology,21,1,120.0,6.0,0.0,69.6
727,2025-02-04,West,Home,375,2,50.0,0.0,0.0,29.0
728,2025-09-07,West,Technology,34,4,320.0,0.0,0.0,185.6
729,2025-06-04,South,Technology,335,3,360.0,0.0,0.0,208.8
730,2025-07-27,North,Home,180,2,50.0,0.0,0.0,29.0
731,2025-01-17,West,Home,40,2,90.0,13.5,0.0,52.2
732,2025-01-07,South,Office,402,2,160.0,0.0,0.0,92.8
733,2025-06-17,West,Technology,432,5,400.0,60.0,0.0,232.0
734,2025-01-10,West,Technology,266,4,320.0,48.0,0.0,185.6
735,2025-09-11,South,Home,72,5,600.0,30.0,0.0,348.0
736,2025-09-18,West,Technology,157,3,240.0,12.0,0.0,139.2
737,2025-08-05,North,Technology,22,5,125.0,0.0,0.0,72.5
738,2025-01-31,West,Home,460,4,180.0,27.0,153.0,104.4
739,2025-05-13,North,Home,143,4,100.0,0.0,0.0,58.0
740,2025-12-28,West,Technology,139,4,180.0,0.0,0.0,104.4
741,2025-09-09,East,Home,14,2,240.0,36.0,0.0,139.2
742,2025-10-02,West,Technology,368,5,225.0,33.75,0.0,130.5
743,2025-10-19,East,Home,300,1,120.0,6.0,0.0,69.6
744,2025-09-30,South,Home,475,3,240.0,0.0,0.0,139.2
745,2025-01-09,North,Home,323,3,75.0,0.0,0.0,43.5
746,2025-07-29,South,Technology,474,5,400.0,20.0,0.0,232.0
747,2025-06-28,North,Home,215,4,180.0,9.0,0.0,104.4
748,2025-06-06,North,Home,97,3,240.0,0.0,0.0,139.2
749,2025-06-02,South,Technology,387,3,240.0,36.0,0.0,139.2
750,2025-02-04,West,Office,355,5,400.0,60.0,340.0,232.0
751,2025-02-02,South,Office,466,3,75.0,0.0,0.0,43.5
752,2025-04-01,East,Home,6,5,225.0,0.0,0.0,130.5
753,2025-09-18,East,Home,456,2,240.0,36.0,0.0,139.2
754,2025-08-13,East,Office,272,5,125.0,0.0,0.0,72.5
755,2025-06-22,East,Home,310,2,50.0,0.0,0.0,29.0
756,2025-08-14,North,Home,169,1,25.0,3.75,0.0,14.5
757,2025-03-26,South,Office,342,3,240.0,0.0,0.0,139.2
758,2025-02-08,East,Technology,106,5,400.0,20.0,380.0,232.0
759,2025-03-15,East,Office,316,4,480.0,24.0,0.0,278.4
760,2025-09-18,East,Technology,112,3,75.0,3.75,0.0,43.5
761,2025-10-05,West,Office,497,4,100.0,15.0,0.0,58.0
762,2025-03-31,North,Technology,376,5,400.0,0.0,0.0,232.0
763,2025-05-30,South,Home,32,3,240.0,0.0,0.0,139.2
764,2025-02-17,East,Home,38,4,180.0,27.0,0.0,104.4
765,2025-03-19,West,Office,434,2,240.0,12.0,0.0,139.2
766,2025-07-24,East,Technology,274,5,400.0,0.0,0.0,232.0
767,2025-09-02,West,Technology,141,1,45.0,6.75,0.0,26.1
768,2025-03-02,North,Technology,471,2,160.0,0.0,0.0,92.8
769,2025-09-03,West,Office,408,3,240.0,12.0,0.0,139.2
770,2025-10-22,West,Office,475,2,240.0,0.0,0.0,139.2
771,2025-07-17,South,Home,265,4,100.0,0.0,0.0,58.0
772,2025-04-04,West,Office,227,1,80.0,0.0,0.0,46.4
773,2025-09-24,West,Office,118,3,135.0,0.0,135.0,78.3
774,2025-03-26,West,Technology,330,3,135.0,0.0,0.0,78.3
775,2025-03-04,West,Home,394,2,90.0,13.5,0.0,52.2
776,2025-11-24,West,Office,338,5,600.0,90.0,0.0,348.0
777,2025-11-29,North,Home,266,1,45.0,6.75,0.0,26.1
778,2025-10-19,South,Technology,76,2,50.0,2.5,0.0,29.0
779,2025-02-25,South,Technology,71,4,320.0,16.0,0.0,185.6
780,2025-07-24,South,Home,165,5,225.0,0.0,0.0,130.5
781,2025-09-05,South,Office,404,3,135.0,20.25,0.0,78.3
782,2025-03-03,East,Home,243,2,240.0,12.0,0.0,139.2
783,2025-06-24,North,Technology,373,1,80.0,4.0,0.0,46.4
784,2025-03-04,East,Technology,67,3,135.0,0.0,0.0,78.3
785,2025-02-24,North,Technology,475,5,125.0,18.75,0.0,72.5
786,2025-05-02,South,Technology,161,5,225.0,33.75,0.0,130.5
787,2025-05-09,North,Technology,28,4,320.0,0.0,0.0,185.6
788,2025-03-08,East,Technology,403,5,400.0,60.0,0.0,232.0
789,2025-10-18,West,Home,193,2,90.0,0.0,0.0,52.2
790,2025-02-13,West,Home,456,1,45.0,2.25,0.0,26.1
791,2025-01-15,East,Technology,68,5,225.0,0.0,0.0,130.5
792,2025-03-29,East,Office,197,4,100.0,5.0,0.0,58.0
793,2025-03-27,North,Office,76,5,125.0,0.0,0.0,72.5
794,2025-07-03,West,Technology,285,4,100.0,15.0,0.0,58.0
795,2025-07-03,West,Office,400,1,25.0,0.0,0.0,14.5
796,2025-10-01,East,Technology,247,4,480.0,0.0,0.0,278.4
797,2025-03-25,South,Office,424,5,600.0,30.0,0.0,348.0
798,2025-08-09,North,Office,150,4,320.0,0.0,0.0,185.6
799,2025-07-05,North,Home,211,3,240.0,12.0,0.0,139.2
800,2025-10-07,West,Technology,247,2,240.0,36.0,0.0,139.2
801,2025-01-05,South,Office,19,4,180.0,9.0,0.0,104.4
802,2025-07-23,East,Home,20,5,600.0,0.0,0.0,348.0
803,2025-07-05,South,Office,447,5,600.0,0.0,0.0,348.0
804,2025-11-28,South,Technology,339,5,125.0,18.75,0.0,72.5
805,2025-12-15,South,Office,197,4,480.0,72.0,0.0,278.4
806,2025-11-30,East,Home,38,2,160.0,8.0,0.0,92.8
807,2025-08-15,East,Technology,160,5,400.0,0.0,0.0,232.0
808,2025-12-17,East,Home,477,3,240.0,12.0,0.0,139.2
809,2025-11-09,East,Home,187,5,400.0,60.0,0.0,232.0
810,2025-06-17,South,Home,436,2,160.0,0.0,0.0,92.8
811,2025-05-31,West,Home,178,3,240.0,0.0,0.0,139.2
812,2025-06-28,South,Technology,401,1,120.0,0.0,0.0,69.6
813,2025-10-20,West,Home,222,5,225.0,11.25,0.0,130.5
814,2025-12-30,North,Home,245,1,25.0,3.75,0.0,14.5
815,2025-09-27,East,Technology,337,4,320.0,16.0,0.0,185.6
816,2025-12-04,East,Home,7,5,400.0,20.0,0.0,232.0
817,2025-05-24,North,Technology,99,2,90.0,4.5,0.0,52.2
818,2025-03-06,East,Technology,27,4,180.0,9.0,0.0,104.4
819,2025-05-19,North,Office,224,4,480.0,24.0,0.0,278.4
820,2025-05-11,South,Technology,252,2,90.0,0.0,0.0,52.2
821,2025-11-18,East,Office,235,2,50.0,0.0,50.0,29.0
822,2025-04-25,North,Technology,360,1,25.0,3.75,0.0,14.5
823,2025-07-20,South,Technology,298,4,100.0,0.0,0.0,58.0
824,2025-10-19,North,Office,433,1,80.0,4.0,0.0,46.4
825,2025-06-03,East,Office,28,2,240.0,12.0,0.0,139.2
826,2025-10-10,West,Home,128,3,360.0,54.0,0.0,208.8
827,2025-11-14,South,Office,383,3,135.0,0.0,0.0,78.3
828,2025-11-28,West,Home,135,1,25.0,0.0,0.0,14.5
829,2025-07-26,West,Technology,200,1,45.0,6.75,0.0,26.1
830,2025-07-06,East,Office,144,4,180.0,27.0,0.0,104.4
831,2025-12-12,South,Home,104,3,75.0,11.25,0.0,43.5
832,2025-08-22,South,Home,271,2,90.0,4.5,0.0,52.2
833,2025-08-08,South,Home,162,3,240.0,12.0,0.0,139.2
834,2025-04-29,South,Office,184,4,180.0,9.0,0.0,104.4
835,2025-04-03,South,Technology,351,4,480.0,72.0,0.0,278.4
836,2025-05-28,North,Home,348,1,45.0,2.25,0.0,26.1
837,2025-02-26,West,Home,182,5,125.0,18.75,0.0,72.5
838,2025-08-06,North,Office,357,5,225.0,11.25,0.0,130.5
839,2025-08-29,South,Office,304,5,400.0,0.0,0.0,232.0
840,2025-09-24,North,Office,163,5,125.0,18.75,0.0,72.5
841,2025-06-02,North,Technology,216,3,360.0,54.0,0.0,208.8
842,2025-03-16,West,Office,384,2,240.0,36.0,0.0,139.2
843,2025-05-27,West,Technology,429,2,90.0,13.5,0.0,52.2
844,2025-06-08,East,Technology,70,5,400.0,60.0,0.0,232.0
845,2025-08-24,South,Office,165,2,90.0,13.5,0.0,52.2
846,2025-03-18,West,Office,289,5,125.0,18.75,0.0,72.5
847,2025-12-28,West,Home,337,2,160.0,0.0,0.0,92.8
848,2025-06-20,South,Technology,231,2,240.0,36.0,0.0,139.2
849,2025-01-02,North,Technology,45,4,480.0,0.0,0.0,278.4
850,2025-04-25,North,Home,126,1,80.0,0.0,0.0,46.4
851,2025-12-21,North,Office,441,3,360.0,54.0,0.0,208.8
852,2025-03-05,West,Home,439,1,25.0,0.0,0.0,14.5
853,2025-06-21,East,Home,396,4,320.0,0.0,0.0,185.6
854,2025-10-04,North,Technology,404,3,75.0,0.0,0.0,43.5
855,2025-09-04,South,Home,45,4,320.0,0.0,0.0,185.6
856,2025-06-21,North,Home,287,3,75.0,11.25,0.0,43.5
857,2025-12-14,North,Office,361,1,80.0,4.0,76.0,46.4
858,2025-07-25,North,Technology,55,2,50.0,2.5,0.0,29.0
859,2025-06-24,West,Office,436,4,180.0,27.0,0.0,104.4
860,2025-08-19,East,Technology,108,2,240.0,0.0,0.0,139.2
861,2025-01-12,West,Office,461,2,160.0,0.0,160.0,92.8
862,2025-07-19,East,Office,211,1,45.0,2.25,0.0,26.1
863,2025-05-19,East,Technology,364,2,240.0,12.0,0.0,139.2
864,2025-03-24,East,Home,63,1,120.0,0.0,120.0,69.6
865,2025-03-05,West,Technology,180,2,240.0,12.0,0.0,139.2
866,2025-07-02,North,Home,23,4,480.0,24.0,456.0,278.4
867,2025-04-27,West,Technology,89,3,75.0,11.25,63.75,43.5
868,2025-06-03,South,Home,311,2,90.0,0.0,0.0,52.2
869,2025-01-22,West,Technology,214,4,480.0,24.0,0.0,278.4
870,2025-10-04,North,Office,466,1,80.0,4.0,0.0,46.4
871,2025-11-24,East,Technology,223,1,80.0,0.0,0.0,46.4
872,2025-09-28,East,Home,289,1,25.0,1.25,0.0,14.5
873,2025-02-18,North,Technology,496,1,120.0,0.0,0.0,69.6
874,2025-07-05,South,Home,84,2,160.0,8.0,0.0,92.8
875,2025-05-01,North,Home,460,3,360.0,18.0,0.0,208.8
876,2025-12-29,West,Home,416,5,225.0,11.25,0.0,130.5
877,2025-12-31,East,Office,130,1,45.0,0.0,0.0,26.1
878,2025-05-06,North,Home,275,1,80.0,12.0,0.0,46.4
879,2025-05-01,South,Technology,125,4,180.0,9.0,0.0,104.4
880,2025-09-01,East,Home,247,3,240.0,36.0,0.0,139.2
881,2025-12-17,South,Technology,181,5,600.0,90.0,0.0,348.0
882,2025-05-19,South,Office,224,5,400.0,0.0,0.0,232.0
883,2025-11-01,East,Technology,214,2,160.0,8.0,0.0,92.8
884,2025-07-10,North,Home,108,1,25.0,0.0,0.0,14.5
885,2025-03-01,East,Office,76,5,125.0,18.75,0.0,72.5
886,2025-10-17,South,Office,287,1,25.0,0.0,0.0,14.5
887,2025-12-20,North,Office,354,2,50.0,0.0,0.0,29.0
888,2025-07-05,West,Home,51,3,135.0,20.25,0.0,78.3
889,2025-11-02,West,Technology,435,5,400.0,0.0,0.0,232.0
890,2025-07-27,West,Home,296,3,75.0,3.75,0.0,43.5
891,2025-04-14,South,Office,138,4,480.0,72.0,0.0,278.4
892,2025-11-09,South,Technology,35,4,320.0,0.0,0.0,185.6
893,2025-07-29,East,Technology,435,3,75.0,11.25,0.0,43.5
894,2025-09-04,South,Home,86,2,50.0,7.5,0.0,29.0
895,2025-08-25,East,Office,220,4,100.0,15.0,0.0,58.0
896,2025-01-29,South,Office,89,3,75.0,11.25,0.0,43.5
897,2025-06-23,South,Home,102,1,120.0,6.0,0.0,69.6
898,2025-05-31,West,Home,487,3,240.0,12.0,0.0,139.2
899,2025-05-18,North,Home,202,5,225.0,11.25,0.0,130.5
900,2025-04-08,North,Technology,385,2,240.0,12.0,0.0,139.2
901,2025-02-27,North,Office,170,1,25.0,3.75,0.0,14.5
902,2025-10-01,East,Technology,192,4,180.0,0.0,0.0,104.4
903,2025-07-17,West,Office,199,1,45.0,2.25,0.0,26.1
904,2025-10-22,North,Technology,199,3,135.0,0.0,0.0,78.3
905,2025-06-17,South,Technology,56,5,400.0,60.0,0.0,232.0
906,2025-04-30,North,Technology,352,1,80.0,4.0,0.0,46.4
907,2025-04-01,East,Technology,226,2,240.0,0.0,0.0,139.2
908,2025-06-20,North,Technology,443,2,160.0,8.0,0.0,92.8
909,2025-10-24,East,Technology,248,1,25.0,3.75,0.0,14.5
910,2025-11-17,North,Technology,9,1,80.0,0.0,0.0,46.4
911,2025-02-27,North,Home,28,5,400.0,0.0,0.0,232.0
912,2025-09-05,East,Home,83,2,50.0,0.0,0.0,29.0
913,2025-11-02,South,Office,95,3,75.0,0.0,0.0,43.5
914,2025-11-02,East,Technology,403,5,400.0,60.0,0.0,232.0
915,2025-01-22,East,Home,171,4,480.0,0.0,0.0,278.4
916,2025-07-11,West,Home,394,3,240.0,36.0,0.0,139.2
917,2025-04-28,East,Home,248,2,90.0,4.5,0.0,52.2
918,2025-09-07,West,Technology,466,3,240.0,12.0,0.0,139.2
919,2025-06-01,East,Technology,266,5,225.0,33.75,0.0,130.5
920,2025-12-24,West,Office,44,1,25.0,1.25,0.0,14.5
921,2025-12-02,East,Technology,251,5,125.0,0.0,0.0,72.5
922,2025-04-25,West,Home,280,4,480.0,72.0,0.0,278.4
923,2025-10-09,East,Office,321,3,75.0,11.25,0.0,43.5
924,2025-10-01,West,Office,189,4,100.0,5.0,0.0,58.0
925,2025-08-24,South,Home,259,1,80.0,12.0,0.0,46.4
926,2025-08-31,West,Technology,447,3,135.0,20.25,0.0,78.3
927,2025-06-14,South,Home,303,5,125.0,6.25,0.0,72.5
928,2025-09-16,North,Technology,382,5,125.0,6.25,0.0,72.5
929,2025-01-09,South,Office,128,5,400.0,20.0,0.0,232.0
930,2025-08-17,East,Home,68,5,125.0,0.0,0.0,72.5
931,2025-06-17,South,Home,21,3,135.0,6.75,0.0,78.3
932,2025-08-02,South,Home,393,2,50.0,0.0,0.0,29.0
933,2025-12-25,North,Office,219,2,240.0,0.0,0.0,139.2
934,2025-07-07,West,Office,359,1,80.0,12.0,0.0,46.4
935,2025-03-05,South,Home,414,2,160.0,24.0,0.0,92.8
936,2025-09-16,West,Office,99,1,25.0,1.25,0.0,14.5
937,2025-12-01,North,Technology,404,1,80.0,4.0,0.0,46.4
938,2025-12-13,North,Home,383,1,80.0,4.0,0.0,46.4
939,2025-11-27,East,Office,90,3,360.0,54.0,0.0,208.8
940,2025-12-08,West,Technology,100,5,400.0,20.0,0.0,232.0
941,2025-03-12,South,Technology,356,4,320.0,0.0,0.0,185.6
942,2025-06-02,South,Technology,44,5,225.0,0.0,0.0,130.5
943,2025-11-25,South,Technology,244,4,180.0,9.0,171.0,104.4
944,2025-12-11,North,Home,98,2,50.0,2.5,0.0,29.0
945,2025-09-03,North,Technology,356,5,125.0,18.75,0.0,72.5
946,2025-10-25,East,Technology,158,5,125.0,6.25,0.0,72.5
947,2025-08-11,West,Home,261,2,160.0,24.0,0.0,92.8
948,2025-01-30,North,Home,126,1,25.0,1.25,0.0,14.5
949,2025-05-17,East,Home,471,4,180.0,9.0,0.0,104.4
950,2025-04-17,West,Office,395,2,50.0,2.5,0.0,29.0
951,2025-06-03,South,Technology,376,5,400.0,20.0,380.0,232.0
952,2025-11-05,South,Office,212,4,180.0,9.0,0.0,104.4
953,2025-02-02,North,Home,93,5,125.0,0.0,0.0,72.5
954,2025-01-23,West,Home,367,1,45.0,6.75,0.0,26.1
955,2025-05-21,South,Home,443,5,600.0,90.0,0.0,348.0
956,2025-07-15,North,Home,450,2,50.0,7.5,42.5,29.0
957,2025-04-02,North,Office,163,2,50.0,0.0,0.0,29.0
958,2025-03-02,West,Office,184,4,100.0,0.0,0.0,58.0
959,2025-05-14,East,Technology,202,3,135.0,20.25,114.75,78.3
960,2025-02-23,West,Home,339,4,480.0,0.0,0.0,278.4
961,2025-12-02,East,Technology,96,4,180.0,9.0,0.0,104.4
962,2025-06-26,South,Technology,59,3,135.0,20.25,0.0,78.3
963,2025-05-18,West,Home,59,1,120.0,6.0,0.0,69.6
964,2025-08-19,South,Home,337,1,120.0,18.0,0.0,69.6
965,2025-06-06,North,Technology,144,5,125.0,18.75,0.0,72.5
966,2025-11-18,East,Office,192,2,90.0,0.0,0.0,52.2
967,2025-10-03,West,Office,364,1,45.0,6.75,0.0,26.1
968,2025-12-22,East,Home,480,4,480.0,24.0,0.0,278.4
969,2025-04-11,East,Technology,344,2,160.0,0.0,0.0,92.8
970,2025-12-08,West,Office,400,5,600.0,90.0,0.0,348.0
971,2025-12-16,North,Home,438,2,90.0,0.0,0.0,52.2
972,2025-06-05,West,Technology,415,1,45.0,6.75,0.0,26.1
973,2025-05-26,South,Office,491,5,600.0,30.0,0.0,348.0
974,2025-01-12,West,Home,189,5,225.0,33.75,0.0,130.5
975,2025-05-08,South,Technology,189,4,480.0,72.0,0.0,278.4
976,2025-02-19,South,Office,449,5,225.0,0.0,0.0,130.5
977,2025-02-27,West,Technology,441,5,400.0,0.0,0.0,232.0
978,2025-02-20,West,Office,64,3,135.0,0.0,0.0,78.3
979,2025-11-01,West,Home,144,1,45.0,0.0,0.0,26.1
980,2025-11-08,North,Office,105,1,120.0,6.0,0.0,69.6
981,2025-01-10,South,Office,313,3,360.0,54.0,0.0,208.8
982,2025-06-12,East,Technology,476,3,135.0,6.75,0.0,78.3
983,2025-10-30,West,Technology,192,2,50.0,2.5,0.0,29.0
984,2025-04-03,South,Office,48,2,90.0,0.0,0.0,52.2
985,2025-07-27,South,Technology,78,3,135.0,0.0,0.0,78.3
986,2025-07-17,West,Office,148,2,50.0,0.0,0.0,29.0
987,2025-03-27,West,Office,92,3,360.0,18.0,342.0,208.8
988,2025-06-10,East,Office,122,4,180.0,9.0,0.0,104.4
989,2025-03-27,South,Home,216,1,25.0,3.75,0.0,14.5
990,2025-11-19,South,Technology,89,2,90.0,13.5,0.0,52.2
991,2025-05-16,South,Home,229,2,90.0,0.0,0.0,52.2
992,2025-01-04,North,Office,179,3,75.0,11.25,0.0,43.5
993,2025-05-23,North,Home,174,3,135.0,20.25,0.0,78.3
994,2025-05-08,South,Home,279,4,320.0,48.0,0.0,185.6
995,2025-03-17,North,Home,400,2,90.0,13.5,0.0,52.2
996,2025-12-22,North,Home,482,5,600.0,30.0,570.0,348.0
997,2025-08-02,East,Technology,225,1,80.0,12.0,0.0,46.4
998,2025-07-10,South,Office,3,4,320.0,16.0,0.0,185.6
999,2025-02-14,West,Technology,275,4,180.0,27.0,0.0,104.4
1000,2025-08-10,East,Home,358,3,360.0,54.0,0.0,208.8
1001,2025-08-25,East,Technology,383,1,25.0,3.75,0.0,14.5
1002,2025-08-07,North,Technology,353,4,100.0,5.0,0.0,58.0
1003,2025-04-22,West,Home,479,4,480.0,72.0,0.0,278.4
1004,2025-07-22,West,Office,298,3,360.0,18.0,0.0,208.8
1005,2025-03-01,West,Technology,1,2,90.0,13.5,0.0,52.2
1006,2025-05-14,North,Office,260,4,320.0,16.0,0.0,185.6
1007,2025-11-07,East,Technology,479,1,45.0,2.25,0.0,26.1
1008,2025-11-21,South,Office,262,1,120.0,0.0,0.0,69.6
1009,2025-01-23,East,Home,384,4,180.0,27.0,0.0,104.4
1010,2025-12-30,East,Technology,351,4,180.0,9.0,0.0,104.4
1011,2025-12-18,East,Office,414,1,120.0,6.0,0.0,69.6
1012,2025-01-30,East,Technology,339,2,90.0,4.5,0.0,52.2
1013,2025-02-21,East,Home,372,4,180.0,9.0,0.0,104.4
1014,2025-09-09,North,Home,51,4,480.0,24.0,0.0,278.4
1015,2025-04-06,South,Home,213,3,135.0,20.25,0.0,78.3
1016,2025-08-29,South,Home,295,4,100.0,15.0,0.0,58.0
1017,2025-11-30,South,Home,296,3,135.0,20.25,0.0,78.3
1018,2025-07-02,North,Home,377,2,90.0,4.5,0.0,52.2
1019,2025-07-04,East,Office,142,5,225.0,0.0,0.0,130.5
1020,2025-07-30,East,Technology,17,2,90.0,4.5,0.0,52.2
1021,2025-02-02,North,Home,269,4,180.0,0.0,0.0,104.4
1022,2025-07-18,West,Technology,137,5,400.0,0.0,0.0,232.0
1023,2025-11-03,West,Office,221,4,320.0,16.0,0.0,185.6
1024,2025-03-18,North,Office,378,4,480.0,24.0,0.0,278.4
1025,2025-05-08,South,Office,452,4,100.0,0.0,0.0,58.0
1026,2025-01-15,South,Technology,9,1,80.0,0.0,0.0,46.4
1027,2025-02-28,West,Home,186,4,180.0,27.0,0.0,104.4
1028,2025-01-26,North,Technology,457,5,125.0,6.25,0.0,72.5
1029,2025-03-19,East,Technology,316,3,360.0,0.0,0.0,208.8
1030,2025-07-13,North,Home,132,5,125.0,0.0,125.0,72.5
1031,2025-04-02,South,Home,190,2,90.0,0.0,0.0,52.2
1032,2025-07-13,South,Technology,382,2,90.0,4.5,0.0,52.2
1033,2025-12-05,North,Home,231,2,90.0,0.0,0.0,52.2
1034,2025-07-23,East,Home,249,5,225.0,11.25,0.0,130.5
1035,2025-04-17,North,Office,468,4,100.0,5.0,0.0,58.0
1036,2025-07-04,West,Technology,452,2,240.0,0.0,0.0,139.2
1037,2025-02-05,West,Technology,449,4,480.0,0.0,0.0,278.4
1038,2025-11-14,North,Home,500,3,135.0,20.25,0.0,78.3
1039,2025-07-11,South,Technology,252,5,125.0,18.75,0.0,72.5
1040,2025-11-03,West,Home,71,5,400.0,20.0,0.0,232.0
1041,2025-08-03,East,Office,254,1,45.0,6.75,0.0,26.1
1042,2025-09-15,East,Home,441,3,135.0,0.0,0.0,78.3
1043,2025-05-23,West,Office,4,5,225.0,33.75,0.0,130.5
1044,2025-06-19,West,Technology,141,1,80.0,0.0,80.0,46.4
1045,2025-10-23,East,Home,296,2,90.0,13.5,0.0,52.2
1046,2025-06-08,West,Technology,400,3,360.0,18.0,0.0,208.8
1047,2025-04-29,East,Technology,380,3,75.0,11.25,0.0,43.5
1048,2025-01-15,West,Office,69,2,50.0,7.5,0.0,29.0
1049,2025-05-08,West,Home,104,3,240.0,36.0,204.0,139.2
1050,2025-02-25,South,Technology,46,5,400.0,20.0,0.0,232.0
1051,2025-10-08,West,Office,256,3,135.0,20.25,114.75,78.3
1052,2025-07-27,North,Technology,354,5,225.0,11.25,0.0,130.5
1053,2025-10-12,North,Technology,220,4,180.0,0.0,0.0,104.4
1054,2025-11-23,East,Office,449,4,180.0,0.0,0.0,104.4
1055,2025-07-27,North,Technology,226,2,90.0,4.5,0.0,52.2
1056,2025-03-25,West,Office,223,1,120.0,6.0,0.0,69.6
1057,2025-10-25,East,Home,21,4,100.0,15.0,0.0,58.0
1058,2025-08-01,South,Office,216,5,600.0,30.0,0.0,348.0
1059,2025-10-18,East,Technology,427,3,135.0,0.0,0.0,78.3
1060,2025-04-28,North,Office,40,5,225.0,11.25,0.0,130.5
1061,2025-06-26,East,Office,310,5,125.0,18.75,0.0,72.5
1062,2025-06-21,South,Home,79,1,80.0,0.0,0.0,46.4
1063,2025-04-21,North,Home,4,3,135.0,6.75,128.25,78.3
1064,2025-02-03,North,Home,207,3,135.0,6.75,0.0,78.3
1065,2025-10-09,East,Home,334,2,160.0,8.0,152.0,92.8
1066,2025-05-24,West,Office,410,2,90.0,0.0,0.0,52.2
1067,2025-02-18,South,Technology,367,3,75.0,11.25,0.0,43.5
1068,2025-08-21,East,Technology,190,5,400.0,60.0,0.0,232.0
1069,2025-07-22,North,Technology,393,2,160.0,24.0,0.0,92.8
1070,2025-08-11,East,Technology,239,4,320.0,0.0,0.0,185.6
1071,2025-06-22,West,Home,213,1,45.0,2.25,0.0,26.1
1072,2025-02-19,North,Office,195,1,25.0,1.25,0.0,14.5
1073,2025-03-30,West,Home,82,2,90.0,13.5,0.0,52.2
1074,2025-02-12,West,Home,320,1,80.0,4.0,0.0,46.4
1075,2025-09-30,West,Technology,365,3,360.0,18.0,0.0,208.8
1076,2025-08-26,North,Technology,5,2,90.0,13.5,0.0,52.2
1077,2025-05-11,North,Office,395,2,50.0,7.5,0.0,29.0
1078,2025-07-11,East,Home,118,5,600.0,0.0,0.0,348.0
1079,2025-09-10,South,Office,153,3,360.0,54.0,0.0,208.8
1080,2025-02-10,North,Home,429,3,240.0,0.0,0.0,139.2
1081,2025-11-22,North,Technology,330,5,600.0,30.0,0.0,348.0
1082,2025-06-17,West,Technology,47,1,45.0,6.75,0.0,26.1
1083,2025-08-26,West,Technology,255,4,320.0,48.0,272.0,185.6
1084,2025-05-12,East,Office,410,2,160.0,24.0,0.0,92.8
1085,2025-01-25,East,Office,360,1,80.0,12.0,0.0,46.4
1086,2025-10-31,North,Home,174,5,400.0,20.0,0.0,232.0
1087,2025-10-15,North,Home,259,3,360.0,0.0,0.0,208.8
1088,2025-03-10,North,Technology,59,4,480.0,24.0,0.0,278.4
1089,2025-11-23,East,Home,462,2,50.0,2.5,0.0,29.0
1090,2025-08-08,East,Technology,366,5,125.0,6.25,0.0,72.5
1091,2025-09-01,West,Office,36,2,160.0,24.0,0.0,92.8
1092,2025-01-27,South,Home,37,1,120.0,0.0,0.0,69.6
1093,2025-04-01,West,Office,262,3,75.0,11.25,0.0,43.5
1094,2025-07-22,West,Technology,72,5,400.0,20.0,0.0,232.0
1095,2025-11-30,South,Home,140,5,600.0,90.0,0.0,348.0
1096,2025-01-23,South,Home,211,4,320.0,48.0,0.0,185.6
1097,2025-12-17,West,Technology,278,3,135.0,20.25,0.0,78.3
1098,2025-11-02,South,Technology,418,5,600.0,30.0,0.0,348.0
1099,2025-12-13,North,Technology,470,4,100.0,0.0,0.0,58.0
1100,2025-05-08,North,Technology,168,2,90.0,13.5,0.0,52.2
1101,2025-01-02,North,Technology,412,4,180.0,9.0,0.0,104.4
1102,2025-03-14,South,Home,57,1,120.0,6.0,0.0,69.6
1103,2025-05-09,South,Office,490,3,135.0,20.25,0.0,78.3
1104,2025-03-27,West,Office,286,3,240.0,36.0,0.0,139.2
1105,2025-03-11,North,Technology,500,5,600.0,90.0,0.0,348.0
1106,2025-04-19,West,Home,44,4,320.0,48.0,0.0,185.6
1107,2025-12-25,South,Technology,449,3,135.0,20.25,0.0,78.3
1108,2025-05-06,South,Office,232,2,160.0,8.0,0.0,92.8
1109,2025-10-24,East,Office,226,4,320.0,48.0,0.0,185.6
1110,2025-06-22,West,Home,334,4,480.0,24.0,0.0,278.4
1111,2025-04-28,West,Office,261,5,400.0,0.0,0.0,232.0
1112,2025-07-09,East,Technology,163,2,90.0,13.5,0.0,52.2
1113,2025-11-02,East,Home,203,5,225.0,33.75,0.0,130.5
1114,2025-02-27,South,Technology,164,3,135.0,20.25,0.0,78.3
1115,2025-05-11,North,Office,467,2,240.0,12.0,0.0,139.2
1116,2025-10-13,East,Home,330,3,75.0,3.75,0.0,43.5
1117,2025-12-02,West,Technology,187,2,240.0,0.0,0.0,139.2
1118,2025-02-10,East,Technology,340,3,360.0,18.0,0.0,208.8
1119,2025-07-31,North,Office,193,4,480.0,0.0,0.0,278.4
1120,2025-12-15,South,Technology,117,4,180.0,0.0,0.0,104.4
1121,2025-12-19,West,Technology,491,3,75.0,11.25,0.0,43.5
1122,2025-01-12,North,Technology,215,1,45.0,0.0,0.0,26.1
1123,2025-02-01,North,Home,438,5,125.0,6.25,0.0,72.5
1124,2025-03-10,West,Home,272,4,320.0,0.0,0.0,185.6
1125,2025-01-03,North,Office,67,2,50.0,0.0,0.0,29.0
1126,2025-08-26,North,Technology,268,4,180.0,27.0,0.0,104.4
1127,2025-09-25,North,Technology,437,3,75.0,11.25,0.0,43.5
1128,2025-06-16,North,Home,333,4,320.0,16.0,0.0,185.6
1129,2025-06-08,West,Home,407,1,80.0,4.0,0.0,46.4
1130,2025-06-22,North,Technology,103,2,160.0,24.0,0.0,92.8
1131,2025-08-17,South,Office,20,4,320.0,48.0,0.0,185.6
1132,2025-09-29,South,Office,38,1,80.0,4.0,0.0,46.4
1133,2025-05-12,South,Technology,337,4,320.0,0.0,0.0,185.6
1134,2025-05-05,South,Office,153,2,240.0,0.0,0.0,139.2
1135,2025-08-20,West,Technology,241,4,100.0,5.0,0.0,58.0
1136,2025-11-17,East,Home,89,3,135.0,6.75,0.0,78.3
1137,2025-01-12,East,Home,416,2,50.0,2.5,0.0,29.0
1138,2025-09-19,South,Office,152,5,225.0,0.0,0.0,130.5
1139,2025-01-02,East,Technology,349,2,50.0,2.5,0.0,29.0
1140,2025-08-03,South,Home,206,5,600.0,0.0,0.0,348.0
1141,2025-03-04,South,Technology,14,4,320.0,0.0,0.0,185.6
1142,2025-01-02,East,Technology,395,3,360.0,18.0,0.0,208.8
1143,2025-08-12,South,Home,65,4,320.0,0.0,0.0,185.6
1144,2025-03-18,North,Technology,86,2,50.0,0.0,0.0,29.0
1145,2025-05-30,North,Technology,428,2,90.0,0.0,0.0,52.2
1146,2025-11-28,North,Office,84,4,100.0,15.0,0.0,58.0
1147,2025-07-07,South,Office,193,5,225.0,0.0,225.0,130.5
1148,2025-06-23,North,Office,105,1,25.0,3.75,0.0,14.5
1149,2025-07-19,East,Home,423,1,45.0,0.0,0.0,26.1
1150,2025-05-23,North,Office,107,4,320.0,0.0,0.0,185.6
1151,2025-08-16,West,Technology,441,4,480.0,0.0,0.0,278.4
1152,2025-04-09,East,Office,215,1,120.0,18.0,0.0,69.6
1153,2025-04-01,North,Office,99,1,45.0,6.75,0.0,26.1
1154,2025-12-31,East,Home,317,5,600.0,30.0,0.0,348.0
1155,2025-09-29,East,Technology,406,4,480.0,0.0,0.0,278.4
1156,2025-02-22,North,Technology,54,4,320.0,0.0,320.0,185.6
1157,2025-08-03,West,Technology,454,3,360.0,18.0,0.0,208.8
1158,2025-09-20,East,Technology,492,1,120.0,18.0,0.0,69.6
1159,2025-03-07,East,Office,192,2,240.0,0.0,0.0,139.2
1160,2025-10-23,North,Technology,480,1,45.0,6.75,0.0,26.1
1161,2025-01-14,West,Office,18,3,360.0,18.0,0.0,208.8
1162,2025-04-13,East,Office,412,4,480.0,24.0,0.0,278.4
1163,2025-10-17,South,Technology,394,2,50.0,0.0,0.0,29.0
1164,2025-08-03,North,Office,481,2,50.0,0.0,0.0,29.0
1165,2025-08-23,South,Technology,464,1,45.0,6.75,0.0,26.1
1166,2025-10-13,South,Office,222,3,75.0,11.25,0.0,43.5
1167,2025-11-30,West,Office,456,2,240.0,12.0,0.0,139.2
1168,2025-04-21,North,Technology,322,3,360.0,18.0,0.0,208.8
1169,2025-11-20,North,Office,151,5,225.0,0.0,0.0,130.5
1170,2025-02-10,West,Home,422,3,360.0,0.0,0.0,208.8
1171,2025-06-10,South,Technology,384,1,120.0,18.0,0.0,69.6
1172,2025-03-14,North,Technology,103,3,75.0,11.25,0.0,43.5
1173,2025-01-09,North,Technology,370,1,25.0,0.0,0.0,14.5
1174,2025-10-07,North,Technology,218,1,25.0,0.0,0.0,14.5
1175,2025-11-25,West,Office,499,2,240.0,12.0,0.0,139.2
1176,2025-09-11,South,Home,333,3,360.0,0.0,360.0,208.8
1177,2025-01-08,West,Home,199,2,90.0,4.5,0.0,52.2
1178,2025-10-23,North,Home,99,5,400.0,20.0,0.0,232.0
1179,2025-02-17,West,Technology,323,4,100.0,15.0,0.0,58.0
1180,2025-04-03,East,Home,236,2,240.0,12.0,0.0,139.2
1181,2025-09-30,West,Technology,468,3,135.0,20.25,0.0,78.3
1182,2025-11-19,East,Office,251,5,400.0,20.0,0.0,232.0
1183,2025-07-09,West,Home,306,2,240.0,0.0,0.0,139.2
1184,2025-03-23,South,Technology,311,5,600.0,0.0,600.0,348.0
1185,2025-09-02,South,Technology,436,3,360.0,18.0,0.0,208.8
1186,2025-05-15,North,Home,206,3,240.0,0.0,0.0,139.2
1187,2025-10-13,South,Office,486,1,80.0,12.0,0.0,46.4
1188,2025-11-20,East,Technology,377,1,80.0,4.0,0.0,46.4
1189,2025-01-06,South,Office,348,4,320.0,48.0,0.0,185.6
1190,2025-10-31,South,Home,426,5,225.0,11.25,0.0,130.5
1191,2025-08-19,East,Technology,230,3,240.0,0.0,0.0,139.2
1192,2025-06-09,South,Office,17,4,180.0,0.0,0.0,104.4
1193,2025-04-09,East,Home,313,2,50.0,2.5,0.0,29.0
1194,2025-09-21,West,Technology,313,1,25.0,3.75,0.0,14.5
1195,2025-03-17,West,Home,202,2,160.0,0.0,0.0,92.8
1196,2025-04-02,South,Office,246,5,600.0,30.0,0.0,348.0
1197,2025-08-04,North,Office,443,3,240.0,36.0,0.0,139.2
1198,2025-01-28,East,Technology,418,5,600.0,30.0,0.0,348.0
1199,2025-03-24,East,Office,180,4,320.0,0.0,0.0,185.6
1200,2025-07-03,West,Home,140,1,45.0,0.0,45.0,26.1
1201,2025-07-12,South,Office,441,5,225.0,11.25,0.0,130.5
1202,2025-08-03,West,Office,300,1,120.0,18.0,0.0,69.6
1203,2025-11-15,South,Office,468,4,320.0,48.0,272.0,185.6
1204,2025-08-18,East,Office,79,4,480.0,0.0,0.0,278.4
1205,2025-03-05,West,Technology,20,4,180.0,27.0,153.0,104.4
1206,2025-10-09,East,Home,225,4,480.0,24.0,0.0,278.4
1207,2025-02-18,East,Technology,212,5,125.0,0.0,0.0,72.5
1208,2025-02-08,North,Office,24,2,90.0,4.5,0.0,52.2
1209,2025-07-31,East,Office,50,3,360.0,0.0,0.0,208.8
1210,2025-10-17,North,Technology,200,2,50.0,0.0,0.0,29.0
1211,2025-01-23,South,Technology,194,5,600.0,90.0,510.0,348.0
1212,2025-11-03,East,Office,405,5,400.0,60.0,0.0,232.0
1213,2025-09-10,South,Technology,404,2,160.0,24.0,0.0,92.8
1214,2025-01-31,North,Home,152,3,135.0,6.75,128.25,78.3
1215,2025-10-30,North,Technology,77,3,75.0,3.75,0.0,43.5
1216,2025-09-11,North,Home,214,4,320.0,16.0,0.0,185.6
1217,2025-07-29,East,Home,474,4,480.0,24.0,0.0,278.4
1218,2025-01-12,East,Technology,266,5,125.0,18.75,0.0,72.5
1219,2025-03-20,North,Office,14,2,90.0,0.0,0.0,52.2
1220,2025-05-28,East,Home,386,3,240.0,12.0,0.0,139.2
1221,2025-11-12,West,Home,230,2,160.0,8.0,0.0,92.8
1222,2025-07-25,North,Home,32,5,125.0,18.75,0.0,72.5
1223,2025-12-23,North,Home,154,2,90.0,0.0,0.0,52.2
1224,2025-09-01,North,Office,229,4,180.0,27.0,0.0,104.4
1225,2025-04-23,South,Technology,408,5,600.0,90.0,0.0,348.0
1226,2025-05-07,South,Home,454,2,50.0,7.5,0.0,29.0
1227,2025-01-06,South,Office,141,5,225.0,0.0,0.0,130.5
1228,2025-03-22,West,Office,191,5,400.0,0.0,0.0,232.0
1229,2025-05-31,South,Office,97,2,90.0,13.5,0.0,52.2
1230,2025-02-23,South,Office,222,3,135.0,6.75,0.0,78.3
1231,2025-09-11,South,Technology,418,2,50.0,7.5,0.0,29.0
1232,2025-07-24,East,Home,485,4,100.0,15.0,0.0,58.0
1233,2025-05-26,North,Home,483,3,240.0,12.0,0.0,139.2
1234,2025-02-28,South,Office,8,4,180.0,27.0,0.0,104.4
1235,2025-04-24,East,Office,110,3,360.0,0.0,0.0,208.8
1236,2025-04-28,North,Home,471,5,125.0,6.25,0.0,72.5
1237,2025-03-07,South,Office,159,2,240.0,36.0,0.0,139.2
1238,2025-07-16,North,Technology,467,3,360.0,54.0,0.0,208.8
1239,2025-07-29,South,Office,118,1,25.0,0.0,0.0,14.5
1240,2025-10-28,South,Office,21,3,240.0,36.0,0.0,139.2
1241,2025-01-15,East,Home,92,2,90.0,4.5,0.0,52.2
1242,2025-07-21,East,Office,354,2,90.0,4.5,0.0,52.2
1243,2025-07-19,North,Technology,135,1,25.0,1.25,0.0,14.5
1244,2025-09-02,North,Home,482,4,480.0,0.0,0.0,278.4
1245,2025-09-12,East,Home,202,4,100.0,15.0,85.0,58.0
1246,2025-08-26,South,Technology,39,2,90.0,0.0,0.0,52.2
1247,2025-08-09,East,Office,217,4,100.0,0.0,0.0,58.0
1248,2025-04-18,West,Home,260,4,480.0,24.0,0.0,278.4
1249,2025-01-12,East,Home,265,1,25.0,1.25,0.0,14.5
1250,2025-04-22,South,Office,253,4,100.0,5.0,0.0,58.0
1251,2025-08-08,East,Office,285,1,45.0,6.75,0.0,26.1
1252,2025-11-07,South,Home,253,5,125.0,0.0,0.0,72.5
1253,2025-03-23,West,Technology,170,3,240.0,36.0,0.0,139.2
1254,2025-05-20,North,Home,468,5,125.0,6.25,0.0,72.5
1255,2025-11-06,East,Technology,271,3,135.0,6.75,0.0,78.3
1256,2025-06-05,West,Office,274,2,90.0,13.5,0.0,52.2
1257,2025-10-20,North,Office,241,5,400.0,0.0,0.0,232.0
1258,2025-06-28,East,Office,473,2,240.0,0.0,0.0,139.2
1259,2025-10-22,North,Technology,399,5,400.0,0.0,0.0,232.0
1260,2025-10-30,North,Technology,140,3,135.0,0.0,0.0,78.3
1261,2025-08-08,South,Office,330,1,25.0,1.25,0.0,14.5
1262,2025-09-09,South,Technology,210,3,240.0,36.0,0.0,139.2
1263,2025-03-14,South,Technology,112,3,75.0,3.75,0.0,43.5
1264,2025-10-16,East,Home,475,2,50.0,0.0,50.0,29.0
1265,2025-05-09,South,Technology,434,5,225.0,11.25,0.0,130.5
1266,2025-03-17,South,Office,358,3,135.0,0.0,0.0,78.3
1267,2025-08-07,West,Office,158,1,120.0,6.0,0.0,69.6
1268,2025-02-27,West,Technology,363,1,45.0,2.25,0.0,26.1
1269,2025-08-31,West,Office,62,1,25.0,1.25,23.75,14.5
1270,2025-02-12,North,Technology,106,4,180.0,9.0,0.0,104.4
1271,2025-01-25,South,Home,365,4,180.0,27.0,0.0,104.4
1272,2025-11-10,West,Office,301,1,25.0,3.75,0.0,14.5
1273,2025-07-19,West,Technology,67,3,360.0,54.0,0.0,208.8
1274,2025-06-05,North,Technology,341,2,160.0,8.0,0.0,92.8
1275,2025-05-15,West,Office,418,2,240.0,12.0,0.0,139.2
1276,2025-06-25,North,Home,216,1,25.0,1.25,0.0,14.5
1277,2025-10-06,East,Home,397,5,125.0,6.25,0.0,72.5
1278,2025-03-05,West,Office,494,1,45.0,2.25,0.0,26.1
1279,2025-12-18,East,Home,500,3,360.0,18.0,0.0,208.8
1280,2025-11-17,East,Technology,497,4,320.0,48.0,0.0,185.6
1281,2025-06-24,South,Technology,354,4,320.0,0.0,0.0,185.6
1282,2025-03-28,South,Office,382,4,320.0,48.0,0.0,185.6
1283,2025-01-10,West,Office,422,5,125.0,6.25,0.0,72.5
1284,2025-10-24,North,Home,272,2,240.0,0.0,0.0,139.2
1285,2025-05-23,East,Home,101,2,160.0,24.0,0.0,92.8
1286,2025-04-01,South,Technology,152,1,120.0,6.0,0.0,69.6
1287,2025-04-08,South,Home,262,5,125.0,18.75,0.0,72.5
1288,2025-01-11,West,Technology,244,4,320.0,48.0,0.0,185.6
1289,2025-03-20,West,Technology,416,5,225.0,33.75,0.0,130.5
1290,2025-11-19,West,Technology,257,4,480.0,0.0,0.0,278.4
1291,2025-05-28,North,Office,5,3,240.0,12.0,0.0,139.2
1292,2025-12-28,South,Office,203,4,320.0,16.0,0.0,185.6
1293,2025-02-19,West,Technology,405,1,120.0,0.0,0.0,69.6
1294,2025-02-07,North,Office,265,5,400.0,0.0,0.0,232.0
1295,2025-09-23,South,Technology,130,2,90.0,13.5,0.0,52.2
1296,2025-07-23,South,Technology,485,4,100.0,15.0,0.0,58.0
1297,2025-08-14,West,Technology,68,5,225.0,33.75,0.0,130.5
1298,2025-02-12,West,Office,443,2,90.0,13.5,0.0,52.2
1299,2025-03-25,East,Technology,496,3,360.0,0.0,0.0,208.8
1300,2025-07-14,West,Technology,460,1,25.0,1.25,0.0,14.5
1301,2025-04-01,West,Home,204,4,320.0,0.0,0.0,185.6
1302,2025-03-23,North,Technology,499,3,135.0,20.25,0.0,78.3
1303,2025-11-30,West,Technology,181,1,45.0,6.75,0.0,26.1
1304,2025-01-11,West,Technology,130,3,360.0,54.0,0.0,208.8
1305,2025-11-20,North,Office,116,4,320.0,16.0,0.0,185.6
1306,2025-09-18,West,Technology,220,3,360.0,54.0,0.0,208.8
1307,2025-09-08,South,Office,130,5,400.0,0.0,0.0,232.0
1308,2025-08-14,West,Office,181,2,90.0,0.0,0.0,52.2
1309,2025-10-16,South,Home,466,4,100.0,15.0,0.0,58.0
1310,2025-06-22,South,Office,220,5,400.0,20.0,0.0,232.0
1311,2025-02-16,East,Technology,143,2,160.0,8.0,152.0,92.8
1312,2025-03-07,South,Technology,326,4,320.0,0.0,0.0,185.6
1313,2025-03-24,West,Office,469,4,320.0,16.0,0.0,185.6
1314,2025-09-29,East,Home,438,2,240.0,0.0,0.0,139.2
1315,2025-02-20,East,Technology,431,4,180.0,0.0,0.0,104.4
1316,2025-03-27,West,Home,247,5,225.0,11.25,0.0,130.5
1317,2025-02-08,South,Technology,237,1,120.0,0.0,0.0,69.6
1318,2025-10-18,North,Technology,17,2,160.0,0.0,0.0,92.8
1319,2025-10-01,North,Home,26,1,45.0,2.25,0.0,26.1
1320,2025-09-19,North,Office,95,4,100.0,0.0,0.0,58.0
1321,2025-02-10,West,Home,241,2,90.0,4.5,0.0,52.2
1322,2025-07-05,South,Home,264,5,400.0,60.0,0.0,232.0
1323,2025-06-10,North,Technology,425,1,25.0,3.75,0.0,14.5
1324,2025-05-10,East,Technology,485,3,135.0,0.0,0.0,78.3
1325,2025-04-09,North,Office,472,4,320.0,0.0,0.0,185.6
1326,2025-06-06,West,Office,459,3,75.0,3.75,71.25,43.5
1327,2025-07-15,North,Home,136,1,45.0,6.75,0.0,26.1
1328,2025-06-20,West,Home,11,3,240.0,0.0,0.0,139.2
1329,2025-10-07,East,Technology,148,5,600.0,0.0,0.0,348.0
1330,2025-05-15,South,Office,144,1,80.0,0.0,0.0,46.4
1331,2025-09-28,North,Home,477,4,480.0,72.0,0.0,278.4
1332,2025-05-18,West,Home,59,5,225.0,33.75,0.0,130.5
1333,2025-04-03,South,Office,27,5,125.0,6.25,0.0,72.5
1334,2025-08-07,East,Technology,64,5,225.0,33.75,0.0,130.5
1335,2025-11-19,East,Home,79,1,25.0,3.75,0.0,14.5
1336,2025-11-30,North,Technology,410,3,360.0,18.0,0.0,208.8
1337,2025-07-07,North,Home,382,3,75.0,0.0,0.0,43.5
1338,2025-11-02,West,Home,288,2,240.0,12.0,0.0,139.2
1339,2025-02-22,West,Office,237,1,120.0,6.0,0.0,69.6
1340,2025-08-23,West,Technology,326,2,160.0,8.0,0.0,92.8
1341,2025-04-10,West,Technology,287,1,80.0,12.0,68.0,46.4
1342,2025-11-14,South,Office,175,3,135.0,20.25,0.0,78.3
1343,2025-05-15,West,Office,156,5,400.0,20.0,0.0,232.0
1344,2025-02-13,North,Home,191,2,240.0,12.0,0.0,139.2
1345,2025-03-01,West,Technology,87,1,45.0,6.75,38.25,26.1
1346,2025-12-14,West,Technology,460,4,480.0,24.0,0.0,278.4
1347,2025-12-31,East,Office,484,1,25.0,1.25,0.0,14.5
1348,2025-01-31,West,Technology,288,5,600.0,90.0,0.0,348.0
1349,2025-09-20,South,Technology,13,4,320.0,48.0,0.0,185.6
1350,2025-11-30,East,Technology,98,4,480.0,0.0,0.0,278.4
1351,2025-08-25,West,Home,38,1,120.0,0.0,0.0,69.6
1352,2025-11-19,North,Home,8,4,320.0,0.0,0.0,185.6
1353,2025-04-13,East,Home,204,5,400.0,0.0,0.0,232.0
1354,2025-02-09,East,Technology,455,1,80.0,0.0,0.0,46.4
1355,2025-05-23,North,Home,19,5,225.0,11.25,0.0,130.5
1356,2025-01-09,South,Office,216,5,225.0,11.25,0.0,130.5
1357,2025-08-10,East,Office,224,3,135.0,0.0,0.0,78.3
1358,2025-08-15,East,Technology,311,3,135.0,20.25,0.0,78.3
1359,2025-11-13,West,Technology,305,2,240.0,12.0,0.0,139.2
1360,2025-11-19,East,Office,157,3,360.0,18.0,0.0,208.8
1361,2025-04-01,South,Home,223,3,75.0,0.0,0.0,43.5
1362,2025-01-23,North,Office,402,2,90.0,4.5,0.0,52.2
1363,2025-07-09,East,Office,207,4,320.0,0.0,0.0,185.6
1364,2025-03-20,South,Home,438,5,125.0,18.75,0.0,72.5
1365,2025-04-06,East,Home,24,3,360.0,54.0,0.0,208.8
1366,2025-03-28,East,Technology,89,5,600.0,30.0,0.0,348.0
1367,2025-07-25,East,Office,198,1,25.0,3.75,0.0,14.5
1368,2025-08-24,West,Office,80,3,360.0,54.0,0.0,208.8
1369,2025-11-04,West,Home,238,1,25.0,3.75,0.0,14.5
1370,2025-01-22,East,Home,459,5,600.0,0.0,0.0,348.0
1371,2025-10-24,South,Technology,31,5,600.0,90.0,0.0,348.0
1372,2025-01-13,East,Technology,470,1,80.0,12.0,0.0,46.4
1373,2025-10-24,North,Home,157,5,400.0,0.0,0.0,232.0
1374,2025-11-02,West,Technology,406,5,225.0,0.0,0.0,130.5
1375,2025-08-08,West,Home,173,4,480.0,0.0,0.0,278.4
1376,2025-02-01,West,Office,99,2,240.0,12.0,0.0,139.2
1377,2025-04-06,West,Office,225,1,25.0,3.75,0.0,14.5
1378,2025-12-15,North,Office,32,2,50.0,7.5,0.0,29.0
1379,2025-04-04,North,Technology,92,5,225.0,11.25,0.0,130.5
1380,2025-08-03,North,Technology,52,2,90.0,13.5,0.0,52.2
1381,2025-03-06,West,Home,469,5,225.0,11.25,0.0,130.5
1382,2025-11-19,North,Technology,278,4,180.0,0.0,0.0,104.4
1383,2025-05-26,East,Technology,377,3,135.0,6.75,0.0,78.3
1384,2025-10-31,East,Home,122,3,240.0,12.0,0.0,139.2
1385,2025-01-31,South,Technology,455,1,120.0,18.0,0.0,69.6
1386,2025-10-07,East,Office,41,2,90.0,0.0,0.0,52.2
1387,2025-11-13,North,Home,272,4,320.0,48.0,0.0,185.6
1388,2025-10-23,North,Home,196,5,125.0,0.0,0.0,72.5
1389,2025-07-08,North,Office,42,1,25.0,3.75,0.0,14.5
1390,2025-01-10,West,Technology,76,1,80.0,0.0,0.0,46.4
1391,2025-04-18,South,Home,103,3,360.0,18.0,0.0,208.8
1392,2025-01-15,South,Home,385,2,160.0,8.0,0.0,92.8
1393,2025-12-25,South,Office,155,5,400.0,60.0,0.0,232.0
1394,2025-05-18,East,Home,228,2,90.0,13.5,0.0,52.2
1395,2025-12-04,North,Office,200,5,125.0,0.0,0.0,72.5
1396,2025-11-21,North,Office,99,3,135.0,6.75,0.0,78.3
1397,2025-10-12,East,Technology,445,5,600.0,30.0,0.0,348.0
1398,2025-05-20,South,Office,394,2,240.0,36.0,0.0,139.2
1399,2025-02-20,East,Office,453,2,160.0,24.0,0.0,92.8
1400,2025-10-25,East,Home,159,1,120.0,6.0,0.0,69.6
1401,2025-09-26,East,Office,264,3,240.0,0.0,0.0,139.2
1402,2025-06-13,West,Technology,122,1,80.0,0.0,0.0,46.4
1403,2025-11-02,North,Technology,43,2,50.0,0.0,0.0,29.0
1404,2025-01-26,North,Office,341,4,100.0,0.0,0.0,58.0
1405,2025-07-30,North,Office,32,4,320.0,16.0,0.0,185.6
1406,2025-12-20,East,Home,85,1,25.0,0.0,0.0,14.5
1407,2025-05-20,East,Technology,253,3,135.0,20.25,0.0,78.3
1408,2025-09-05,East,Technology,312,5,125.0,0.0,125.0,72.5
1409,2025-01-20,South,Technology,500,2,240.0,36.0,0.0,139.2
1410,2025-02-20,East,Home,193,4,100.0,0.0,100.0,58.0
1411,2025-12-24,North,Office,156,4,180.0,0.0,0.0,104.4
1412,2025-12-22,North,Technology,475,4,320.0,0.0,0.0,185.6
1413,2025-06-16,North,Technology,140,5,600.0,0.0,600.0,348.0
1414,2025-02-12,West,Technology,171,1,120.0,0.0,0.0,69.6
1415,2025-06-19,North,Office,473,2,50.0,0.0,0.0,29.0
1416,2025-02-08,South,Home,334,3,240.0,0.0,0.0,139.2
1417,2025-04-14,West,Office,71,3,240.0,0.0,0.0,139.2
1418,2025-03-17,East,Office,20,1,120.0,18.0,0.0,69.6
1419,2025-08-08,East,Home,418,1,80.0,0.0,0.0,46.4
1420,2025-08-24,North,Office,104,1,120.0,18.0,0.0,69.6
1421,2025-04-01,North,Home,429,4,320.0,16.0,0.0,185.6
1422,2025-06-14,West,Office,209,1,45.0,0.0,0.0,26.1
1423,2025-01-16,West,Technology,344,5,600.0,30.0,0.0,348.0
1424,2025-01-09,West,Home,44,2,240.0,12.0,0.0,139.2
1425,2025-11-26,West,Home,145,4,180.0,0.0,0.0,104.4
1426,2025-05-06,West,Office,429,5,225.0,33.75,0.0,130.5
1427,2025-08-23,South,Home,212,3,135.0,20.25,0.0,78.3
1428,2025-01-14,East,Home,355,4,100.0,15.0,0.0,58.0
1429,2025-11-27,West,Technology,393,2,90.0,13.5,0.0,52.2
1430,2025-04-07,North,Technology,117,4,480.0,0.0,0.0,278.4
1431,2025-03-19,East,Office,52,2,160.0,8.0,0.0,92.8
1432,2025-09-25,South,Home,173,4,180.0,27.0,0.0,104.4
1433,2025-05-31,South,Office,387,3,240.0,36.0,0.0,139.2
1434,2025-09-21,East,Office,40,2,50.0,7.5,0.0,29.0
1435,2025-12-19,South,Technology,131,2,240.0,12.0,0.0,139.2
1436,2025-09-22,East,Technology,446,1,120.0,18.0,0.0,69.6
1437,2025-10-26,East,Technology,195,1,25.0,3.75,0.0,14.5
1438,2025-09-18,East,Home,300,3,135.0,6.75,0.0,78.3
1439,2025-01-03,West,Office,435,4,480.0,72.0,0.0,278.4
1440,2025-12-01,West,Technology,29,4,180.0,0.0,0.0,104.4
1441,2025-05-31,West,Technology,470,4,480.0,24.0,0.0,278.4
1442,2025-08-13,West,Technology,412,3,360.0,0.0,0.0,208.8
1443,2025-02-20,West,Home,94,4,180.0,27.0,153.0,104.4
1444,2025-10-25,South,Office,210,3,135.0,6.75,0.0,78.3
1445,2025-06-26,West,Home,231,3,75.0,11.25,63.75,43.5
1446,2025-07-27,West,Home,328,2,160.0,0.0,0.0,92.8
1447,2025-08-02,South,Home,328,5,400.0,20.0,0.0,232.0
1448,2025-04-24,South,Technology,184,3,135.0,6.75,0.0,78.3
1449,2025-09-08,North,Home,133,3,240.0,12.0,0.0,139.2
1450,2025-11-28,West,Office,406,2,50.0,2.5,0.0,29.0
1451,2025-09-26,West,Technology,430,4,320.0,0.0,0.0,185.6
1452,2025-06-20,West,Home,478,1,120.0,18.0,0.0,69.6
1453,2025-08-29,West,Home,311,3,75.0,0.0,0.0,43.5
1454,2025-11-13,West,Home,10,4,480.0,24.0,0.0,278.4
1455,2025-11-14,East,Home,408,5,225.0,33.75,0.0,130.5
1456,2025-03-02,South,Home,358,1,120.0,6.0,0.0,69.6
1457,2025-09-07,East,Home,214,4,100.0,0.0,0.0,58.0
1458,2025-08-02,North,Office,187,5,125.0,6.25,0.0,72.5
1459,2025-03-01,East,Office,84,4,180.0,0.0,0.0,104.4
1460,2025-04-13,South,Technology,392,1,80.0,4.0,0.0,46.4
1461,2025-09-25,East,Office,351,1,80.0,12.0,0.0,46.4
1462,2025-04-02,North,Technology,372,1,120.0,0.0,0.0,69.6
1463,2025-03-04,West,Home,39,2,90.0,13.5,0.0,52.2
1464,2025-11-10,North,Home,58,5,600.0,30.0,0.0,348.0
1465,2025-06-21,West,Home,490,5,400.0,60.0,0.0,232.0
1466,2025-07-01,South,Home,101,5,225.0,33.75,0.0,130.5
1467,2025-10-23,South,Technology,324,5,125.0,6.25,0.0,72.5
1468,2025-12-26,West,Office,55,4,320.0,16.0,0.0,185.6
1469,2025-05-30,South,Home,478,5,400.0,60.0,340.0,232.0
1470,2025-09-02,South,Office,440,1,25.0,1.25,0.0,14.5
1471,2025-04-28,West,Office,369,5,400.0,20.0,0.0,232.0
1472,2025-11-08,North,Home,48,5,600.0,30.0,0.0,348.0
1473,2025-07-12,South,Office,239,1,120.0,18.0,0.0,69.6
1474,2025-01-24,East,Home,411,3,360.0,54.0,0.0,208.8
1475,2025-02-13,South,Office,52,3,135.0,20.25,0.0,78.3
1476,2025-10-17,South,Office,473,1,80.0,0.0,0.0,46.4
1477,2025-09-22,East,Home,116,1,25.0,0.0,0.0,14.5
1478,2025-03-06,East,Home,425,1,120.0,0.0,0.0,69.6
1479,2025-10-11,North,Technology,288,4,180.0,27.0,0.0,104.4
1480,2025-03-22,East,Home,328,4,480.0,72.0,0.0,278.4
1481,2025-09-08,West,Technology,231,2,50.0,2.5,0.0,29.0
1482,2025-03-07,North,Technology,371,2,240.0,12.0,0.0,139.2
1483,2025-10-02,North,Home,316,5,125.0,0.0,0.0,72.5
1484,2025-12-11,West,Home,25,2,240.0,12.0,0.0,139.2
1485,2025-10-12,South,Office,142,4,180.0,0.0,0.0,104.4
1486,2025-04-03,North,Office,472,5,225.0,33.75,0.0,130.5
1487,2025-01-20,East,Technology,197,4,180.0,0.0,0.0,104.4
1488,2025-02-12,East,Home,72,3,75.0,3.75,0.0,43.5
1489,2025-05-31,East,Office,126,1,45.0,0.0,0.0,26.1
1490,2025-02-23,West,Office,117,1,45.0,2.25,0.0,26.1
1491,2025-01-08,West,Technology,276,1,45.0,0.0,45.0,26.1
1492,2025-04-01,South,Office,345,5,600.0,90.0,0.0,348.0
1493,2025-09-13,South,Technology,223,2,160.0,24.0,0.0,92.8
1494,2025-09-04,South,Office,488,4,180.0,0.0,0.0,104.4
1495,2025-06-17,South,Technology,269,5,600.0,0.0,0.0,348.0
1496,2025-10-27,East,Technology,71,5,600.0,30.0,0.0,348.0
1497,2025-02-21,South,Office,285,1,120.0,6.0,0.0,69.6
1498,2025-11-09,West,Technology,39,5,600.0,90.0,0.0,348.0
1499,2025-02-16,West,Home,38,2,90.0,0.0,0.0,52.2
1500,2025-12-22,West,Office,183,4,180.0,9.0,0.0,104.4
1501,2025-11-27,East,Technology,1,2,160.0,8.0,0.0,92.8
1502,2025-01-24,South,Home,242,2,240.0,0.0,0.0,139.2
1503,2025-03-02,West,Technology,33,1,45.0,0.0,0.0,26.1
1504,2025-12-30,South,Home,119,4,320.0,0.0,0.0,185.6
1505,2025-05-12,East,Home,344,1,45.0,6.75,0.0,26.1
1506,2025-03-24,East,Office,205,1,25.0,3.75,0.0,14.5
1507,2025-03-16,East,Office,328,1,25.0,1.25,0.0,14.5
1508,2025-03-06,North,Office,10,1,80.0,0.0,0.0,46.4
1509,2025-11-30,South,Office,6,5,600.0,0.0,0.0,348.0
1510,2025-09-16,West,Office,110,3,75.0,0.0,0.0,43.5
1511,2025-05-15,East,Office,38,1,80.0,4.0,76.0,46.4
1512,2025-03-30,South,Office,242,3,240.0,0.0,0.0,139.2
1513,2025-03-19,North,Office,179,4,320.0,48.0,0.0,185.6
1514,2025-04-01,South,Office,177,2,160.0,0.0,0.0,92.8
1515,2025-06-14,West,Technology,352,3,135.0,6.75,0.0,78.3
1516,2025-11-01,West,Office,34,1,25.0,3.75,0.0,14.5
1517,2025-04-25,West,Technology,111,2,90.0,4.5,0.0,52.2
1518,2025-08-25,South,Home,448,1,25.0,1.25,0.0,14.5
1519,2025-01-09,North,Technology,461,5,400.0,60.0,0.0,232.0
1520,2025-06-01,South,Technology,60,1,120.0,18.0,0.0,69.6
1521,2025-07-20,South,Technology,74,3,360.0,0.0,0.0,208.8
1522,2025-07-26,South,Home,293,4,180.0,0.0,0.0,104.4
1523,2025-10-30,North,Technology,168,4,480.0,72.0,0.0,278.4
1524,2025-10-23,West,Home,84,4,100.0,5.0,0.0,58.0
1525,2025-01-07,West,Office,264,1,45.0,6.75,0.0,26.1
1526,2025-08-28,West,Technology,18,1,80.0,4.0,0.0,46.4
1527,2025-09-10,East,Home,207,5,400.0,20.0,0.0,232.0
1528,2025-06-22,West,Home,302,1,80.0,12.0,0.0,46.4
1529,2025-03-02,South,Technology,259,5,600.0,30.0,0.0,348.0
1530,2025-04-21,West,Office,389,2,50.0,0.0,0.0,29.0
1531,2025-06-01,West,Technology,95,1,80.0,0.0,0.0,46.4
1532,2025-10-30,East,Technology,200,3,360.0,0.0,0.0,208.8
1533,2025-08-28,North,Technology,44,5,600.0,30.0,0.0,348.0
1534,2025-12-27,North,Home,112,3,360.0,18.0,0.0,208.8
1535,2025-11-15,West,Technology,193,1,25.0,0.0,0.0,14.5
1536,2025-07-12,West,Technology,255,5,400.0,0.0,0.0,232.0
1537,2025-08-14,East,Office,175,3,135.0,0.0,0.0,78.3
1538,2025-06-11,South,Technology,331,3,360.0,0.0,0.0,208.8
1539,2025-07-15,South,Technology,395,4,100.0,15.0,0.0,58.0
1540,2025-03-09,North,Office,122,2,90.0,4.5,0.0,52.2
1541,2025-10-02,South,Home,464,3,360.0,0.0,0.0,208.8
1542,2025-12-16,South,Office,376,4,320.0,48.0,0.0,185.6
1543,2025-12-06,West,Home,347,2,160.0,0.0,0.0,92.8
1544,2025-09-09,West,Technology,338,4,180.0,27.0,0.0,104.4
1545,2025-09-16,North,Technology,320,3,240.0,0.0,240.0,139.2
1546,2025-03-13,South,Office,4,5,600.0,90.0,0.0,348.0
1547,2025-04-06,East,Technology,364,2,160.0,8.0,0.0,92.8
1548,2025-01-10,East,Home,182,3,135.0,6.75,0.0,78.3
1549,2025-08-28,East,Home,49,2,240.0,36.0,0.0,139.2
1550,2025-05-22,West,Home,455,5,125.0,0.0,0.0,72.5
1551,2025-12-29,East,Office,390,2,50.0,2.5,0.0,29.0
1552,2025-07-30,East,Technology,256,2,240.0,36.0,0.0,139.2
1553,2025-10-10,West,Technology,309,4,480.0,0.0,0.0,278.4
1554,2025-10-09,North,Home,156,1,120.0,6.0,0.0,69.6
1555,2025-10-18,West,Home,232,2,240.0,0.0,0.0,139.2
1556,2025-11-08,South,Technology,363,2,50.0,0.0,0.0,29.0
1557,2025-11-30,South,Home,347,3,240.0,36.0,0.0,139.2
1558,2025-08-01,West,Technology,270,1,120.0,0.0,0.0,69.6
1559,2025-12-17,East,Home,173,2,90.0,0.0,0.0,52.2
1560,2025-09-04,East,Office,333,3,135.0,0.0,0.0,78.3
1561,2025-06-14,East,Technology,247,1,120.0,0.0,0.0,69.6
1562,2025-08-19,South,Technology,144,5,125.0,6.25,0.0,72.5
1563,2025-01-12,South,Technology,92,1,80.0,0.0,0.0,46.4
1564,2025-04-05,East,Technology,94,4,320.0,48.0,0.0,185.6
1565,2025-06-17,South,Office,356,2,50.0,2.5,0.0,29.0
1566,2025-05-30,West,Home,161,3,75.0,0.0,0.0,43.5
1567,2025-02-08,East,Office,198,5,225.0,0.0,0.0,130.5
1568,2025-06-04,East,Technology,76,2,160.0,8.0,0.0,92.8
1569,2025-01-02,East,Home,147,3,360.0,18.0,0.0,208.8
1570,2025-08-13,East,Office,255,1,120.0,18.0,0.0,69.6
1571,2025-10-14,South,Office,63,1,80.0,12.0,0.0,46.4
1572,2025-03-29,West,Office,498,5,600.0,30.0,0.0,348.0
1573,2025-07-30,South,Technology,500,1,80.0,4.0,76.0,46.4
1574,2025-03-01,South,Home,18,4,180.0,27.0,0.0,104.4
1575,2025-02-16,South,Technology,161,2,50.0,7.5,0.0,29.0
1576,2025-02-23,South,Home,6,4,100.0,5.0,0.0,58.0
1577,2025-06-05,East,Technology,386,3,240.0,36.0,0.0,139.2
1578,2025-07-13,South,Office,426,2,160.0,24.0,0.0,92.8
1579,2025-03-13,South,Technology,348,3,240.0,36.0,0.0,139.2
1580,2025-08-02,West,Home,432,3,135.0,0.0,0.0,78.3
1581,2025-06-03,South,Technology,144,2,160.0,8.0,0.0,92.8
1582,2025-03-07,West,Office,435,1,45.0,0.0,0.0,26.1
1583,2025-05-18,East,Office,97,1,120.0,0.0,0.0,69.6
1584,2025-01-05,West,Technology,329,1,80.0,4.0,0.0,46.4
1585,2025-01-12,South,Office,34,3,240.0,0.0,0.0,139.2
1586,2025-05-16,East,Technology,373,5,225.0,33.75,0.0,130.5
1587,2025-01-28,North,Office,103,4,320.0,0.0,0.0,185.6
1588,2025-12-14,East,Office,391,2,240.0,0.0,0.0,139.2
1589,2025-03-17,West,Office,413,3,75.0,11.25,0.0,43.5
1590,2025-10-30,North,Technology,27,5,125.0,0.0,0.0,72.5
1591,2025-03-04,East,Office,105,5,125.0,0.0,0.0,72.5
1592,2025-04-23,North,Office,450,1,120.0,0.0,0.0,69.6
1593,2025-11-22,East,Home,114,3,135.0,0.0,0.0,78.3
1594,2025-12-24,North,Technology,159,5,400.0,0.0,0.0,232.0
1595,2025-06-21,West,Office,272,2,90.0,13.5,0.0,52.2
1596,2025-01-27,East,Home,480,1,120.0,0.0,0.0,69.6
1597,2025-08-01,East,Home,164,5,225.0,11.25,0.0,130.5
1598,2025-08-06,North,Home,98,1,45.0,6.75,0.0,26.1
1599,2025-04-08,South,Technology,255,2,160.0,8.0,0.0,92.8
1600,2025-02-02,South,Technology,161,5,125.0,18.75,0.0,72.5
1601,2025-08-01,East,Office,122,2,160.0,0.0,0.0,92.8
1602,2025-08-21,East,Office,213,1,25.0,1.25,0.0,14.5
1603,2025-10-14,East,Technology,140,2,90.0,13.5,0.0,52.2
1604,2025-02-01,East,Office,268,3,240.0,36.0,0.0,139.2
1605,2025-01-18,East,Technology,31,4,320.0,48.0,0.0,185.6
1606,2025-11-09,East,Home,261,4,100.0,0.0,0.0,58.0
1607,2025-09-20,North,Home,210,1,120.0,6.0,0.0,69.6
1608,2025-01-01,West,Home,407,3,360.0,0.0,0.0,208.8
1609,2025-12-04,West,Technology,20,3,75.0,11.25,0.0,43.5
1610,2025-03-19,South,Office,205,5,125.0,6.25,0.0,72.5
1611,2025-06-28,West,Office,91,1,45.0,0.0,0.0,26.1
1612,2025-10-15,East,Technology,381,1,80.0,4.0,0.0,46.4
1613,2025-07-01,East,Technology,437,4,180.0,0.0,0.0,104.4
1614,2025-05-22,South,Office,178,3,360.0,54.0,0.0,208.8
1615,2025-11-08,West,Office,150,5,600.0,90.0,0.0,348.0
1616,2025-07-30,East,Home,376,1,25.0,3.75,0.0,14.5
1617,2025-10-01,West,Office,317,3,75.0,11.25,0.0,43.5
1618,2025-07-14,East,Home,195,5,125.0,18.75,0.0,72.5
1619,2025-01-28,West,Home,170,2,90.0,13.5,0.0,52.2
1620,2025-07-09,North,Office,307,4,180.0,9.0,0.0,104.4
1621,2025-12-04,North,Technology,446,4,180.0,0.0,0.0,104.4
1622,2025-10-08,East,Technology,142,2,160.0,8.0,0.0,92.8
1623,2025-12-31,West,Office,410,4,480.0,72.0,0.0,278.4
1624,2025-09-24,South,Home,86,5,225.0,0.0,0.0,130.5
1625,2025-01-27,East,Office,352,3,360.0,54.0,0.0,208.8
1626,2025-02-10,West,Home,389,4,180.0,9.0,0.0,104.4
1627,2025-05-27,South,Home,352,2,90.0,4.5,0.0,52.2
1628,2025-06-26,West,Office,142,1,120.0,18.0,0.0,69.6
1629,2025-06-10,East,Office,215,1,120.0,18.0,102.0,69.6
1630,2025-09-14,North,Office,4,2,50.0,2.5,0.0,29.0
1631,2025-09-13,South,Technology,486,1,80.0,4.0,0.0,46.4
1632,2025-05-22,West,Technology,157,5,225.0,0.0,0.0,130.5
1633,2025-10-14,East,Home,362,5,125.0,6.25,0.0,72.5
1634,2025-10-22,West,Office,258,3,360.0,54.0,0.0,208.8
1635,2025-11-12,East,Home,154,5,600.0,0.0,0.0,348.0
1636,2025-07-15,South,Technology,174,2,90.0,13.5,0.0,52.2
1637,2025-12-03,East,Home,180,2,240.0,0.0,0.0,139.2
1638,2025-07-06,North,Home,344,3,135.0,0.0,0.0,78.3
1639,2025-01-09,South,Office,113,2,160.0,8.0,0.0,92.8
1640,2025-09-14,East,Home,490,4,180.0,27.0,0.0,104.4
1641,2025-08-17,South,Technology,290,5,600.0,0.0,600.0,348.0
1642,2025-07-22,West,Home,357,2,240.0,36.0,0.0,139.2
1643,2025-07-21,North,Home,109,3,135.0,0.0,0.0,78.3
1644,2025-08-26,South,Home,82,1,80.0,12.0,0.0,46.4
1645,2025-04-06,West,Home,464,5,400.0,60.0,0.0,232.0
1646,2025-12-01,North,Office,73,4,100.0,5.0,95.0,58.0
1647,2025-11-05,South,Office,54,4,480.0,24.0,0.0,278.4
1648,2025-10-30,East,Technology,376,5,400.0,60.0,0.0,232.0
1649,2025-02-05,South,Office,145,4,480.0,0.0,0.0,278.4
1650,2025-09-08,North,Home,406,5,600.0,0.0,0.0,348.0
1651,2025-04-19,South,Office,157,5,225.0,33.75,0.0,130.5
1652,2025-03-09,South,Office,201,2,160.0,0.0,0.0,92.8
1653,2025-06-13,East,Office,370,1,45.0,6.75,0.0,26.1
1654,2025-02-19,West,Technology,448,1,25.0,0.0,0.0,14.5
1655,2025-05-30,West,Home,14,5,125.0,6.25,0.0,72.5
1656,2025-05-05,East,Home,191,1,120.0,6.0,0.0,69.6
1657,2025-08-14,North,Technology,152,1,25.0,0.0,0.0,14.5
1658,2025-08-21,North,Home,343,3,135.0,0.0,0.0,78.3
1659,2025-08-14,South,Home,213,5,400.0,60.0,0.0,232.0
1660,2025-06-07,East,Office,40,1,120.0,0.0,0.0,69.6
1661,2025-03-25,East,Technology,244,1,25.0,3.75,0.0,14.5
1662,2025-12-04,West,Office,365,4,180.0,27.0,0.0,104.4
1663,2025-02-04,South,Office,21,4,480.0,72.0,0.0,278.4
1664,2025-08-24,East,Home,278,1,45.0,2.25,0.0,26.1
1665,2025-03-17,West,Technology,230,3,75.0,0.0,0.0,43.5
1666,2025-04-03,East,Home,371,1,120.0,0.0,120.0,69.6
1667,2025-01-01,South,Technology,208,5,600.0,90.0,0.0,348.0
1668,2025-08-23,West,Office,309,1,45.0,0.0,0.0,26.1
1669,2025-12-27,East,Technology,462,1,45.0,0.0,0.0,26.1
1670,2025-03-03,West,Home,254,1,80.0,0.0,0.0,46.4
1671,2025-09-14,West,Technology,336,5,125.0,6.25,0.0,72.5
1672,2025-08-12,North,Home,472,5,400.0,20.0,0.0,232.0
1673,2025-11-08,East,Office,116,5,225.0,0.0,0.0,130.5
1674,2025-10-28,West,Office,277,1,25.0,1.25,0.0,14.5
1675,2025-04-18,East,Home,116,4,180.0,27.0,0.0,104.4
1676,2025-12-15,South,Technology,160,3,240.0,36.0,0.0,139.2
1677,2025-04-14,West,Office,152,5,400.0,20.0,0.0,232.0
1678,2025-07-09,East,Technology,251,5,600.0,90.0,0.0,348.0
1679,2025-12-07,South,Technology,380,3,360.0,18.0,0.0,208.8
1680,2025-02-03,East,Home,141,4,480.0,72.0,0.0,278.4
1681,2025-01-24,East,Home,445,1,25.0,0.0,0.0,14.5
1682,2025-08-24,East,Office,370,4,180.0,0.0,0.0,104.4
1683,2025-08-02,North,Technology,414,5,600.0,90.0,0.0,348.0
1684,2025-12-27,West,Technology,173,3,135.0,0.0,0.0,78.3
1685,2025-09-11,West,Office,85,4,180.0,27.0,0.0,104.4
1686,2025-10-08,East,Home,53,3,240.0,36.0,0.0,139.2
1687,2025-02-17,East,Home,102,2,240.0,12.0,0.0,139.2
1688,2025-07-12,West,Office,3,3,360.0,54.0,0.0,208.8
1689,2025-02-11,East,Home,159,4,320.0,48.0,0.0,185.6
1690,2025-05-10,West,Technology,221,4,100.0,0.0,0.0,58.0
1691,2025-06-13,East,Office,323,1,80.0,12.0,0.0,46.4
1692,2025-12-17,North,Technology,432,3,360.0,18.0,0.0,208.8
1693,2025-03-28,North,Home,233,4,480.0,24.0,0.0,278.4
1694,2025-03-21,East,Home,385,1,80.0,4.0,0.0,46.4
1695,2025-11-23,West,Home,391,5,125.0,0.0,0.0,72.5
1696,2025-09-05,East,Home,466,2,240.0,36.0,0.0,139.2
1697,2025-07-14,South,Technology,8,2,90.0,0.0,0.0,52.2
1698,2025-02-26,East,Office,426,5,400.0,20.0,0.0,232.0
1699,2025-09-02,North,Technology,353,2,240.0,0.0,0.0,139.2
1700,2025-05-17,West,Home,38,2,50.0,2.5,47.5,29.0
1701,2025-03-04,West,Home,39,3,135.0,20.25,0.0,78.3
1702,2025-08-11,North,Office,252,4,180.0,9.0,0.0,104.4
1703,2025-05-29,West,Technology,473,3,240.0,12.0,0.0,139.2
1704,2025-09-10,North,Home,152,2,90.0,13.5,0.0,52.2
1705,2025-10-27,South,Technology,448,2,240.0,36.0,0.0,139.2
1706,2025-08-23,West,Office,381,2,160.0,8.0,0.0,92.8
1707,2025-10-22,North,Home,398,5,125.0,18.75,0.0,72.5
1708,2025-09-17,West,Office,313,2,160.0,24.0,0.0,92.8
1709,2025-08-09,North,Office,223,1,80.0,12.0,0.0,46.4
1710,2025-08-12,West,Home,481,5,400.0,20.0,0.0,232.0
1711,2025-12-09,East,Technology,374,2,240.0,12.0,0.0,139.2
1712,2025-02-22,North,Office,356,5,225.0,11.25,0.0,130.5
1713,2025-02-17,North,Technology,4,5,400.0,0.0,0.0,232.0
1714,2025-12-06,West,Technology,352,5,400.0,20.0,0.0,232.0
1715,2025-04-09,South,Office,301,5,225.0,11.25,0.0,130.5
1716,2025-05-20,North,Office,459,4,480.0,24.0,0.0,278.4
1717,2025-03-12,North,Office,449,4,100.0,5.0,0.0,58.0
1718,2025-07-13,West,Technology,39,5,600.0,0.0,0.0,348.0
1719,2025-11-29,West,Home,228,1,25.0,1.25,0.0,14.5
1720,2025-01-15,North,Home,144,2,160.0,0.0,0.0,92.8
1721,2025-07-12,West,Home,382,1,80.0,0.0,80.0,46.4
1722,2025-11-07,North,Home,190,2,240.0,0.0,0.0,139.2
1723,2025-09-03,West,Technology,386,1,45.0,6.75,0.0,26.1
1724,2025-03-05,West,Office,4,2,240.0,36.0,0.0,139.2
1725,2025-11-07,North,Office,468,1,45.0,0.0,0.0,26.1
1726,2025-04-28,West,Home,298,5,400.0,0.0,0.0,232.0
1727,2025-09-07,East,Office,373,4,180.0,0.0,0.0,104.4
1728,2025-02-19,North,Technology,27,4,480.0,24.0,0.0,278.4
1729,2025-11-01,West,Home,24,4,320.0,0.0,0.0,185.6
1730,2025-09-07,North,Office,457,1,120.0,0.0,0.0,69.6
1731,2025-07-06,North,Home,212,1,80.0,0.0,80.0,46.4
1732,2025-12-23,West,Technology,47,2,90.0,13.5,0.0,52.2
1733,2025-10-17,South,Home,365,1,80.0,0.0,0.0,46.4
1734,2025-02-16,West,Home,332,4,100.0,15.0,0.0,58.0
1735,2025-03-16,South,Home,351,1,120.0,6.0,0.0,69.6
1736,2025-11-09,South,Technology,479,1,120.0,6.0,0.0,69.6
1737,2025-06-19,West,Technology,53,1,120.0,6.0,0.0,69.6
1738,2025-06-17,South,Technology,133,4,100.0,0.0,0.0,58.0
1739,2025-05-12,West,Office,236,1,25.0,0.0,0.0,14.5
1740,2025-03-11,East,Home,385,4,100.0,5.0,0.0,58.0
1741,2025-06-09,West,Office,307,1,80.0,4.0,0.0,46.4
1742,2025-03-05,West,Home,319,1,120.0,0.0,0.0,69.6
1743,2025-04-15,North,Technology,252,3,360.0,0.0,0.0,208.8
1744,2025-01-11,North,Technology,443,4,100.0,5.0,0.0,58.0
1745,2025-05-30,South,Technology,266,5,600.0,0.0,0.0,348.0
1746,2025-09-22,East,Home,148,1,45.0,2.25,0.0,26.1
1747,2025-01-09,East,Home,359,1,80.0,12.0,0.0,46.4
1748,2025-12-05,East,Technology,307,5,400.0,0.0,0.0,232.0
1749,2025-08-27,South,Office,346,2,50.0,7.5,0.0,29.0
1750,2025-02-02,West,Technology,65,3,240.0,12.0,0.0,139.2
1751,2025-10-27,East,Home,341,5,600.0,90.0,0.0,348.0
1752,2025-01-16,South,Home,239,5,400.0,60.0,0.0,232.0
1753,2025-12-17,West,Technology,455,5,400.0,60.0,0.0,232.0
1754,2025-02-21,South,Home,342,2,90.0,4.5,0.0,52.2
1755,2025-04-26,West,Office,157,4,180.0,9.0,0.0,104.4
1756,2025-09-22,North,Technology,340,3,240.0,36.0,0.0,139.2
1757,2025-12-09,East,Office,376,5,125.0,18.75,0.0,72.5
1758,2025-12-25,West,Technology,235,4,100.0,0.0,0.0,58.0
1759,2025-03-13,West,Home,123,4,320.0,48.0,0.0,185.6
1760,2025-04-12,South,Home,104,3,75.0,3.75,0.0,43.5
1761,2025-12-13,North,Office,358,3,240.0,0.0,0.0,139.2
1762,2025-01-12,West,Office,99,1,25.0,1.25,0.0,14.5
1763,2025-03-26,North,Home,280,3,240.0,0.0,0.0,139.2
1764,2025-01-31,West,Home,262,5,225.0,33.75,0.0,130.5
1765,2025-09-19,North,Home,379,2,160.0,8.0,0.0,92.8
1766,2025-03-20,South,Technology,145,1,120.0,18.0,0.0,69.6
1767,2025-01-26,North,Technology,4,4,100.0,5.0,0.0,58.0
1768,2025-12-07,East,Office,181,3,135.0,20.25,0.0,78.3
1769,2025-11-14,West,Office,262,4,100.0,15.0,0.0,58.0
1770,2025-01-01,East,Home,140,3,75.0,11.25,0.0,43.5
1771,2025-04-27,East,Technology,399,5,225.0,0.0,0.0,130.5
1772,2025-04-07,East,Technology,377,5,225.0,0.0,0.0,130.5
1773,2025-07-11,West,Technology,473,4,480.0,0.0,0.0,278.4
1774,2025-11-03,West,Home,15,2,160.0,8.0,0.0,92.8
1775,2025-06-14,North,Office,385,4,480.0,0.0,0.0,278.4
1776,2025-07-24,South,Office,48,4,100.0,15.0,0.0,58.0
1777,2025-04-26,South,Technology,339,3,360.0,54.0,0.0,208.8
1778,2025-04-18,North,Home,435,1,120.0,0.0,120.0,69.6
1779,2025-01-26,South,Technology,467,1,25.0,0.0,0.0,14.5
1780,2025-08-28,East,Office,458,4,180.0,0.0,0.0,104.4
1781,2025-04-18,South,Technology,158,3,360.0,0.0,0.0,208.8
1782,2025-05-10,South,Technology,166,2,50.0,0.0,0.0,29.0
1783,2025-02-23,West,Home,240,5,225.0,11.25,0.0,130.5
1784,2025-10-27,North,Home,48,3,240.0,36.0,204.0,139.2
1785,2025-05-06,East,Technology,379,4,480.0,24.0,0.0,278.4
1786,2025-03-14,West,Home,499,4,180.0,27.0,0.0,104.4
1787,2025-11-27,East,Technology,160,3,240.0,36.0,0.0,139.2
1788,2025-01-27,West,Technology,147,3,360.0,0.0,0.0,208.8
1789,2025-09-27,West,Office,125,1,80.0,4.0,0.0,46.4
1790,2025-10-06,West,Office,123,2,50.0,0.0,0.0,29.0
1791,2025-11-01,East,Technology,221,5,600.0,0.0,0.0,348.0
1792,2025-02-04,North,Office,8,5,125.0,6.25,0.0,72.5
1793,2025-02-17,South,Office,239,5,225.0,11.25,0.0,130.5
1794,2025-10-13,South,Office,70,4,100.0,15.0,0.0,58.0
1795,2025-08-13,East,Office,299,4,320.0,0.0,0.0,185.6
1796,2025-04-09,East,Home,411,2,240.0,12.0,0.0,139.2
1797,2025-08-16,North,Office,412,1,120.0,6.0,0.0,69.6
1798,2025-04-08,South,Office,194,1,80.0,12.0,0.0,46.4
1799,2025-01-29,West,Office,452,4,100.0,0.0,0.0,58.0
1800,2025-06-08,North,Home,39,1,25.0,3.75,0.0,14.5
1801,2025-07-19,North,Home,151,2,50.0,0.0,0.0,29.0
1802,2025-03-09,North,Office,423,2,50.0,0.0,0.0,29.0
1803,2025-03-20,East,Home,103,3,360.0,18.0,0.0,208.8
1804,2025-03-06,East,Technology,108,5,600.0,30.0,0.0,348.0
1805,2025-09-23,West,Home,371,4,100.0,15.0,0.0,58.0
1806,2025-09-11,West,Technology,121,4,320.0,0.0,0.0,185.6
1807,2025-07-31,East,Office,186,2,240.0,0.0,0.0,139.2
1808,2025-11-06,South,Office,378,4,320.0,0.0,0.0,185.6
1809,2025-09-19,North,Technology,350,5,400.0,20.0,0.0,232.0
1810,2025-11-10,South,Technology,452,1,120.0,6.0,0.0,69.6
1811,2025-04-07,North,Home,84,3,135.0,6.75,0.0,78.3
1812,2025-10-11,East,Home,263,3,240.0,12.0,0.0,139.2
1813,2025-07-06,West,Office,488,4,180.0,27.0,0.0,104.4
1814,2025-09-04,East,Office,234,4,180.0,0.0,0.0,104.4
1815,2025-08-01,South,Office,410,1,120.0,18.0,0.0,69.6
1816,2025-06-16,East,Office,67,5,225.0,11.25,0.0,130.5
1817,2025-02-16,South,Technology,63,5,225.0,11.25,0.0,130.5
1818,2025-07-08,East,Office,303,3,135.0,6.75,0.0,78.3
1819,2025-11-30,North,Technology,300,5,600.0,30.0,0.0,348.0
1820,2025-04-18,East,Office,162,4,100.0,5.0,0.0,58.0
1821,2025-07-06,West,Technology,353,4,180.0,9.0,0.0,104.4
1822,2025-07-15,South,Office,20,4,100.0,5.0,0.0,58.0
1823,2025-07-10,East,Office,190,4,320.0,0.0,0.0,185.6
1824,2025-10-10,East,Home,376,2,160.0,24.0,0.0,92.8
1825,2025-09-21,North,Office,400,2,160.0,24.0,0.0,92.8
1826,2025-10-26,South,Technology,409,2,90.0,13.5,0.0,52.2
1827,2025-05-11,North,Office,467,4,100.0,5.0,0.0,58.0
1828,2025-08-06,East,Office,33,4,320.0,0.0,0.0,185.6
1829,2025-09-11,South,Office,252,2,160.0,24.0,0.0,92.8
1830,2025-01-08,West,Office,361,3,75.0,3.75,0.0,43.5
1831,2025-01-14,East,Home,37,1,120.0,18.0,0.0,69.6
1832,2025-08-07,North,Home,477,5,225.0,11.25,0.0,130.5
1833,2025-08-01,South,Technology,278,3,135.0,20.25,0.0,78.3
1834,2025-12-12,East,Technology,377,2,160.0,8.0,0.0,92.8
1835,2025-12-26,West,Office,232,3,360.0,18.0,0.0,208.8
1836,2025-01-15,West,Home,406,5,125.0,0.0,125.0,72.5
1837,2025-02-28,East,Home,112,3,360.0,18.0,0.0,208.8
1838,2025-04-14,South,Technology,255,3,240.0,0.0,0.0,139.2
1839,2025-01-03,South,Home,499,4,100.0,15.0,0.0,58.0
1840,2025-10-10,North,Home,23,1,120.0,0.0,0.0,69.6
1841,2025-05-17,North,Technology,385,4,180.0,9.0,0.0,104.4
1842,2025-07-09,East,Technology,349,4,180.0,0.0,0.0,104.4
1843,2025-02-20,South,Technology,44,2,240.0,12.0,0.0,139.2
1844,2025-12-13,West,Home,289,5,125.0,18.75,0.0,72.5
1845,2025-08-03,East,Office,81,3,135.0,20.25,0.0,78.3
1846,2025-07-15,North,Home,236,1,80.0,12.0,0.0,46.4
1847,2025-01-15,East,Home,414,4,480.0,0.0,0.0,278.4
1848,2025-10-31,East,Technology,38,1,25.0,0.0,0.0,14.5
1849,2025-04-23,South,Home,87,4,480.0,24.0,0.0,278.4
1850,2025-09-19,East,Office,333,5,600.0,30.0,0.0,348.0
1851,2025-10-23,North,Office,402,5,125.0,18.75,0.0,72.5
1852,2025-05-10,South,Office,484,1,120.0,6.0,0.0,69.6
1853,2025-11-02,West,Home,148,3,360.0,18.0,0.0,208.8
1854,2025-04-10,North,Office,218,2,160.0,0.0,0.0,92.8
1855,2025-08-12,North,Office,457,5,400.0,60.0,340.0,232.0
1856,2025-06-28,West,Home,28,2,90.0,0.0,0.0,52.2
1857,2025-09-08,East,Office,491,5,225.0,0.0,0.0,130.5
1858,2025-03-13,South,Technology,433,1,25.0,3.75,0.0,14.5
1859,2025-04-06,East,Home,193,4,320.0,0.0,0.0,185.6
1860,2025-07-19,North,Home,11,3,240.0,36.0,0.0,139.2
1861,2025-09-15,West,Home,348,4,480.0,0.0,0.0,278.4
1862,2025-12-08,West,Office,86,3,240.0,0.0,0.0,139.2
1863,2025-03-04,West,Technology,441,3,135.0,20.25,0.0,78.3
1864,2025-10-26,North,Home,46,3,240.0,12.0,228.0,139.2
1865,2025-10-23,East,Home,14,2,240.0,0.0,0.0,139.2
1866,2025-01-20,East,Office,263,5,600.0,30.0,0.0,348.0
1867,2025-12-28,South,Technology,63,1,80.0,12.0,0.0,46.4
1868,2025-08-08,North,Technology,408,3,135.0,20.25,0.0,78.3
1869,2025-10-08,West,Technology,213,2,90.0,4.5,0.0,52.2
1870,2025-04-22,East,Home,271,4,100.0,0.0,0.0,58.0
1871,2025-03-21,South,Home,156,5,225.0,33.75,0.0,130.5
1872,2025-02-01,East,Home,75,5,600.0,0.0,0.0,348.0
1873,2025-12-11,South,Technology,41,4,100.0,5.0,0.0,58.0
1874,2025-02-23,West,Office,207,2,50.0,0.0,0.0,29.0
1875,2025-12-27,South,Technology,136,4,320.0,48.0,0.0,185.6
1876,2025-01-30,West,Home,364,2,50.0,7.5,0.0,29.0
1877,2025-10-30,West,Office,363,5,400.0,60.0,0.0,232.0
1878,2025-08-29,West,Office,188,1,120.0,18.0,0.0,69.6
1879,2025-08-07,South,Home,235,4,180.0,0.0,0.0,104.4
1880,2025-06-18,East,Technology,30,2,50.0,0.0,0.0,29.0
1881,2025-06-30,South,Home,175,5,400.0,0.0,0.0,232.0
1882,2025-03-15,West,Technology,383,2,240.0,0.0,0.0,139.2
1883,2025-10-23,South,Technology,33,1,45.0,2.25,0.0,26.1
1884,2025-07-02,East,Technology,120,4,180.0,27.0,0.0,104.4
1885,2025-09-22,West,Office,136,3,135.0,20.25,0.0,78.3
1886,2025-06-13,North,Office,193,2,160.0,24.0,0.0,92.8
1887,2025-11-06,West,Technology,309,4,100.0,15.0,0.0,58.0
1888,2025-11-28,North,Office,75,4,320.0,48.0,0.0,185.6
1889,2025-10-15,West,Home,7,2,160.0,24.0,0.0,92.8
1890,2025-08-25,South,Home,236,1,80.0,0.0,0.0,46.4
1891,2025-03-20,South,Technology,423,4,480.0,72.0,408.0,278.4
1892,2025-02-05,North,Home,219,1,25.0,1.25,0.0,14.5
1893,2025-06-20,East,Home,168,5,225.0,0.0,0.0,130.5
1894,2025-06-02,West,Office,455,3,360.0,54.0,0.0,208.8
1895,2025-02-24,West,Home,85,3,360.0,0.0,0.0,208.8
1896,2025-07-27,West,Home,192,1,45.0,2.25,0.0,26.1
1897,2025-01-27,North,Home,373,1,120.0,18.0,0.0,69.6
1898,2025-12-22,North,Office,348,5,225.0,0.0,0.0,130.5
1899,2025-06-07,South,Office,397,3,360.0,18.0,0.0,208.8
1900,2025-10-05,North,Office,329,4,320.0,0.0,0.0,185.6
1901,2025-11-26,West,Technology,440,1,80.0,12.0,0.0,46.4
1902,2025-08-05,North,Technology,15,2,50.0,2.5,0.0,29.0
1903,2025-02-15,North,Home,478,3,240.0,12.0,0.0,139.2
1904,2025-03-24,South,Office,441,5,225.0,33.75,0.0,130.5
1905,2025-03-21,West,Home,12,1,80.0,12.0,0.0,46.4
1906,2025-08-01,South,Home,14,1,45.0,2.25,0.0,26.1
1907,2025-04-18,North,Office,455,1,80.0,0.0,0.0,46.4
1908,2025-06-07,South,Home,370,2,160.0,24.0,0.0,92.8
1909,2025-01-03,West,Technology,340,1,25.0,1.25,0.0,14.5
1910,2025-08-09,East,Office,261,3,240.0,0.0,240.0,139.2
1911,2025-06-21,South,Office,20,2,50.0,7.5,0.0,29.0
1912,2025-07-23,West,Office,282,5,400.0,0.0,0.0,232.0
1913,2025-03-26,North,Technology,493,3,135.0,0.0,0.0,78.3
1914,2025-12-10,East,Home,179,3,75.0,3.75,0.0,43.5
1915,2025-03-02,South,Technology,372,3,75.0,11.25,63.75,43.5
1916,2025-12-18,North,Technology,18,1,25.0,3.75,0.0,14.5
1917,2025-01-26,East,Technology,391,3,360.0,0.0,0.0,208.8
1918,2025-09-24,East,Office,299,3,240.0,36.0,0.0,139.2
1919,2025-12-19,North,Office,412,4,180.0,27.0,0.0,104.4
1920,2025-01-08,South,Technology,35,2,90.0,4.5,85.5,52.2
1921,2025-12-01,West,Home,107,3,240.0,0.0,0.0,139.2
1922,2025-11-27,South,Home,484,4,180.0,27.0,0.0,104.4
1923,2025-04-23,West,Home,256,4,480.0,72.0,0.0,278.4
1924,2025-01-30,South,Technology,385,3,75.0,11.25,0.0,43.5
1925,2025-11-03,East,Office,362,2,50.0,2.5,0.0,29.0
1926,2025-03-28,North,Home,45,3,75.0,11.25,0.0,43.5
1927,2025-08-21,North,Office,246,2,160.0,8.0,0.0,92.8
1928,2025-06-10,South,Technology,156,4,320.0,0.0,0.0,185.6
1929,2025-09-05,West,Technology,304,2,90.0,13.5,0.0,52.2
1930,2025-08-29,South,Office,247,2,240.0,12.0,0.0,139.2
1931,2025-03-19,North,Technology,120,5,225.0,11.25,0.0,130.5
1932,2025-02-07,South,Technology,227,3,135.0,0.0,0.0,78.3
1933,2025-05-15,North,Office,9,4,320.0,48.0,272.0,185.6
1934,2025-11-01,South,Technology,200,3,75.0,3.75,0.0,43.5
1935,2025-09-26,South,Home,235,1,25.0,1.25,23.75,14.5
1936,2025-04-16,South,Office,125,4,480.0,24.0,0.0,278.4
1937,2025-01-13,East,Home,159,3,135.0,6.75,0.0,78.3
1938,2025-02-11,South,Home,290,2,90.0,4.5,0.0,52.2
1939,2025-11-30,North,Home,99,2,240.0,0.0,240.0,139.2
1940,2025-09-10,North,Technology,145,1,25.0,0.0,0.0,14.5
1941,2025-10-13,North,Office,354,5,600.0,0.0,0.0,348.0
1942,2025-10-02,East,Technology,335,5,225.0,11.25,0.0,130.5
1943,2025-10-28,East,Technology,432,3,240.0,12.0,0.0,139.2
1944,2025-05-01,West,Office,57,1,80.0,0.0,0.0,46.4
1945,2025-10-29,East,Home,78,4,180.0,0.0,0.0,104.4
1946,2025-09-17,North,Office,116,4,480.0,0.0,0.0,278.4
1947,2025-09-07,North,Technology,303,5,225.0,33.75,0.0,130.5
1948,2025-09-17,North,Office,131,1,120.0,18.0,0.0,69.6
1949,2025-05-05,North,Office,480,2,50.0,2.5,0.0,29.0
1950,2025-07-12,North,Technology,315,2,240.0,0.0,0.0,139.2
1951,2025-06-21,East,Home,302,1,25.0,0.0,0.0,14.5
1952,2025-11-03,South,Home,151,4,480.0,72.0,0.0,278.4
1953,2025-01-18,North,Office,415,3,135.0,0.0,0.0,78.3
1954,2025-01-22,West,Office,44,3,360.0,18.0,0.0,208.8
1955,2025-06-29,North,Office,86,2,50.0,7.5,0.0,29.0
1956,2025-09-09,North,Home,415,1,45.0,6.75,0.0,26.1
1957,2025-11-01,North,Technology,176,2,90.0,0.0,0.0,52.2
1958,2025-07-31,East,Technology,475,5,125.0,18.75,0.0,72.5
1959,2025-08-03,North,Home,472,2,160.0,8.0,0.0,92.8
1960,2025-05-30,South,Technology,193,2,90.0,0.0,0.0,52.2
1961,2025-11-02,West,Home,297,5,600.0,0.0,0.0,348.0
1962,2025-12-29,East,Home,3,5,125.0,18.75,0.0,72.5
1963,2025-07-18,East,Home,288,5,225.0,11.25,0.0,130.5
1964,2025-10-21,East,Home,16,1,45.0,2.25,0.0,26.1
1965,2025-11-13,North,Home,37,2,50.0,7.5,42.5,29.0
1966,2025-07-10,East,Technology,402,4,480.0,24.0,0.0,278.4
1967,2025-10-01,West,Home,472,5,125.0,6.25,0.0,72.5
1968,2025-11-29,North,Home,425,2,50.0,2.5,0.0,29.0
1969,2025-04-12,East,Home,36,1,45.0,6.75,38.25,26.1
1970,2025-09-23,North,Technology,325,5,600.0,30.0,0.0,348.0
1971,2025-08-19,North,Office,136,1,45.0,6.75,0.0,26.1
1972,2025-01-21,West,Office,325,4,320.0,0.0,0.0,185.6
1973,2025-08-09,South,Technology,493,1,120.0,0.0,0.0,69.6
1974,2025-08-08,West,Office,9,2,240.0,36.0,0.0,139.2
1975,2025-06-03,North,Technology,195,4,480.0,72.0,0.0,278.4
1976,2025-08-01,North,Technology,268,3,240.0,0.0,0.0,139.2
1977,2025-02-13,East,Technology,155,4,100.0,5.0,0.0,58.0
1978,2025-08-26,West,Technology,489,5,400.0,60.0,0.0,232.0
1979,2025-09-12,East,Technology,200,4,320.0,0.0,0.0,185.6
1980,2025-08-12,East,Technology,1,1,80.0,4.0,76.0,46.4
1981,2025-10-30,West,Office,32,5,600.0,0.0,0.0,348.0
1982,2025-10-12,East,Technology,352,3,360.0,54.0,0.0,208.8
1983,2025-03-26,North,Technology,244,1,80.0,0.0,0.0,46.4
1984,2025-01-04,West,Office,7,4,480.0,72.0,0.0,278.4
1985,2025-03-28,East,Technology,4,1,120.0,18.0,0.0,69.6
1986,2025-12-31,West,Technology,349,2,160.0,0.0,0.0,92.8
1987,2025-06-19,West,Office,234,1,25.0,3.75,0.0,14.5
1988,2025-06-29,West,Office,160,5,600.0,30.0,0.0,348.0
1989,2025-01-29,West,Home,139,3,360.0,54.0,0.0,208.8
1990,2025-02-25,East,Technology,369,1,80.0,12.0,0.0,46.4
1991,2025-09-19,North,Office,229,1,45.0,0.0,0.0,26.1
1992,2025-12-06,South,Office,16,4,180.0,9.0,0.0,104.4
1993,2025-06-25,North,Home,123,5,400.0,0.0,0.0,232.0
1994,2025-03-02,East,Technology,125,3,360.0,0.0,0.0,208.8
1995,2025-08-04,West,Home,295,1,25.0,3.75,0.0,14.5
1996,2025-10-06,North,Office,191,5,125.0,6.25,0.0,72.5
1997,2025-07-23,North,Technology,285,4,180.0,27.0,0.0,104.4
1998,2025-09-12,East,Home,450,2,160.0,8.0,0.0,92.8
1999,2025-02-20,North,Technology,424,5,400.0,60.0,0.0,232.0
2000,2025-12-24,South,Home,453,2,160.0,8.0,0.0,92.8
2001,2025-08-07,North,Technology,484,2,50.0,2.5,0.0,29.0
2002,2025-04-10,North,Home,238,3,360.0,18.0,0.0,208.8
2003,2025-12-13,South,Office,312,5,125.0,18.75,0.0,72.5
2004,2025-11-13,East,Office,357,2,90.0,13.5,0.0,52.2
2005,2025-04-21,South,Technology,349,1,45.0,6.75,0.0,26.1
2006,2025-11-21,South,Technology,13,2,160.0,0.0,0.0,92.8
2007,2025-04-07,South,Home,310,1,120.0,18.0,0.0,69.6
2008,2025-10-11,East,Home,345,3,240.0,12.0,0.0,139.2
2009,2025-01-25,North,Office,95,2,240.0,36.0,0.0,139.2
2010,2025-11-09,West,Office,234,5,225.0,0.0,0.0,130.5
2011,2025-10-26,North,Home,334,2,90.0,0.0,0.0,52.2
2012,2025-02-15,West,Technology,225,1,120.0,0.0,0.0,69.6
2013,2025-12-24,North,Home,476,4,100.0,0.0,0.0,58.0
2014,2025-09-06,West,Home,472,3,360.0,0.0,0.0,208.8
2015,2025-01-28,North,Home,1,1,80.0,12.0,68.0,46.4
2016,2025-11-05,East,Technology,409,2,160.0,24.0,0.0,92.8
2017,2025-06-27,North,Home,273,5,125.0,18.75,0.0,72.5
2018,2025-06-20,North,Office,183,5,125.0,18.75,0.0,72.5
2019,2025-11-01,East,Office,279,4,480.0,72.0,0.0,278.4
2020,2025-05-17,West,Office,499,1,80.0,4.0,0.0,46.4
2021,2025-07-13,South,Technology,130,2,160.0,8.0,0.0,92.8
2022,2025-05-31,West,Technology,158,2,240.0,12.0,0.0,139.2
2023,2025-09-06,West,Technology,491,5,600.0,90.0,0.0,348.0
2024,2025-02-06,West,Office,220,1,80.0,4.0,0.0,46.4
2025,2025-06-30,West,Technology,343,5,125.0,0.0,0.0,72.5
2026,2025-12-22,East,Home,333,5,600.0,0.0,0.0,348.0
2027,2025-01-08,South,Office,389,1,80.0,12.0,0.0,46.4
2028,2025-03-13,East,Home,59,5,125.0,0.0,0.0,72.5
2029,2025-04-01,North,Office,157,4,100.0,15.0,85.0,58.0
2030,2025-04-28,West,Technology,470,1,120.0,0.0,0.0,69.6
2031,2025-03-28,North,Office,74,2,50.0,0.0,0.0,29.0
2032,2025-05-19,East,Office,164,1,45.0,2.25,0.0,26.1
2033,2025-11-03,North,Office,285,1,120.0,6.0,0.0,69.6
2034,2025-01-17,East,Office,208,3,360.0,0.0,0.0,208.8
2035,2025-05-18,East,Technology,99,2,240.0,12.0,0.0,139.2
2036,2025-06-23,West,Office,332,4,320.0,0.0,0.0,185.6
2037,2025-08-20,West,Home,52,3,135.0,20.25,0.0,78.3
2038,2025-02-08,West,Technology,253,4,320.0,48.0,0.0,185.6
2039,2025-07-21,West,Office,249,2,240.0,36.0,0.0,139.2
2040,2025-11-04,South,Office,493,1,80.0,4.0,76.0,46.4
2041,2025-01-22,South,Office,195,5,125.0,0.0,0.0,72.5
2042,2025-04-27,East,Office,409,2,90.0,4.5,0.0,52.2
2043,2025-05-18,East,Home,384,4,320.0,48.0,0.0,185.6
2044,2025-10-14,North,Technology,322,4,100.0,0.0,0.0,58.0
2045,2025-01-03,North,Home,442,4,100.0,0.0,0.0,58.0
2046,2025-09-19,North,Home,365,2,50.0,2.5,0.0,29.0
2047,2025-07-07,South,Office,195,3,75.0,0.0,0.0,43.5
2048,2025-04-18,East,Home,39,5,400.0,20.0,0.0,232.0
2049,2025-04-02,East,Office,355,1,120.0,0.0,120.0,69.6
2050,2025-11-14,North,Technology,190,2,160.0,0.0,0.0,92.8
2051,2025-09-09,North,Office,405,1,45.0,2.25,0.0,26.1
2052,2025-08-12,South,Office,448,4,480.0,24.0,0.0,278.4
2053,2025-12-30,South,Technology,101,4,480.0,0.0,0.0,278.4
2054,2025-02-17,East,Technology,456,3,240.0,12.0,0.0,139.2
2055,2025-04-04,South,Office,297,1,80.0,0.0,0.0,46.4
2056,2025-09-03,West,Office,417,5,400.0,20.0,0.0,232.0
2057,2025-08-13,West,Technology,398,2,50.0,2.5,0.0,29.0
2058,2025-01-22,North,Office,83,2,240.0,0.0,0.0,139.2
2059,2025-07-29,South,Technology,117,4,180.0,9.0,0.0,104.4
2060,2025-08-26,West,Home,191,5,225.0,11.25,0.0,130.5
2061,2025-10-01,North,Home,13,4,180.0,27.0,0.0,104.4
2062,2025-05-07,East,Technology,314,3,360.0,18.0,0.0,208.8
2063,2025-07-06,North,Office,294,1,25.0,1.25,0.0,14.5
2064,2025-07-04,North,Technology,11,4,480.0,72.0,0.0,278.4
2065,2025-09-26,East,Office,378,4,180.0,9.0,0.0,104.4
2066,2025-03-10,East,Technology,301,3,75.0,11.25,0.0,43.5
2067,2025-03-23,East,Technology,283,3,75.0,3.75,0.0,43.5
2068,2025-02-16,North,Home,429,4,480.0,0.0,0.0,278.4
2069,2025-06-24,West,Technology,353,5,400.0,60.0,0.0,232.0
2070,2025-09-14,West,Home,488,1,80.0,0.0,0.0,46.4
2071,2025-05-12,West,Home,2,1,25.0,0.0,0.0,14.5
2072,2025-12-26,East,Technology,360,1,80.0,12.0,0.0,46.4
2073,2025-11-16,West,Home,389,2,240.0,36.0,0.0,139.2
2074,2025-04-05,West,Office,98,1,80.0,12.0,0.0,46.4
2075,2025-08-09,East,Office,447,4,180.0,27.0,0.0,104.4
2076,2025-02-17,South,Office,432,1,45.0,0.0,45.0,26.1
2077,2025-05-20,East,Technology,331,5,225.0,33.75,0.0,130.5
2078,2025-05-07,South,Office,285,1,45.0,2.25,0.0,26.1
2079,2025-06-30,North,Technology,230,5,225.0,33.75,0.0,130.5
2080,2025-12-19,East,Home,251,1,45.0,0.0,0.0,26.1
2081,2025-12-28,South,Home,467,4,320.0,48.0,272.0,185.6
2082,2025-01-09,North,Home,420,4,180.0,27.0,0.0,104.4
2083,2025-01-17,South,Technology,142,3,240.0,0.0,240.0,139.2
2084,2025-05-31,West,Technology,441,3,240.0,0.0,0.0,139.2
2085,2025-03-31,East,Home,150,4,180.0,27.0,0.0,104.4
2086,2025-06-26,South,Technology,65,5,400.0,0.0,400.0,232.0
2087,2025-03-06,South,Office,277,3,360.0,54.0,0.0,208.8
2088,2025-01-07,East,Technology,198,3,75.0,0.0,0.0,43.5
2089,2025-09-15,South,Technology,372,1,80.0,0.0,0.0,46.4
2090,2025-05-02,South,Home,214,3,240.0,12.0,0.0,139.2
2091,2025-06-18,West,Home,380,2,160.0,8.0,0.0,92.8
2092,2025-06-17,East,Office,401,4,320.0,16.0,0.0,185.6
2093,2025-12-31,East,Office,405,3,135.0,20.25,0.0,78.3
2094,2025-03-28,North,Technology,412,3,360.0,0.0,0.0,208.8
2095,2025-03-13,East,Office,149,1,120.0,0.0,120.0,69.6
2096,2025-09-13,East,Office,472,4,100.0,0.0,0.0,58.0
2097,2025-10-15,South,Technology,395,3,360.0,0.0,0.0,208.8
2098,2025-10-11,West,Home,209,1,25.0,1.25,0.0,14.5
2099,2025-07-21,North,Office,7,4,480.0,24.0,0.0,278.4
2100,2025-10-04,West,Technology,334,1,45.0,2.25,0.0,26.1
2101,2025-12-28,North,Home,108,5,225.0,33.75,0.0,130.5
2102,2025-08-06,West,Home,459,5,400.0,60.0,0.0,232.0
2103,2025-05-09,East,Home,142,2,50.0,7.5,0.0,29.0
2104,2025-05-05,South,Office,203,1,25.0,3.75,0.0,14.5
2105,2025-07-14,North,Home,497,5,400.0,0.0,0.0,232.0
2106,2025-01-16,North,Technology,200,3,135.0,0.0,0.0,78.3
2107,2025-05-09,East,Technology,196,4,180.0,9.0,0.0,104.4
2108,2025-06-13,North,Office,295,3,240.0,36.0,0.0,139.2
2109,2025-09-02,East,Technology,154,4,480.0,24.0,0.0,278.4
2110,2025-06-22,North,Office,441,3,360.0,0.0,0.0,208.8
2111,2025-10-16,West,Technology,69,5,225.0,33.75,0.0,130.5
2112,2025-07-02,East,Home,217,1,25.0,1.25,0.0,14.5
2113,2025-01-02,West,Office,467,3,75.0,3.75,0.0,43.5
2114,2025-01-08,North,Technology,104,2,50.0,2.5,0.0,29.0
2115,2025-06-26,North,Technology,253,2,240.0,36.0,0.0,139.2
2116,2025-04-19,North,Technology,396,3,240.0,12.0,228.0,139.2
2117,2025-01-04,North,Technology,124,2,160.0,24.0,0.0,92.8
2118,2025-02-23,South,Office,219,1,80.0,4.0,0.0,46.4
2119,2025-07-10,North,Technology,448,2,240.0,36.0,204.0,139.2
2120,2025-05-15,East,Home,383,3,135.0,6.75,0.0,78.3
2121,2025-01-19,West,Home,137,5,125.0,18.75,0.0,72.5
2122,2025-03-12,North,Technology,458,5,400.0,60.0,0.0,232.0
2123,2025-05-15,West,Technology,451,4,320.0,0.0,0.0,185.6
2124,2025-01-24,West,Office,29,1,120.0,0.0,0.0,69.6
2125,2025-07-11,North,Technology,334,3,240.0,36.0,0.0,139.2
2126,2025-05-02,East,Office,309,3,360.0,54.0,0.0,208.8
2127,2025-01-21,North,Office,293,3,75.0,11.25,0.0,43.5
2128,2025-04-12,North,Technology,256,4,320.0,0.0,0.0,185.6
2129,2025-05-12,West,Home,373,1,80.0,12.0,0.0,46.4
2130,2025-12-03,East,Office,73,2,240.0,0.0,0.0,139.2
2131,2025-11-05,North,Office,375,2,240.0,12.0,0.0,139.2
2132,2025-04-30,East,Technology,109,5,125.0,18.75,0.0,72.5
2133,2025-01-02,West,Office,308,2,50.0,0.0,0.0,29.0
2134,2025-10-24,East,Technology,473,1,120.0,0.0,0.0,69.6
2135,2025-12-27,North,Technology,199,5,125.0,18.75,0.0,72.5
2136,2025-01-18,South,Office,136,4,100.0,15.0,0.0,58.0
2137,2025-05-27,North,Office,8,1,25.0,3.75,0.0,14.5
2138,2025-11-05,South,Technology,270,5,125.0,0.0,0.0,72.5
2139,2025-05-27,West,Home,417,3,240.0,0.0,0.0,139.2
2140,2025-07-15,North,Technology,402,2,160.0,24.0,0.0,92.8
2141,2025-09-30,West,Home,264,1,120.0,0.0,0.0,69.6
2142,2025-03-15,North,Technology,331,3,75.0,0.0,0.0,43.5
2143,2025-01-30,South,Office,260,3,240.0,36.0,0.0,139.2
2144,2025-08-03,East,Technology,498,4,320.0,0.0,0.0,185.6
2145,2025-05-09,North,Technology,282,4,180.0,0.0,0.0,104.4
2146,2025-03-22,North,Home,164,2,240.0,36.0,0.0,139.2
2147,2025-10-05,West,Office,94,2,50.0,0.0,0.0,29.0
2148,2025-09-01,South,Technology,43,3,135.0,20.25,0.0,78.3
2149,2025-07-11,North,Technology,441,3,240.0,0.0,0.0,139.2
2150,2025-06-22,North,Office,96,3,360.0,54.0,0.0,208.8
2151,2025-12-17,West,Technology,58,1,45.0,2.25,0.0,26.1
2152,2025-10-08,West,Office,74,4,480.0,24.0,0.0,278.4
2153,2025-09-12,West,Technology,418,1,45.0,2.25,0.0,26.1
2154,2025-04-09,South,Office,191,4,180.0,9.0,0.0,104.4
2155,2025-11-20,South,Home,50,4,480.0,24.0,0.0,278.4
2156,2025-03-26,South,Technology,488,2,240.0,36.0,0.0,139.2
2157,2025-07-31,East,Office,137,5,400.0,20.0,0.0,232.0
2158,2025-09-01,East,Office,23,3,75.0,11.25,0.0,43.5
2159,2025-09-04,South,Technology,297,4,180.0,27.0,0.0,104.4
2160,2025-02-28,West,Home,410,2,50.0,7.5,0.0,29.0
2161,2025-04-18,East,Home,142,5,400.0,60.0,0.0,232.0
2162,2025-06-23,West,Office,28,5,125.0,6.25,0.0,72.5
2163,2025-01-13,West,Home,119,2,50.0,0.0,0.0,29.0
2164,2025-01-08,East,Home,71,2,90.0,13.5,0.0,52.2
2165,2025-10-19,East,Office,277,4,100.0,5.0,0.0,58.0
2166,2025-10-22,South,Office,140,5,400.0,60.0,0.0,232.0
2167,2025-04-22,East,Technology,43,1,25.0,1.25,0.0,14.5
2168,2025-04-08,South,Technology,143,5,125.0,18.75,0.0,72.5
2169,2025-08-31,West,Home,330,3,75.0,11.25,0.0,43.5
2170,2025-08-12,North,Technology,200,4,320.0,0.0,0.0,185.6
2171,2025-03-06,West,Office,436,3,360.0,0.0,0.0,208.8
2172,2025-04-18,West,Office,2,3,135.0,20.25,0.0,78.3
2173,2025-09-09,North,Home,470,5,125.0,6.25,0.0,72.5
2174,2025-04-19,West,Home,317,1,45.0,0.0,0.0,26.1
2175,2025-10-26,South,Home,132,2,240.0,36.0,0.0,139.2
2176,2025-03-09,East,Home,79,2,160.0,8.0,0.0,92.8
2177,2025-12-12,West,Home,175,5,225.0,33.75,0.0,130.5
2178,2025-09-10,North,Technology,262,3,75.0,11.25,0.0,43.5
2179,2025-02-02,East,Home,155,1,25.0,3.75,0.0,14.5
2180,2025-11-14,North,Technology,337,3,135.0,20.25,0.0,78.3
2181,2025-09-04,West,Technology,398,5,600.0,90.0,0.0,348.0
2182,2025-09-28,East,Technology,441,2,160.0,0.0,0.0,92.8
2183,2025-10-14,West,Office,189,2,240.0,36.0,0.0,139.2
2184,2025-12-04,East,Home,193,1,120.0,6.0,0.0,69.6
2185,2025-11-13,West,Home,447,3,360.0,54.0,0.0,208.8
2186,2025-05-19,North,Office,199,4,100.0,0.0,0.0,58.0
2187,2025-08-30,North,Office,361,2,240.0,0.0,0.0,139.2
2188,2025-06-12,East,Technology,422,3,135.0,20.25,0.0,78.3
2189,2025-01-11,South,Office,290,1,25.0,1.25,23.75,14.5
2190,2025-02-06,West,Office,105,1,80.0,12.0,0.0,46.4
2191,2025-09-09,East,Office,171,1,25.0,3.75,0.0,14.5
2192,2025-07-06,South,Technology,401,2,50.0,2.5,0.0,29.0
2193,2025-12-19,West,Office,379,5,400.0,20.0,0.0,232.0
2194,2025-12-05,East,Technology,230,3,135.0,20.25,0.0,78.3
2195,2025-01-13,North,Technology,399,5,125.0,0.0,0.0,72.5
2196,2025-01-20,West,Technology,361,5,125.0,6.25,0.0,72.5
2197,2025-09-26,East,Office,254,2,90.0,4.5,0.0,52.2
2198,2025-07-25,South,Home,61,4,100.0,15.0,0.0,58.0
2199,2025-04-22,East,Office,249,4,480.0,24.0,0.0,278.4
2200,2025-12-29,North,Office,45,3,360.0,54.0,0.0,208.8
2201,2025-07-16,East,Office,32,1,80.0,4.0,0.0,46.4
2202,2025-12-15,North,Office,37,2,50.0,0.0,0.0,29.0
2203,2025-10-17,East,Office,229,4,320.0,48.0,0.0,185.6
2204,2025-03-17,North,Home,61,5,400.0,0.0,0.0,232.0
2205,2025-04-08,West,Office,144,2,160.0,8.0,0.0,92.8
2206,2025-02-21,South,Technology,38,3,135.0,0.0,0.0,78.3
2207,2025-02-13,North,Home,330,4,180.0,9.0,0.0,104.4
2208,2025-04-20,East,Office,137,2,90.0,0.0,0.0,52.2
2209,2025-05-23,West,Technology,222,1,45.0,2.25,0.0,26.1
2210,2025-04-08,West,Home,397,5,225.0,11.25,0.0,130.5
2211,2025-08-18,North,Technology,125,1,80.0,0.0,0.0,46.4
2212,2025-10-02,West,Office,163,2,240.0,12.0,0.0,139.2
2213,2025-01-27,North,Technology,300,1,80.0,12.0,0.0,46.4
2214,2025-11-16,West,Home,87,4,180.0,9.0,0.0,104.4
2215,2025-05-23,West,Technology,289,5,225.0,33.75,0.0,130.5
2216,2025-06-24,North,Office,345,5,125.0,6.25,0.0,72.5
2217,2025-05-12,North,Home,479,4,180.0,0.0,0.0,104.4
2218,2025-10-16,North,Office,118,4,320.0,16.0,0.0,185.6
2219,2025-03-16,West,Office,245,3,360.0,0.0,0.0,208.8
2220,2025-05-01,South,Office,184,3,360.0,0.0,0.0,208.8
2221,2025-12-09,North,Technology,192,1,120.0,0.0,0.0,69.6
2222,2025-12-27,East,Home,200,1,80.0,12.0,0.0,46.4
2223,2025-03-18,North,Office,292,1,45.0,2.25,0.0,26.1
2224,2025-03-25,South,Home,35,5,125.0,18.75,0.0,72.5
2225,2025-12-08,East,Office,485,2,90.0,13.5,0.0,52.2
2226,2025-08-26,North,Office,396,4,100.0,5.0,0.0,58.0
2227,2025-04-12,East,Home,483,2,160.0,24.0,0.0,92.8
2228,2025-04-30,South,Home,443,5,600.0,90.0,0.0,348.0
2229,2025-07-12,North,Technology,331,1,25.0,0.0,0.0,14.5
2230,2025-07-31,North,Home,428,2,240.0,12.0,0.0,139.2
2231,2025-05-28,West,Home,366,5,225.0,33.75,0.0,130.5
2232,2025-11-11,West,Office,113,3,240.0,0.0,0.0,139.2
2233,2025-06-02,South,Home,215,2,50.0,7.5,0.0,29.0
2234,2025-10-11,West,Home,234,2,160.0,0.0,0.0,92.8
2235,2025-02-15,East,Office,171,3,360.0,18.0,0.0,208.8
2236,2025-10-05,West,Office,95,3,240.0,36.0,0.0,139.2
2237,2025-08-07,East,Office,202,3,135.0,6.75,128.25,78.3
2238,2025-07-18,North,Office,396,4,180.0,0.0,0.0,104.4
2239,2025-02-06,North,Technology,489,4,100.0,0.0,0.0,58.0
2240,2025-09-15,West,Office,299,1,45.0,0.0,0.0,26.1
2241,2025-01-23,South,Home,14,4,180.0,27.0,0.0,104.4
2242,2025-01-01,South,Technology,139,1,25.0,3.75,0.0,14.5
2243,2025-05-01,West,Home,475,3,135.0,20.25,0.0,78.3
2244,2025-05-18,East,Home,286,5,225.0,11.25,213.75,130.5
2245,2025-09-08,East,Home,296,3,240.0,0.0,0.0,139.2
2246,2025-11-23,North,Office,84,1,120.0,6.0,0.0,69.6
2247,2025-07-14,South,Office,102,1,120.0,0.0,0.0,69.6
2248,2025-10-11,South,Technology,329,1,120.0,0.0,0.0,69.6
2249,2025-03-23,North,Office,110,3,135.0,20.25,0.0,78.3
2250,2025-11-10,South,Office,415,3,75.0,11.25,0.0,43.5
2251,2025-11-27,West,Office,108,3,135.0,0.0,135.0,78.3
2252,2025-03-09,South,Home,159,2,90.0,13.5,0.0,52.2
2253,2025-11-26,East,Office,217,1,120.0,18.0,0.0,69.6
2254,2025-03-11,East,Technology,403,5,225.0,33.75,0.0,130.5
2255,2025-01-19,North,Technology,332,3,75.0,11.25,0.0,43.5
2256,2025-09-26,West,Office,177,1,120.0,18.0,0.0,69.6
2257,2025-03-26,East,Office,146,2,160.0,0.0,0.0,92.8
2258,2025-07-21,South,Technology,215,1,45.0,2.25,0.0,26.1
2259,2025-11-12,North,Office,434,1,120.0,6.0,0.0,69.6
2260,2025-12-21,North,Office,81,5,125.0,6.25,0.0,72.5
2261,2025-03-01,South,Home,441,1,80.0,12.0,0.0,46.4
2262,2025-07-11,North,Office,449,5,600.0,0.0,0.0,348.0
2263,2025-07-24,South,Home,352,2,160.0,24.0,0.0,92.8
2264,2025-08-20,East,Home,172,5,225.0,33.75,0.0,130.5
2265,2025-08-11,East,Technology,420,5,600.0,30.0,570.0,348.0
2266,2025-02-23,West,Technology,136,2,50.0,7.5,0.0,29.0
2267,2025-05-15,East,Office,96,1,80.0,4.0,0.0,46.4
2268,2025-04-18,North,Technology,26,1,80.0,12.0,0.0,46.4
2269,2025-06-16,East,Home,153,1,80.0,4.0,0.0,46.4
2270,2025-10-28,West,Office,319,3,240.0,0.0,0.0,139.2
2271,2025-05-03,South,Technology,32,2,160.0,8.0,0.0,92.8
2272,2025-12-17,East,Technology,123,4,320.0,48.0,0.0,185.6
2273,2025-04-17,North,Home,404,3,360.0,54.0,0.0,208.8
2274,2025-09-26,East,Technology,388,5,400.0,20.0,0.0,232.0
2275,2025-05-01,North,Office,29,1,80.0,12.0,0.0,46.4
2276,2025-09-22,West,Home,73,2,90.0,4.5,0.0,52.2
2277,2025-01-12,East,Technology,113,5,125.0,6.25,0.0,72.5
2278,2025-02-10,East,Office,269,3,75.0,3.75,0.0,43.5
2279,2025-02-15,South,Home,328,1,25.0,1.25,0.0,14.5
2280,2025-01-04,South,Technology,88,3,240.0,36.0,0.0,139.2
2281,2025-07-03,North,Home,388,3,135.0,0.0,0.0,78.3
2282,2025-11-04,North,Technology,283,2,240.0,0.0,0.0,139.2
2283,2025-04-30,East,Home,213,1,80.0,4.0,76.0,46.4
2284,2025-12-18,North,Office,452,4,180.0,27.0,0.0,104.4
2285,2025-07-26,East,Technology,47,1,120.0,18.0,0.0,69.6
2286,2025-03-15,East,Home,428,4,480.0,24.0,0.0,278.4
2287,2025-05-26,East,Office,130,5,125.0,18.75,0.0,72.5
2288,2025-07-06,South,Office,303,1,80.0,12.0,0.0,46.4
2289,2025-12-21,West,Home,254,1,25.0,0.0,0.0,14.5
2290,2025-03-07,North,Home,311,1,80.0,0.0,0.0,46.4
2291,2025-10-10,North,Technology,135,5,400.0,0.0,400.0,232.0
2292,2025-10-20,South,Technology,152,1,25.0,0.0,25.0,14.5
2293,2025-03-04,South,Home,152,4,180.0,27.0,0.0,104.4
2294,2025-03-22,West,Office,14,2,240.0,36.0,0.0,139.2
2295,2025-05-04,North,Office,60,1,80.0,12.0,0.0,46.4
2296,2025-02-21,South,Home,471,5,225.0,11.25,0.0,130.5
2297,2025-11-07,East,Office,270,1,120.0,6.0,0.0,69.6
2298,2025-10-29,South,Office,58,3,360.0,18.0,0.0,208.8
2299,2025-04-21,West,Home,40,4,320.0,48.0,0.0,185.6
2300,2025-12-24,West,Technology,414,1,80.0,0.0,0.0,46.4
2301,2025-10-03,South,Technology,76,4,180.0,27.0,0.0,104.4
2302,2025-05-02,North,Technology,232,1,120.0,0.0,0.0,69.6
2303,2025-08-01,South,Office,127,5,225.0,0.0,0.0,130.5
2304,2025-08-05,North,Office,212,1,80.0,12.0,0.0,46.4
2305,2025-03-31,North,Office,55,5,225.0,33.75,0.0,130.5
2306,2025-08-04,West,Home,8,1,80.0,0.0,0.0,46.4
2307,2025-05-08,North,Technology,180,2,90.0,13.5,0.0,52.2
2308,2025-08-02,North,Home,454,4,480.0,0.0,0.0,278.4
2309,2025-02-23,South,Home,123,4,320.0,16.0,0.0,185.6
2310,2025-05-24,North,Home,411,1,120.0,0.0,0.0,69.6
2311,2025-08-11,South,Home,55,5,125.0,18.75,0.0,72.5
2312,2025-09-06,South,Office,422,3,135.0,20.25,0.0,78.3
2313,2025-10-28,East,Home,221,2,240.0,12.0,0.0,139.2
2314,2025-08-12,West,Technology,234,1,80.0,0.0,0.0,46.4
2315,2025-07-17,East,Home,338,3,135.0,20.25,0.0,78.3
2316,2025-11-12,West,Home,31,3,75.0,0.0,0.0,43.5
2317,2025-01-02,South,Office,457,2,240.0,12.0,0.0,139.2
2318,2025-03-19,North,Office,327,2,160.0,24.0,0.0,92.8
2319,2025-01-25,East,Technology,278,5,400.0,20.0,0.0,232.0
2320,2025-05-10,North,Home,166,1,25.0,1.25,0.0,14.5
2321,2025-02-03,North,Technology,319,1,45.0,6.75,0.0,26.1
2322,2025-05-30,West,Home,355,2,240.0,12.0,0.0,139.2
2323,2025-11-26,South,Office,287,2,90.0,13.5,0.0,52.2
2324,2025-08-09,North,Office,120,4,480.0,72.0,408.0,278.4
2325,2025-10-01,East,Home,484,5,225.0,33.75,0.0,130.5
2326,2025-07-17,West,Home,227,3,240.0,12.0,0.0,139.2
2327,2025-06-11,North,Home,449,3,360.0,54.0,0.0,208.8
2328,2025-07-05,South,Office,333,5,400.0,20.0,0.0,232.0
2329,2025-09-11,South,Office,326,3,135.0,0.0,0.0,78.3
2330,2025-07-09,West,Technology,283,5,125.0,0.0,0.0,72.5
2331,2025-03-18,West,Home,368,2,160.0,8.0,0.0,92.8
2332,2025-04-23,West,Home,209,5,400.0,60.0,0.0,232.0
2333,2025-03-27,East,Home,302,2,50.0,7.5,0.0,29.0
2334,2025-12-08,West,Home,157,1,80.0,0.0,0.0,46.4
2335,2025-07-16,West,Home,478,4,320.0,48.0,272.0,185.6
2336,2025-05-22,North,Office,474,4,480.0,0.0,0.0,278.4
2337,2025-03-14,East,Office,111,1,120.0,18.0,0.0,69.6
2338,2025-04-19,North,Home,229,2,160.0,24.0,0.0,92.8
2339,2025-12-24,West,Home,411,4,100.0,0.0,0.0,58.0
2340,2025-11-12,North,Home,217,5,225.0,0.0,0.0,130.5
2341,2025-04-29,East,Home,488,5,400.0,0.0,0.0,232.0
2342,2025-09-26,West,Home,413,3,75.0,0.0,0.0,43.5
2343,2025-04-26,South,Home,488,2,90.0,0.0,0.0,52.2
2344,2025-06-30,East,Home,114,3,240.0,12.0,0.0,139.2
2345,2025-02-08,West,Home,376,2,240.0,0.0,0.0,139.2
2346,2025-06-03,North,Office,362,5,600.0,30.0,0.0,348.0
2347,2025-12-15,West,Home,236,4,320.0,16.0,0.0,185.6
2348,2025-03-10,North,Home,485,4,100.0,0.0,0.0,58.0
2349,2025-05-22,West,Technology,14,3,75.0,3.75,0.0,43.5
2350,2025-06-01,West,Technology,31,3,75.0,0.0,0.0,43.5
2351,2025-09-06,East,Home,314,3,75.0,3.75,0.0,43.5
2352,2025-10-29,North,Home,196,4,480.0,72.0,0.0,278.4
2353,2025-04-16,East,Technology,226,3,240.0,36.0,0.0,139.2
2354,2025-04-23,West,Home,451,4,100.0,5.0,0.0,58.0
2355,2025-01-04,East,Technology,463,2,50.0,0.0,0.0,29.0
2356,2025-03-15,East,Technology,235,4,480.0,0.0,0.0,278.4
2357,2025-10-29,South,Office,407,2,50.0,7.5,0.0,29.0
2358,2025-02-03,North,Home,485,1,25.0,1.25,23.75,14.5
2359,2025-04-25,South,Home,116,3,240.0,36.0,0.0,139.2
2360,2025-08-01,South,Technology,239,3,135.0,20.25,0.0,78.3
2361,2025-12-09,North,Home,247,3,135.0,0.0,0.0,78.3
2362,2025-08-16,West,Office,344,5,125.0,0.0,125.0,72.5
2363,2025-07-31,West,Home,363,5,400.0,0.0,0.0,232.0
2364,2025-09-22,North,Office,4,3,75.0,0.0,0.0,43.5
2365,2025-03-09,East,Home,359,2,240.0,0.0,240.0,139.2
2366,2025-12-20,West,Home,40,5,125.0,6.25,0.0,72.5
2367,2025-08-18,South,Office,234,4,480.0,72.0,0.0,278.4
2368,2025-11-22,South,Technology,89,3,360.0,0.0,0.0,208.8
2369,2025-09-22,West,Technology,486,3,240.0,12.0,0.0,139.2
2370,2025-04-07,South,Technology,348,5,400.0,60.0,0.0,232.0
2371,2025-02-27,North,Technology,217,2,240.0,36.0,204.0,139.2
2372,2025-07-11,West,Home,183,1,120.0,0.0,0.0,69.6
2373,2025-05-20,West,Home,81,1,120.0,18.0,0.0,69.6
2374,2025-03-06,East,Office,223,2,160.0,0.0,0.0,92.8
2375,2025-07-11,West,Office,435,4,180.0,27.0,0.0,104.4
2376,2025-05-27,South,Technology,101,4,480.0,72.0,0.0,278.4
2377,2025-10-19,West,Home,31,4,100.0,5.0,0.0,58.0
2378,2025-09-23,East,Technology,159,2,160.0,8.0,0.0,92.8
2379,2025-05-16,West,Technology,390,1,120.0,0.0,0.0,69.6
2380,2025-07-21,North,Office,66,1,120.0,0.0,0.0,69.6
2381,2025-07-07,East,Technology,409,4,320.0,16.0,0.0,185.6
2382,2025-08-14,South,Technology,327,2,90.0,4.5,0.0,52.2
2383,2025-05-20,West,Home,151,4,480.0,0.0,0.0,278.4
2384,2025-06-19,East,Office,428,3,75.0,3.75,71.25,43.5
2385,2025-03-13,West,Technology,339,4,320.0,48.0,0.0,185.6
2386,2025-11-08,South,Technology,17,5,225.0,33.75,0.0,130.5
2387,2025-04-23,East,Technology,206,3,240.0,36.0,0.0,139.2
2388,2025-01-20,North,Home,457,1,80.0,12.0,0.0,46.4
2389,2025-11-10,South,Technology,459,3,75.0,3.75,0.0,43.5
2390,2025-04-12,West,Home,228,3,240.0,0.0,0.0,139.2
2391,2025-02-23,West,Technology,217,5,400.0,20.0,0.0,232.0
2392,2025-03-14,North,Office,306,3,240.0,36.0,0.0,139.2
2393,2025-04-12,South,Technology,266,3,360.0,54.0,0.0,208.8
2394,2025-05-29,North,Office,17,4,180.0,27.0,0.0,104.4
2395,2025-02-17,North,Technology,303,4,480.0,24.0,0.0,278.4
2396,2025-08-22,South,Home,336,4,320.0,48.0,0.0,185.6
2397,2025-04-09,West,Office,34,2,160.0,8.0,0.0,92.8
2398,2025-05-24,East,Home,182,5,400.0,60.0,0.0,232.0
2399,2025-01-14,East,Home,20,1,45.0,2.25,0.0,26.1
2400,2025-05-22,East,Office,315,4,480.0,72.0,0.0,278.4
