OrderKey,OrderDate,ProductKey,CustomerKey,CarrierKey,Units,GrossSales,Discount,Refund,COGS,Freight,Penalty,Expedite,OnTime,InFull,DelayDays
1,2024-02-14,4,35,2,71,2698,107.92,0.0,1645.78,49.95,0,0,1,1,0
2,2025-05-29,2,34,1,10,850,0,0,518.5,22.5,17.0,37.5,0,1,4
3,2025-12-03,3,43,1,31,186,7.44,0.0,113.46,22.65,0,0,1,0,0
4,2024-10-22,4,4,2,33,1254,150.48,0.0,764.94,32.85,0,0,1,1,0
5,2025-04-25,3,46,2,42,252,10.08,0.0,153.72,24.3,0,0,1,1,0
6,2025-01-24,3,46,3,41,246,19.68,0.0,150.06,24.15,4.53,45.25,0,1,2
7,2024-09-19,3,36,1,33,198,15.84,0.0,120.78,22.95,0,0,1,1,0
8,2024-04-11,3,10,2,78,468,56.16,0.0,285.48,29.7,0,0,1,1,0
9,2025-01-03,3,16,2,15,90,10.8,0.0,54.9,20.25,0,0,1,1,0
10,2024-01-31,3,9,2,10,60,7.2,0.0,36.6,19.5,0,0,1,1,0
11,2025-02-03,1,29,2,56,672,0,0,409.92,26.4,0,0,1,1,0
12,2025-01-24,1,28,3,10,120,0,0,73.2,19.5,2.4,0,0,1,1
13,2024-11-11,3,46,3,98,588,23.52,0.0,358.68,32.7,0,0,1,1,0
14,2024-04-18,1,15,3,29,348,0,0,212.28,22.35,6.96,42.25,0,1,2
15,2024-09-15,1,38,3,24,288,34.56,0.0,175.68,21.6,0,0,1,1,0
16,2025-11-03,3,46,2,78,468,37.44,0.0,285.48,29.7,0,0,1,1,0
17,2025-06-06,2,26,2,76,6460,516.8,0.0,3940.6,52.2,0,0,1,0,0
18,2024-12-24,1,6,2,32,384,30.72,0.0,234.24,22.8,0,0,1,1,0
19,2025-09-22,1,6,1,61,732,58.56,0.0,446.52,27.15,0,0,1,1,0
20,2024-02-05,1,35,2,61,732,29.28,0.0,446.52,27.15,0,0,1,1,0
21,2024-11-04,3,22,1,52,312,37.44,0.0,190.32,25.8,0,0,1,1,0
22,2025-05-08,4,30,1,52,1976,158.08,0.0,1205.36,41.4,0,0,1,1,0
23,2024-07-08,3,32,1,65,390,0,0,237.9,27.75,0,0,1,1,0
24,2024-04-20,3,37,3,76,456,36.48,0.0,278.16,29.4,8.39,0,0,1,1
25,2024-03-30,4,38,2,51,1938,0,0,1182.18,40.95,0,0,1,1,0
26,2024-03-10,3,14,3,97,582,46.56,0.0,355.02,32.55,10.71,0,0,1,1
27,2024-06-30,4,15,1,35,1330,0,0,811.3,33.75,0,0,1,1,0
28,2024-04-07,2,4,3,31,2635,210.8,0.0,1607.35,31.95,48.48,42.75,0,1,4
29,2025-12-19,2,31,3,53,4505,540.6,0.0,2748.05,41.85,0,0,1,1,0
30,2024-10-06,4,19,1,93,3534,141.36,0.0,2155.74,59.85,0,0,1,1,0
31,2025-12-29,4,35,2,12,456,36.48,0.0,278.16,23.4,0,0,1,1,0
32,2025-08-27,1,40,1,36,432,51.84,0.0,263.52,23.4,0,0,1,1,0
33,2024-06-14,1,42,1,91,1092,0,0,666.12,31.65,0,0,1,1,0
34,2024-03-19,3,8,2,83,498,39.84,0.0,303.78,30.45,0,0,1,1,0
35,2024-04-10,2,7,1,82,6970,557.6,0.0,4251.7,54.9,0,0,1,1,0
36,2025-07-25,3,44,3,27,162,0,0,98.82,22.05,3.24,41.75,0,1,2
37,2025-04-11,1,3,3,51,612,24.48,0.0,373.32,25.65,11.75,47.75,0,1,2
38,2025-08-01,1,25,3,45,540,21.6,0.0,329.4,24.75,0,0,1,1,0
39,2024-12-28,1,7,1,31,372,14.88,0.0,226.92,22.65,0,0,1,1,0
40,2025-03-09,3,26,3,13,78,0,0,47.58,19.95,1.56,38.25,0,1,2
41,2025-01-27,3,7,2,28,168,20.16,0.0,102.48,22.2,0,0,1,1,0
42,2024-12-28,2,15,2,97,8245,329.8,0.0,5029.45,61.65,158.3,59.25,0,1,2
43,2025-05-12,1,7,1,56,672,0,0,409.92,26.4,0,0,1,1,0
44,2025-07-18,4,4,2,20,760,91.2,0.0,463.6,27.0,0,0,1,1,0
45,2024-02-07,4,41,2,10,380,45.6,0.0,231.8,22.5,0,0,1,1,0
46,2025-08-19,1,17,1,91,1092,0,0,666.12,31.65,21.84,0,0,1,1
47,2024-06-18,4,32,3,57,2166,86.64,0.0,1321.26,43.65,41.59,49.25,0,1,4
48,2024-08-22,2,38,1,86,7310,584.8,0.0,4459.1,56.7,0,0,1,1,0
49,2025-03-22,1,29,1,95,1140,0,0,695.4,32.25,0,0,1,1,0
50,2024-02-20,2,36,3,13,1105,88.4,0.0,674.05,23.85,20.33,38.25,0,1,4
51,2025-12-01,1,46,2,69,828,33.12,0.0,505.08,28.35,0,0,1,1,0
52,2025-08-30,4,12,1,20,760,91.2,0.0,463.6,27.0,0,0,1,1,0
53,2025-11-22,4,19,1,18,684,27.36,0.0,417.24,26.1,0,0,1,1,0
54,2024-05-09,1,46,1,70,840,67.2,0.0,512.4,28.5,0,0,1,1,0
55,2024-07-28,1,42,1,44,528,63.36,0.0,322.08,24.6,0,0,1,1,0
56,2025-06-26,4,46,2,92,3496,0,0,2132.56,59.4,0,0,1,1,0
57,2025-08-16,4,19,3,31,1178,0,0,718.58,31.95,23.56,42.75,0,1,4
58,2024-10-23,1,11,2,87,1044,0,0,636.84,31.05,0,0,1,1,0
59,2024-04-22,2,28,1,42,3570,0,0,2177.7,36.9,0,0,1,1,0
60,2024-10-18,2,38,1,93,7905,316.2,0.0,4822.05,59.85,0,0,1,1,0
61,2025-03-25,3,3,2,83,498,0,0,303.78,30.45,0,0,1,1,0
62,2025-12-03,1,32,2,93,1116,133.92,0.0,680.76,31.95,0,0,1,1,0
63,2025-01-04,4,25,2,77,2926,234.08,0.0,1784.86,52.65,53.84,0,0,1,1
64,2025-03-09,3,17,2,23,138,11.04,0.0,84.18,21.45,2.54,40.75,0,1,4
65,2025-12-11,2,48,1,21,1785,142.8,0.0,1088.85,27.45,0,0,1,1,0
66,2024-05-21,4,43,3,77,2926,117.04,0.0,1784.86,52.65,56.18,0,0,1,1
67,2024-09-09,4,18,1,36,1368,54.72,0.0,834.48,34.2,0,0,1,1,0
68,2024-06-05,2,46,2,12,1020,0,0,622.2,23.4,0,0,1,1,0
69,2024-03-28,1,22,1,66,792,31.68,0.0,483.12,27.9,0,0,1,1,0
70,2024-11-07,3,14,1,15,90,10.8,0.0,54.9,20.25,1.58,38.75,0,1,2
71,2025-02-05,4,22,3,68,2584,0,0,1576.24,48.6,0,0,1,1,0
72,2024-06-05,2,29,2,56,4760,190.4,0.0,2903.6,43.2,0,0,1,1,0
73,2025-07-17,4,8,3,30,1140,91.2,0.0,695.4,31.5,20.98,42.5,0,1,2
74,2025-03-24,4,45,1,15,570,22.8,0.0,347.7,24.75,0,0,1,1,0
75,2024-07-23,2,6,2,39,3315,397.8,0.0,2022.15,35.55,0,0,1,1,0
76,2025-10-25,1,13,1,99,1188,95.04,0.0,724.68,32.85,0,0,1,1,0
77,2025-11-11,4,9,1,29,1102,88.16,0.0,672.22,31.05,20.28,0,0,1,1
78,2025-03-19,3,47,3,42,252,10.08,0.0,153.72,24.3,0,0,1,1,0
79,2025-03-08,3,47,1,26,156,18.72,0.0,95.16,21.9,0,0,1,1,0
80,2025-05-29,2,27,1,57,4845,193.8,0.0,2955.45,43.65,93.02,0,0,1,1
81,2024-04-21,1,38,1,11,132,5.28,0.0,80.52,19.65,0,0,1,1,0
82,2025-06-09,3,38,1,67,402,48.24,0.0,245.22,28.05,0,0,1,1,0
83,2024-11-04,1,31,3,39,468,56.16,0.0,285.48,23.85,8.24,0,0,1,1
84,2025-09-23,1,1,3,36,432,17.28,0.0,263.52,23.4,8.29,0,0,1,1
85,2024-03-07,3,37,1,90,540,64.8,0.0,329.4,31.5,9.5,57.5,0,1,2
86,2024-05-31,3,26,2,74,444,35.52,0.0,270.84,29.1,8.17,53.5,0,1,2
87,2024-10-07,1,11,3,62,744,0,0,453.84,27.3,14.88,50.5,0,1,2
88,2024-06-29,4,40,3,79,3002,120.08,0.0,1831.22,53.55,57.64,54.75,0,1,4
89,2024-11-17,2,21,2,91,7735,618.8,0.0,4718.35,58.95,0,0,1,1,0
90,2024-05-31,2,32,2,75,6375,765.0,0.0,3888.75,51.75,0,0,1,1,0
91,2025-12-01,4,35,2,10,380,15.2,0.0,231.8,22.5,7.3,37.5,0,1,4
92,2025-03-19,1,29,1,85,1020,122.4,0.0,622.2,30.75,0,0,1,1,0
93,2024-07-26,1,35,2,99,1188,142.56,0.0,724.68,32.85,0,0,1,1,0
94,2025-05-04,3,45,1,18,108,12.96,0.0,65.88,20.7,0,0,1,1,0
95,2025-08-06,4,6,3,13,494,59.28,0.0,301.34,23.85,8.69,38.25,0,1,4
96,2024-08-16,4,30,3,87,3306,132.24,0.0,2016.66,57.15,0,0,1,1,0
97,2025-08-18,1,25,2,32,384,0,384,234.24,22.8,0,0,1,1,0
98,2025-12-26,2,48,3,54,4590,550.8,0.0,2799.9,42.3,0,0,1,1,0
99,2025-04-27,2,3,1,14,1190,47.6,0.0,725.9,24.3,0,0,1,1,0
100,2025-05-26,4,32,1,17,646,25.84,0.0,394.06,25.65,12.4,39.25,0,1,2
101,2024-03-19,2,34,1,62,5270,0,0,3214.7,45.9,0,0,1,1,0
102,2024-01-20,2,26,2,95,8075,323.0,0.0,4925.75,60.75,0,0,1,1,0
103,2025-07-14,2,44,1,12,1020,122.4,0.0,622.2,23.4,0,0,1,1,0
104,2025-03-05,3,20,2,48,288,11.52,0.0,175.68,25.2,0,0,1,1,0
105,2025-03-23,2,25,3,27,2295,91.8,0.0,1399.95,30.15,0,0,1,1,0
106,2024-05-17,2,47,3,29,2465,197.2,0.0,1503.65,31.05,0,0,1,0,0
107,2024-02-28,3,10,3,39,234,28.08,0.0,142.74,23.85,4.12,0,0,1,1
108,2024-06-30,2,1,1,86,7310,584.8,0.0,4459.1,56.7,0,0,1,1,0
109,2025-01-16,4,26,3,23,874,34.96,0.0,533.14,28.35,16.78,40.75,0,1,4
110,2024-01-29,1,13,2,41,492,59.04,0.0,300.12,24.15,8.66,45.25,0,1,2
111,2024-04-26,3,18,3,34,204,24.48,0.0,124.44,23.1,3.59,43.5,0,1,4
112,2024-01-08,2,45,1,20,1700,204.0,0.0,1037.0,27.0,0,0,1,1,0
113,2024-09-24,3,22,2,37,222,0,0,135.42,23.55,0,0,1,1,0
114,2024-06-05,3,31,3,90,540,21.6,0.0,329.4,31.5,10.37,0,0,1,1
115,2024-04-05,4,37,2,95,3610,144.4,0.0,2202.1,60.75,0,0,1,1,0
116,2024-09-11,3,30,1,97,582,23.28,0.0,355.02,32.55,0,0,1,1,0
117,2025-05-02,2,45,1,15,1275,0,0,777.75,24.75,25.5,38.75,0,1,4
118,2025-01-20,3,10,1,41,246,29.52,0.0,150.06,24.15,0,0,1,1,0
119,2024-01-11,1,2,1,50,600,72.0,0.0,366.0,25.5,0,0,1,1,0
120,2024-12-02,4,23,2,94,3572,285.76,0.0,2178.92,60.3,0,0,1,1,0
121,2025-12-11,1,16,1,39,468,56.16,0.0,285.48,23.85,0,0,1,1,0
122,2024-05-14,1,44,3,17,204,0,0,124.44,20.55,4.08,39.25,0,0,2
123,2024-06-22,4,14,1,19,722,86.64,0.0,440.42,26.55,0,0,1,1,0
124,2024-02-12,4,20,3,63,2394,191.52,0.0,1460.34,46.35,44.05,50.75,0,0,2
125,2024-04-02,4,37,2,29,1102,88.16,0.0,672.22,31.05,0,0,1,1,0
126,2024-04-29,4,21,1,64,2432,194.56,0.0,1483.52,46.8,0,0,1,1,0
127,2024-10-05,4,35,1,47,1786,0,0,1089.46,39.15,35.72,0,0,1,1
128,2025-01-24,4,48,2,73,2774,0,0,1692.14,50.85,55.48,53.25,0,1,4
129,2024-02-05,1,1,1,99,1188,47.52,0.0,724.68,32.85,0,0,1,1,0
130,2025-03-17,3,3,1,86,516,0,0,314.76,30.9,0,0,1,1,0
131,2024-04-03,3,24,1,97,582,0,0,355.02,32.55,0,0,1,1,0
132,2025-08-18,3,9,1,92,552,66.24,0.0,336.72,31.8,0,0,1,1,0
133,2025-08-29,2,46,1,25,2125,85.0,0.0,1296.25,29.25,40.8,41.25,0,1,2
134,2025-09-03,2,45,3,47,3995,319.6,0.0,2436.95,39.15,0,0,1,1,0
135,2024-09-28,2,42,3,75,6375,255.0,0.0,3888.75,51.75,0,0,1,1,0
136,2024-11-22,3,26,2,25,150,12.0,0.0,91.5,21.75,0,0,1,1,0
137,2025-06-07,4,18,3,63,2394,95.76,0.0,1460.34,46.35,0,0,1,1,0
138,2024-01-30,2,12,1,41,3485,0,0,2125.85,36.45,0,0,1,1,0
139,2024-03-09,2,33,1,14,1190,0,0,725.9,24.3,23.8,38.5,0,1,2
140,2025-06-10,1,40,1,85,1020,81.6,0.0,622.2,30.75,0,0,1,1,0
141,2025-09-07,2,48,3,23,1955,0,0,1192.55,28.35,39.1,40.75,0,1,4
142,2024-11-09,3,14,2,94,564,45.12,0.0,344.04,32.1,10.38,58.5,0,1,2
143,2024-07-29,1,13,2,90,1080,129.6,0.0,658.8,31.5,0,0,1,1,0
144,2024-02-04,1,5,1,80,960,76.8,0.0,585.6,30.0,0,0,1,0,0
145,2025-07-16,2,38,1,83,7055,0,0,4303.55,55.35,0,0,1,1,0
146,2024-09-20,2,11,3,60,5100,408.0,0.0,3111.0,45.0,0,0,1,1,0
147,2024-03-11,3,29,3,29,174,0,0,106.14,22.35,0,0,1,1,0
148,2025-11-11,2,21,2,65,5525,221.0,0.0,3370.25,47.25,0,0,1,1,0
149,2025-12-18,4,20,2,25,950,76.0,0.0,579.5,29.25,0,0,1,1,0
150,2025-07-30,1,7,1,85,1020,81.6,0.0,622.2,30.75,18.77,56.25,0,1,2
151,2025-08-23,1,17,3,29,348,13.92,0.0,212.28,22.35,6.68,42.25,0,1,2
152,2025-03-19,3,35,3,73,438,17.52,0.0,267.18,28.95,8.41,53.25,0,1,4
153,2025-01-28,3,20,3,19,114,9.12,0.0,69.54,20.85,0,0,1,1,0
154,2025-05-03,4,28,3,28,1064,127.68,0.0,649.04,30.6,0,0,1,1,0
155,2025-12-18,3,14,3,90,540,21.6,0.0,329.4,31.5,0,0,1,1,0
156,2024-10-11,3,45,2,67,402,0,0,245.22,28.05,0,0,1,1,0
157,2025-03-03,2,24,3,61,5185,0,0,3162.85,45.45,0,0,1,1,0
158,2025-07-20,4,38,3,92,3496,139.84,0.0,2132.56,59.4,67.12,58.0,0,1,2
159,2025-04-02,4,27,3,76,2888,115.52,0.0,1761.68,52.2,55.45,0,0,1,1
160,2024-12-30,2,41,1,32,2720,326.4,0.0,1659.2,32.4,0,0,1,1,0
161,2025-05-24,2,44,3,99,8415,1009.8,0.0,5133.15,62.55,148.1,0,0,1,1
162,2024-06-22,1,30,3,37,444,17.76,0.0,270.84,23.55,8.52,44.25,0,1,2
163,2025-07-14,4,5,1,63,2394,287.28,0.0,1460.34,46.35,0,0,1,1,0
164,2024-05-11,2,21,2,81,6885,550.8,0.0,4199.85,54.45,126.68,0,0,1,1
165,2024-09-18,3,34,1,18,108,8.64,0.0,65.88,20.7,0,0,1,1,0
166,2024-12-02,3,34,1,74,444,0,0,270.84,29.1,8.88,53.5,0,1,2
167,2024-05-13,2,21,3,10,850,102.0,0.0,518.5,22.5,0,0,1,1,0
168,2024-07-09,3,36,2,53,318,0,0,193.98,25.95,6.36,0,0,1,1
169,2025-08-27,2,36,2,83,7055,282.2,0.0,4303.55,55.35,0,0,1,1,0
170,2025-10-23,2,6,3,32,2720,108.8,0.0,1659.2,32.4,0,0,1,1,0
171,2024-09-06,4,14,3,13,494,0,0,301.34,23.85,0,0,1,1,0
172,2024-05-20,1,22,2,27,324,25.92,0.0,197.64,22.05,5.96,0,0,1,1
173,2024-06-20,3,11,2,78,468,18.72,0.0,285.48,29.7,0,0,1,1,0
174,2025-03-08,1,3,2,75,900,0,0,549.0,29.25,0,0,1,0,0
175,2024-02-13,3,47,3,34,204,8.16,0.0,124.44,23.1,0,0,1,1,0
176,2024-04-03,2,17,3,41,3485,418.2,0.0,2125.85,36.45,61.34,0,0,1,1
177,2024-05-08,3,23,3,79,474,0,0,289.14,29.85,0,0,1,1,0
178,2025-07-28,2,47,3,49,4165,0,0,2540.65,40.05,0,0,1,1,0
179,2024-12-09,4,7,3,93,3534,424.08,0.0,2155.74,59.85,62.2,58.25,0,1,2
180,2024-04-09,1,6,3,34,408,0,408,248.88,23.1,0,0,1,1,0
181,2025-01-01,3,42,3,57,342,41.04,0.0,208.62,26.55,6.02,0,0,1,1
182,2024-07-01,3,12,3,42,252,20.16,0.0,153.72,24.3,4.64,45.5,0,1,2
183,2025-11-13,1,48,1,64,768,92.16,0.0,468.48,27.6,0,0,1,1,0
184,2025-12-01,1,43,1,63,756,0,0,461.16,27.45,0,0,1,1,0
185,2025-08-21,1,32,1,24,288,34.56,0.0,175.68,21.6,5.07,41.0,0,1,2
186,2024-10-17,4,30,2,59,2242,89.68,0.0,1367.62,44.55,0,0,1,1,0
187,2025-06-27,1,9,1,96,1152,46.08,0.0,702.72,32.4,22.12,59.0,0,1,2
188,2025-10-27,3,9,3,38,228,18.24,0.0,139.08,23.7,0,0,1,1,0
189,2025-10-21,1,6,1,96,1152,92.16,0.0,702.72,32.4,21.2,0,0,1,1
190,2025-07-21,1,25,2,19,228,18.24,0.0,139.08,20.85,0,0,1,1,0
191,2025-01-03,2,34,3,72,6120,0,0,3733.2,50.4,122.4,0,0,1,1
192,2025-09-04,4,20,2,25,950,76.0,0.0,579.5,29.25,0,0,1,1,0
193,2025-04-25,2,31,1,99,8415,336.6,0.0,5133.15,62.55,161.57,59.75,0,1,2
194,2024-12-28,3,34,2,75,450,0,0,274.5,29.25,0,0,1,1,0
195,2025-10-27,2,15,3,37,3145,0,0,1918.45,34.65,62.9,44.25,0,1,4
196,2025-01-03,4,18,2,98,3724,148.96,0.0,2271.64,62.1,0,0,1,1,0
197,2025-12-10,4,7,3,35,1330,0,0,811.3,33.75,0,0,1,1,0
198,2024-09-11,3,10,2,81,486,58.32,0.0,296.46,30.15,8.55,55.25,0,1,4
199,2025-06-06,3,18,2,11,66,5.28,0.0,40.26,19.65,0,0,1,1,0
200,2024-07-26,2,46,2,49,4165,499.8,0.0,2540.65,40.05,0,0,1,1,0
201,2024-06-01,1,24,2,86,1032,41.28,0.0,629.52,30.9,0,0,1,1,0
202,2025-08-30,2,39,3,41,3485,0,0,2125.85,36.45,69.7,45.25,0,1,4
203,2024-01-07,2,1,3,45,3825,153.0,0.0,2333.25,38.25,73.44,46.25,0,1,2
204,2025-06-14,1,25,1,19,228,9.12,0.0,139.08,20.85,0,0,1,1,0
205,2024-05-25,4,40,1,84,3192,383.04,0.0,1947.12,55.8,0,0,1,1,0
206,2024-12-12,4,4,1,64,2432,194.56,0.0,1483.52,46.8,0,0,1,1,0
207,2025-09-03,1,11,3,47,564,22.56,0.0,344.04,25.05,10.83,46.75,0,1,2
208,2025-09-18,1,35,1,43,516,0,0,314.76,24.45,0,0,1,1,0
209,2024-12-03,2,21,3,36,3060,0,0,1866.6,34.2,0,0,1,1,0
210,2024-02-27,4,28,1,68,2584,206.72,0.0,1576.24,48.6,0,0,1,1,0
211,2024-07-01,2,2,3,88,7480,299.2,0.0,4562.8,57.6,143.62,57.0,0,1,4
212,2025-01-02,1,47,2,40,480,38.4,0.0,292.8,24.0,0,0,1,1,0
213,2024-05-24,3,26,1,43,258,10.32,0.0,157.38,24.45,0,0,1,1,0
214,2024-09-20,4,10,2,69,2622,104.88,0.0,1599.42,49.05,0,0,1,1,0
215,2024-08-25,4,39,3,13,494,59.28,0.0,301.34,23.85,8.69,38.25,0,1,2
216,2024-12-04,1,14,1,49,588,47.04,0.0,358.68,25.35,0,0,1,1,0
217,2024-07-18,3,23,3,42,252,30.24,0.0,153.72,24.3,0,0,1,1,0
218,2024-01-17,1,44,1,94,1128,45.12,0.0,688.08,32.1,0,0,1,1,0
219,2024-09-07,1,4,3,14,168,6.72,0.0,102.48,20.1,0,0,1,1,0
220,2025-08-31,4,2,1,34,1292,51.68,0.0,788.12,33.3,0,0,1,1,0
221,2024-10-27,4,5,1,16,608,48.64,0.0,370.88,25.2,11.19,39.0,0,1,4
222,2025-01-06,2,10,2,92,7820,0,0,4770.2,59.4,0,0,1,1,0
223,2025-12-01,3,17,2,67,402,0,0,245.22,28.05,8.04,0,0,1,1
224,2025-11-08,1,43,2,31,372,29.76,0.0,226.92,22.65,0,0,1,1,0
225,2024-07-30,4,45,1,63,2394,95.76,0.0,1460.34,46.35,0,0,1,1,0
226,2025-12-30,1,43,2,79,948,113.76,0.0,578.28,29.85,0,0,1,0,0
227,2024-01-07,4,30,3,95,3610,433.2,0.0,2202.1,60.75,0,0,1,1,0
228,2024-10-12,3,3,2,79,474,0,0,289.14,29.85,9.48,0,0,1,1
229,2025-04-20,4,15,1,81,3078,246.24,0.0,1877.58,54.45,0,0,1,1,0
230,2025-04-22,2,29,2,24,2040,0,0,1244.4,28.8,0,0,1,1,0
231,2024-01-11,3,48,2,34,204,0,0,124.44,23.1,0,0,1,1,0
232,2025-03-14,1,24,1,59,708,84.96,0.0,431.88,26.85,0,0,1,1,0
233,2024-02-25,4,21,1,100,3800,456.0,0.0,2318.0,63.0,66.88,0,0,1,1
234,2024-09-20,3,41,3,33,198,7.92,0.0,120.78,22.95,3.8,43.25,0,1,2
235,2024-04-19,4,41,1,90,3420,273.6,0.0,2086.2,58.5,0,0,1,1,0
236,2024-01-04,1,15,2,20,240,19.2,0.0,146.4,21.0,0,0,1,1,0
237,2024-03-13,1,19,3,58,696,0,0,424.56,26.7,0,0,1,1,0
238,2024-06-22,2,34,3,84,7140,285.6,0.0,4355.4,55.8,0,0,1,1,0
239,2024-10-08,2,29,2,32,2720,326.4,0.0,1659.2,32.4,0,0,1,1,0
240,2024-12-10,2,43,2,41,3485,0,0,2125.85,36.45,0,0,1,1,0
241,2024-02-15,3,48,1,23,138,5.52,0.0,84.18,21.45,0,0,1,1,0
242,2024-03-25,1,38,2,85,1020,0,0,622.2,30.75,0,0,1,1,0
243,2025-10-13,2,26,2,68,5780,693.6,0.0,3525.8,48.6,0,0,1,1,0
244,2025-03-18,3,39,1,30,180,0,0,109.8,22.5,0,0,1,1,0
245,2024-08-09,3,37,1,10,60,0,0,36.6,19.5,0,0,1,1,0
246,2025-05-30,4,47,3,87,3306,132.24,0.0,2016.66,57.15,0,0,1,1,0
247,2025-04-17,3,16,1,75,450,54.0,0.0,274.5,29.25,0,0,1,0,0
248,2024-10-20,3,26,2,59,354,28.32,0.0,215.94,26.85,0,0,1,1,0
249,2025-03-25,4,35,2,66,2508,100.32,0.0,1529.88,47.7,0,0,1,1,0
250,2024-04-29,3,26,1,48,288,23.04,0.0,175.68,25.2,0,0,1,1,0
251,2025-09-14,1,16,3,86,1032,41.28,0.0,629.52,30.9,19.81,56.5,0,1,2
252,2025-12-08,3,41,2,99,594,0,0,362.34,32.85,0,0,1,1,0
253,2024-02-21,1,31,2,97,1164,46.56,0.0,710.04,32.55,0,0,1,1,0
254,2025-07-30,4,20,1,60,2280,91.2,0.0,1390.8,45.0,0,0,1,1,0
255,2024-02-03,4,14,3,45,1710,68.4,0.0,1043.1,38.25,0,0,1,1,0
256,2025-06-07,1,41,3,24,288,23.04,0.0,175.68,21.6,0,0,1,1,0
257,2025-06-19,1,40,1,93,1116,0,0,680.76,31.95,0,0,1,1,0
258,2025-09-01,4,20,3,43,1634,0,0,996.74,37.35,0,0,1,1,0
259,2025-06-01,3,42,1,71,426,34.08,0.0,259.86,28.65,0,0,1,1,0
260,2025-06-25,3,28,3,11,66,7.92,0.0,40.26,19.65,1.16,0,0,1,1
261,2025-07-30,3,48,1,19,114,4.56,0.0,69.54,20.85,0,0,1,1,0
262,2025-11-13,2,15,1,11,935,37.4,0.0,570.35,22.95,0,0,1,1,0
263,2024-05-19,2,36,1,85,7225,867.0,0.0,4407.25,56.25,0,0,1,1,0
264,2024-03-05,3,20,3,10,60,0,0,36.6,19.5,1.2,37.5,0,1,2
265,2024-08-26,4,26,1,47,1786,142.88,0.0,1089.46,39.15,32.86,46.75,0,1,2
266,2024-11-17,1,7,3,50,600,24.0,0.0,366.0,25.5,11.52,47.5,0,1,2
267,2024-07-30,4,26,3,15,570,45.6,0.0,347.7,24.75,0,0,1,1,0
268,2025-11-17,2,39,2,37,3145,125.8,0.0,1918.45,34.65,0,0,1,1,0
269,2024-02-01,3,5,1,91,546,65.52,0.0,333.06,31.65,0,0,1,1,0
270,2025-06-14,2,39,1,53,4505,540.6,0.0,2748.05,41.85,0,0,1,1,0
271,2024-12-05,1,43,1,37,444,0,0,270.84,23.55,0,0,1,1,0
272,2024-05-06,2,20,1,31,2635,316.2,0.0,1607.35,31.95,0,0,1,1,0
273,2024-12-30,4,34,3,47,1786,142.88,0.0,1089.46,39.15,0,0,1,1,0
274,2024-11-17,4,32,2,13,494,59.28,0.0,301.34,23.85,0,0,1,1,0
275,2024-02-16,2,30,3,87,7395,591.6,0.0,4510.95,57.15,0,0,1,1,0
276,2025-10-06,1,44,1,17,204,0,0,124.44,20.55,0,0,1,1,0
277,2024-06-03,3,48,3,29,174,20.88,0.0,106.14,22.35,3.06,42.25,0,1,4
278,2025-09-17,3,2,2,91,546,0,0,333.06,31.65,0,0,1,1,0
279,2025-09-23,3,44,1,20,120,4.8,0.0,73.2,21.0,0,0,1,1,0
280,2024-09-16,2,40,1,72,6120,734.4,5385.6,3733.2,50.4,0,0,1,1,0
281,2025-06-11,4,15,2,78,2964,237.12,0.0,1808.04,53.1,0,0,1,1,0
282,2025-04-19,3,14,1,17,102,12.24,0.0,62.22,20.55,0,0,1,1,0
283,2024-11-30,2,23,1,74,6290,754.8,0.0,3836.9,51.3,0,0,1,1,0
284,2024-06-16,2,12,3,62,5270,632.4,0.0,3214.7,45.9,0,0,1,1,0
285,2025-01-12,2,24,2,48,4080,489.6,0.0,2488.8,39.6,71.81,47.0,0,1,2
286,2025-11-03,4,44,1,28,1064,42.56,0.0,649.04,30.6,0,0,1,1,0
287,2025-01-08,3,7,1,22,132,10.56,0.0,80.52,21.3,0,0,1,1,0
288,2024-04-26,2,26,1,79,6715,268.6,0.0,4096.15,53.55,0,0,1,1,0
289,2024-09-22,4,20,1,92,3496,419.52,0.0,2132.56,59.4,0,0,1,1,0
290,2025-02-04,2,6,3,69,5865,469.2,0.0,3577.65,49.05,107.92,0,0,1,1
291,2025-04-26,4,3,1,93,3534,424.08,0.0,2155.74,59.85,0,0,1,1,0
292,2024-02-04,3,47,2,10,60,7.2,0.0,36.6,19.5,1.06,0,0,1,1
293,2025-02-15,4,9,3,59,2242,269.04,0.0,1367.62,44.55,39.46,0,0,1,1
294,2024-04-01,1,5,3,16,192,15.36,0.0,117.12,20.4,3.53,0,0,1,1
295,2024-11-24,2,28,3,79,6715,537.2,0.0,4096.15,53.55,123.56,0,0,1,1
296,2025-12-28,1,1,1,29,348,0,0,212.28,22.35,0,0,1,1,0
297,2025-04-22,2,2,2,59,5015,401.2,0.0,3059.15,44.55,0,0,1,1,0
298,2024-12-12,1,24,3,59,708,84.96,0.0,431.88,26.85,0,0,1,1,0
299,2025-09-13,1,43,2,32,384,15.36,0.0,234.24,22.8,0,0,1,1,0
300,2024-05-06,4,12,2,66,2508,100.32,0.0,1529.88,47.7,0,0,1,1,0
301,2024-11-22,3,31,1,61,366,0,0,223.26,27.15,0,0,1,1,0
302,2025-10-15,3,6,1,23,138,0,0,84.18,21.45,2.76,0,0,1,1
303,2024-12-19,1,5,3,36,432,34.56,0.0,263.52,23.4,0,0,1,1,0
304,2025-12-06,1,26,1,69,828,99.36,0.0,505.08,28.35,0,0,1,1,0
305,2024-03-08,1,6,1,74,888,106.56,0.0,541.68,29.1,0,0,1,1,0
306,2024-03-04,2,28,3,62,5270,210.8,0.0,3214.7,45.9,0,0,1,1,0
307,2024-08-06,4,34,1,35,1330,53.2,0.0,811.3,33.75,0,0,1,1,0
308,2025-10-22,3,30,1,94,564,45.12,0.0,344.04,32.1,0,0,1,1,0
309,2025-04-05,1,4,1,33,396,47.52,0.0,241.56,22.95,0,0,1,1,0
310,2025-10-09,3,34,3,11,66,5.28,0.0,40.26,19.65,1.21,0,0,1,1
311,2025-04-04,2,25,1,73,6205,744.6,0.0,3785.05,50.85,0,0,1,1,0
312,2025-04-06,1,40,1,98,1176,47.04,0.0,717.36,32.7,0,0,1,1,0
313,2025-04-26,4,26,3,71,2698,323.76,0.0,1645.78,49.95,0,0,1,1,0
314,2024-10-06,2,29,2,46,3910,0,0,2385.1,38.7,0,0,1,1,0
315,2025-04-23,4,31,3,91,3458,0,0,2109.38,58.95,69.16,0,0,1,1
316,2025-08-12,3,20,1,83,498,0,0,303.78,30.45,0,0,1,1,0
317,2025-01-07,4,14,3,15,570,68.4,0.0,347.7,24.75,0,0,1,1,0
318,2025-12-15,3,7,2,94,564,67.68,0.0,344.04,32.1,0,0,1,1,0
319,2024-02-26,2,10,1,40,3400,136.0,0.0,2074.0,36.0,0,0,1,1,0
320,2024-07-26,3,45,1,75,450,18.0,0.0,274.5,29.25,8.64,53.75,0,1,2
321,2025-07-17,3,24,2,89,534,42.72,0.0,325.74,31.35,0,0,1,1,0
322,2024-01-17,2,20,3,79,6715,0,0,4096.15,53.55,0,0,1,1,0
323,2024-07-25,2,10,1,22,1870,74.8,0.0,1140.7,27.9,0,0,1,1,0
324,2024-07-03,2,4,2,59,5015,401.2,0.0,3059.15,44.55,92.28,0,0,1,1
325,2024-05-30,1,22,1,90,1080,43.2,0.0,658.8,31.5,0,0,1,1,0
326,2024-12-27,2,10,3,29,2465,0,0,1503.65,31.05,49.3,0,0,1,1
327,2024-01-26,4,19,1,25,950,0,0,579.5,29.25,0,0,1,1,0
328,2025-03-03,3,31,2,85,510,40.8,0.0,311.1,30.75,0,0,1,1,0
329,2024-09-03,2,21,3,72,6120,244.8,5875.2,3733.2,50.4,117.5,53.0,0,1,4
330,2024-03-03,1,42,3,44,528,21.12,0.0,322.08,24.6,0,0,1,1,0
331,2025-02-11,3,31,3,69,414,16.56,0.0,252.54,28.35,0,0,1,1,0
332,2025-07-09,4,37,1,60,2280,182.4,0.0,1390.8,45.0,0,0,1,1,0
333,2024-10-25,3,7,3,24,144,0,0,87.84,21.6,0,0,1,1,0
334,2024-04-18,3,23,1,45,270,10.8,0.0,164.7,24.75,0,0,1,1,0
335,2024-01-13,1,24,2,78,936,74.88,0.0,570.96,29.7,0,0,1,1,0
336,2024-12-06,3,14,2,33,198,23.76,0.0,120.78,22.95,0,0,1,1,0
337,2025-05-29,1,38,2,70,840,33.6,0.0,512.4,28.5,0,0,1,1,0
338,2025-01-26,3,17,2,43,258,0,0,157.38,24.45,0,0,1,1,0
339,2025-12-28,3,42,2,36,216,8.64,0.0,131.76,23.4,4.15,0,0,1,1
340,2025-05-20,2,7,3,27,2295,183.6,0.0,1399.95,30.15,42.23,0,0,1,1
341,2024-03-02,1,40,3,33,396,15.84,0.0,241.56,22.95,0,0,1,1,0
342,2025-10-29,1,13,2,88,1056,84.48,0.0,644.16,31.2,19.43,57.0,0,1,2
343,2025-08-09,3,9,3,53,318,0,0,193.98,25.95,0,0,1,1,0
344,2025-02-10,3,38,1,96,576,23.04,0.0,351.36,32.4,0,0,1,1,0
345,2025-02-10,4,17,3,59,2242,179.36,0.0,1367.62,44.55,41.25,0,0,1,1
346,2024-02-08,1,4,3,19,228,27.36,0.0,139.08,20.85,4.01,0,0,1,1
347,2024-01-20,2,12,3,39,3315,0,0,2022.15,35.55,0,0,1,1,0
348,2025-05-07,4,19,1,66,2508,200.64,0.0,1529.88,47.7,0,0,1,1,0
349,2025-11-27,4,1,3,83,3154,252.32,0.0,1923.94,55.35,58.03,55.75,0,1,2
350,2025-02-19,2,38,2,68,5780,693.6,0.0,3525.8,48.6,0,0,1,1,0
351,2024-09-30,1,3,2,24,288,34.56,0.0,175.68,21.6,0,0,1,1,0
352,2025-10-07,3,21,3,69,414,16.56,0.0,252.54,28.35,0,0,1,1,0
353,2025-06-27,2,33,1,77,6545,0,0,3992.45,52.65,0,0,1,1,0
354,2024-01-09,3,41,2,61,366,14.64,0.0,223.26,27.15,0,0,1,1,0
355,2025-08-07,4,32,3,29,1102,44.08,0.0,672.22,31.05,0,0,1,1,0
356,2024-05-08,3,9,2,100,600,72.0,0.0,366.0,33.0,0,0,1,1,0
357,2025-07-29,1,23,2,26,312,24.96,0.0,190.32,21.9,0,0,1,1,0
358,2024-07-18,2,17,1,11,935,37.4,0.0,570.35,22.95,17.95,37.75,0,1,2
359,2025-11-03,1,39,2,29,348,27.84,0.0,212.28,22.35,0,0,1,1,0
360,2025-02-20,2,19,2,68,5780,0,0,3525.8,48.6,0,0,1,1,0
361,2025-11-04,4,16,1,21,798,95.76,0.0,486.78,27.45,0,0,1,1,0
362,2024-05-20,1,43,3,77,924,73.92,0.0,563.64,29.55,0,0,1,0,0
363,2024-12-08,1,8,1,87,1044,83.52,0.0,636.84,31.05,19.21,56.75,0,1,4
364,2024-07-15,4,41,3,29,1102,44.08,0.0,672.22,31.05,0,0,1,1,0
365,2024-12-15,4,46,3,95,3610,144.4,0.0,2202.1,60.75,69.31,0,0,1,1
366,2025-06-02,4,42,3,30,1140,0,0,695.4,31.5,0,0,1,1,0
367,2024-12-08,3,41,1,90,540,43.2,0.0,329.4,31.5,0,0,1,1,0
368,2025-02-11,4,32,3,63,2394,191.52,2202.48,1460.34,46.35,0,0,1,1,0
369,2024-06-28,4,15,1,44,1672,66.88,0.0,1019.92,37.8,0,0,1,1,0
370,2024-04-30,4,6,1,74,2812,337.44,2474.56,1715.32,51.3,0,0,1,1,0
371,2025-02-09,4,32,1,97,3686,294.88,0.0,2248.46,61.65,0,0,1,1,0
372,2025-02-12,4,32,2,35,1330,159.6,0.0,811.3,33.75,0,0,1,1,0
373,2024-01-24,4,17,2,71,2698,323.76,0.0,1645.78,49.95,0,0,1,1,0
374,2025-10-31,1,37,1,54,648,77.76,0.0,395.28,26.1,0,0,1,1,0
375,2024-12-04,4,20,3,29,1102,132.24,0.0,672.22,31.05,0,0,1,1,0
376,2024-12-27,1,10,1,67,804,0,0,490.44,28.05,0,0,1,1,0
377,2025-12-27,3,37,3,57,342,13.68,0.0,208.62,26.55,6.57,0,0,1,1
378,2025-05-02,1,26,2,69,828,33.12,0.0,505.08,28.35,0,0,1,1,0
379,2024-12-08,4,43,2,50,1900,152.0,0.0,1159.0,40.5,0,0,1,1,0
380,2024-10-30,2,35,1,83,7055,846.6,0.0,4303.55,55.35,0,0,1,1,0
381,2024-05-30,1,32,1,85,1020,81.6,0.0,622.2,30.75,0,0,1,1,0
382,2024-10-24,2,48,3,86,7310,584.8,0.0,4459.1,56.7,134.5,0,0,1,1
383,2024-07-11,1,29,1,73,876,0,0,534.36,28.95,0,0,1,1,0
384,2025-08-02,2,24,3,38,3230,258.4,0.0,1970.3,35.1,0,0,1,1,0
385,2025-03-25,4,27,1,12,456,54.72,0.0,278.16,23.4,0,0,1,1,0
386,2024-09-12,1,14,3,79,948,113.76,0.0,578.28,29.85,0,0,1,1,0
387,2025-05-17,2,11,3,31,2635,316.2,0.0,1607.35,31.95,0,0,1,1,0
388,2024-04-09,2,28,2,91,7735,0,0,4718.35,58.95,0,0,1,1,0
389,2025-05-26,2,38,1,10,850,34.0,0.0,518.5,22.5,0,0,1,1,0
390,2024-03-08,4,17,3,18,684,54.72,0.0,417.24,26.1,12.59,39.5,0,1,2
391,2025-06-24,3,9,1,26,156,18.72,0.0,95.16,21.9,0,0,1,1,0
392,2025-12-04,1,17,1,58,696,27.84,0.0,424.56,26.7,13.36,0,0,1,1
393,2025-09-01,2,27,2,99,8415,0,0,5133.15,62.55,0,0,1,1,0
394,2025-04-08,2,17,3,13,1105,88.4,0.0,674.05,23.85,0,0,1,1,0
395,2024-10-19,3,2,2,39,234,28.08,0.0,142.74,23.85,0,0,1,1,0
396,2025-06-12,3,33,2,69,414,33.12,0.0,252.54,28.35,0,0,1,1,0
397,2025-02-23,4,1,3,22,836,66.88,0.0,509.96,27.9,0,0,1,1,0
398,2024-09-01,4,2,3,92,3496,279.68,0.0,2132.56,59.4,0,0,1,1,0
399,2024-01-16,3,45,2,45,270,10.8,0.0,164.7,24.75,0,0,1,1,0
400,2025-10-02,2,44,2,44,3740,299.2,0.0,2281.4,37.8,0,0,1,1,0
401,2024-06-02,4,28,2,89,3382,405.84,0.0,2063.02,58.05,59.52,0,0,1,1
402,2024-01-24,2,37,3,96,8160,979.2,0.0,4977.6,61.2,143.62,0,0,1,1
403,2025-08-13,4,4,3,69,2622,209.76,0.0,1599.42,49.05,0,0,1,1,0
404,2024-05-13,2,4,3,84,7140,285.6,0.0,4355.4,55.8,137.09,0,0,1,1
405,2024-04-15,3,11,3,33,198,15.84,0.0,120.78,22.95,3.64,0,0,1,1
406,2025-03-29,4,5,3,32,1216,145.92,0.0,741.76,32.4,0,0,1,1,0
407,2024-09-15,4,27,1,56,2128,170.24,0.0,1298.08,43.2,0,0,1,1,0
408,2024-03-09,4,25,1,32,1216,145.92,0.0,741.76,32.4,21.4,0,0,1,1
409,2025-01-18,4,32,3,42,1596,63.84,0.0,973.56,36.9,0,0,1,1,0
410,2024-12-06,4,3,1,84,3192,127.68,0.0,1947.12,55.8,0,0,1,1,0
411,2024-06-11,3,43,2,71,426,34.08,0.0,259.86,28.65,0,0,1,1,0
412,2024-04-15,4,13,3,24,912,36.48,0.0,556.32,28.8,17.51,0,0,1,1
413,2024-07-19,4,44,2,82,3116,124.64,0.0,1900.76,54.9,0,0,1,1,0
414,2024-05-02,2,35,3,75,6375,765.0,0.0,3888.75,51.75,0,0,1,1,0
415,2024-06-09,1,23,1,73,876,0,0,534.36,28.95,0,0,1,1,0
416,2025-06-30,1,2,3,30,360,43.2,0.0,219.6,22.5,6.34,42.5,0,1,2
417,2025-07-12,2,45,2,24,2040,81.6,0.0,1244.4,28.8,0,0,1,0,0
418,2024-08-19,1,5,1,11,132,0,0,80.52,19.65,0,0,1,1,0
419,2024-02-11,4,25,3,73,2774,0,0,1692.14,50.85,0,0,1,1,0
420,2025-02-11,4,39,1,43,1634,65.36,0.0,996.74,37.35,31.37,0,0,1,1
421,2025-10-28,3,7,1,67,402,16.08,0.0,245.22,28.05,0,0,1,1,0
422,2024-09-11,3,32,1,87,522,0,0,318.42,31.05,0,0,1,1,0
423,2024-11-01,4,35,2,79,3002,0,0,1831.22,53.55,60.04,0,0,1,1
424,2024-02-26,4,4,3,93,3534,141.36,0.0,2155.74,59.85,0,0,1,1,0
425,2024-10-16,4,10,2,47,1786,142.88,0.0,1089.46,39.15,0,0,1,1,0
426,2024-05-28,2,40,3,45,3825,0,0,2333.25,38.25,0,0,1,1,0
427,2025-04-01,4,31,1,29,1102,44.08,0.0,672.22,31.05,0,0,1,1,0
428,2025-04-19,4,44,3,44,1672,0,0,1019.92,37.8,0,0,1,1,0
429,2024-03-19,4,19,1,45,1710,205.2,0.0,1043.1,38.25,0,0,1,1,0
430,2025-02-05,1,23,2,72,864,0,0,527.04,28.8,0,0,1,1,0
431,2024-02-02,4,22,3,58,2204,176.32,0.0,1344.44,44.1,0,0,1,1,0
432,2024-10-23,4,33,1,80,3040,243.2,0.0,1854.4,54.0,0,0,1,1,0
433,2025-04-08,2,1,3,34,2890,346.8,0.0,1762.9,33.3,50.86,43.5,0,1,2
434,2025-10-18,2,10,2,16,1360,54.4,0.0,829.6,25.2,0,0,1,1,0
435,2024-03-30,2,45,1,21,1785,214.2,0.0,1088.85,27.45,0,0,1,1,0
436,2024-07-22,2,23,3,75,6375,0,0,3888.75,51.75,127.5,53.75,0,1,2
437,2025-01-20,2,2,2,68,5780,693.6,0.0,3525.8,48.6,0,0,1,1,0
438,2024-12-09,4,43,2,47,1786,0,0,1089.46,39.15,0,0,1,1,0
439,2024-05-13,2,34,2,10,850,0,0,518.5,22.5,0,0,1,1,0
440,2025-03-11,3,28,1,69,414,0,0,252.54,28.35,0,0,1,1,0
441,2025-12-21,2,43,1,78,6630,265.2,0.0,4044.3,53.1,0,0,1,1,0
442,2024-09-11,3,14,1,85,510,20.4,0.0,311.1,30.75,0,0,1,1,0
443,2025-08-29,1,27,2,28,336,0,0,204.96,22.2,0,0,1,1,0
444,2025-04-06,1,4,3,57,684,54.72,0.0,417.24,26.55,0,0,1,1,0
445,2025-01-01,2,27,3,78,6630,265.2,0.0,4044.3,53.1,127.3,0,0,1,1
446,2025-01-10,2,25,2,37,3145,377.4,0.0,1918.45,34.65,0,0,1,1,0
447,2025-02-22,4,17,1,82,3116,0,0,1900.76,54.9,0,0,1,1,0
448,2025-12-08,2,22,1,65,5525,442.0,0.0,3370.25,47.25,101.66,51.25,0,0,2
449,2025-08-21,2,5,2,77,6545,785.4,0.0,3992.45,52.65,115.19,54.25,0,1,4
450,2025-02-02,1,34,1,83,996,119.52,0.0,607.56,30.45,0,0,1,1,0
451,2025-03-08,4,31,2,93,3534,282.72,0.0,2155.74,59.85,0,0,1,1,0
452,2024-08-13,3,4,1,28,168,20.16,0.0,102.48,22.2,0,0,1,1,0
453,2024-02-25,4,29,2,16,608,0,0,370.88,25.2,12.16,39.0,0,1,2
454,2025-11-28,3,7,3,37,222,8.88,0.0,135.42,23.55,4.26,44.25,0,1,2
455,2025-10-07,3,44,1,100,600,24.0,0.0,366.0,33.0,0,0,1,1,0
456,2025-02-01,1,20,2,84,1008,0,0,614.88,30.6,0,0,1,1,0
457,2024-11-14,2,18,1,65,5525,442.0,0.0,3370.25,47.25,0,0,1,1,0
458,2025-02-23,3,14,3,84,504,20.16,0.0,307.44,30.6,0,0,1,1,0
459,2025-06-12,1,20,2,87,1044,0,0,636.84,31.05,0,0,1,1,0
460,2024-07-13,4,39,2,37,1406,112.48,0.0,857.66,34.65,0,0,1,1,0
461,2024-10-08,2,31,1,43,3655,438.6,0.0,2229.55,37.35,0,0,1,1,0
462,2025-05-03,3,26,3,88,528,21.12,0.0,322.08,31.2,10.14,57.0,0,1,4
463,2025-11-05,3,9,1,91,546,21.84,0.0,333.06,31.65,0,0,1,1,0
464,2025-12-07,2,5,2,59,5015,200.6,0.0,3059.15,44.55,96.29,49.75,0,1,4
465,2024-11-14,1,2,3,62,744,29.76,0.0,453.84,27.3,0,0,1,1,0
466,2025-02-04,1,11,2,46,552,0,0,336.72,24.9,0,0,1,0,0
467,2024-09-09,2,24,2,13,1105,88.4,0.0,674.05,23.85,20.33,0,0,1,1
468,2025-09-22,3,21,1,46,276,33.12,0.0,168.36,24.9,0,0,1,1,0
469,2025-06-14,4,34,1,24,912,0,0,556.32,28.8,0,0,1,1,0
470,2025-06-29,1,1,1,86,1032,0,0,629.52,30.9,20.64,0,0,0,1
471,2024-11-12,3,22,2,33,198,7.92,0.0,120.78,22.95,0,0,1,1,0
472,2024-04-07,1,3,3,91,1092,43.68,0.0,666.12,31.65,0,0,1,1,0
473,2025-05-01,3,14,3,37,222,17.76,0.0,135.42,23.55,0,0,1,1,0
474,2024-08-15,1,3,3,66,792,63.36,728.64,483.12,27.9,0,0,1,1,0
475,2025-05-24,2,2,2,29,2465,98.6,0.0,1503.65,31.05,47.33,0,0,1,1
476,2024-11-30,1,23,3,100,1200,0,0,732.0,33.0,0,0,1,1,0
477,2025-08-30,3,17,3,75,450,18.0,0.0,274.5,29.25,8.64,53.75,0,1,4
478,2025-06-16,3,40,2,77,462,18.48,0.0,281.82,29.55,0,0,1,1,0
479,2025-09-26,4,14,1,64,2432,291.84,0.0,1483.52,46.8,0,0,1,1,0
480,2024-04-29,4,26,3,95,3610,433.2,3176.8,2202.1,60.75,0,0,1,1,0
481,2025-02-20,1,22,2,71,852,0,0,519.72,28.65,0,0,1,1,0
482,2025-03-15,3,18,1,85,510,20.4,0.0,311.1,30.75,0,0,1,0,0
483,2024-03-21,4,9,1,55,2090,250.8,0.0,1274.9,42.75,0,0,1,1,0
484,2025-10-14,4,42,2,23,874,34.96,0.0,533.14,28.35,0,0,1,1,0
485,2025-01-03,1,32,2,17,204,16.32,0.0,124.44,20.55,0,0,1,1,0
486,2025-02-21,3,15,2,61,366,14.64,0.0,223.26,27.15,0,0,1,1,0
487,2025-04-11,1,25,3,51,612,48.96,0.0,373.32,25.65,11.26,0,0,1,1
488,2025-03-20,3,37,3,98,588,70.56,0.0,358.68,32.7,10.35,0,0,1,1
489,2025-05-14,3,7,2,69,414,49.68,0.0,252.54,28.35,7.29,0,0,1,1
490,2025-03-02,3,45,2,15,90,7.2,0.0,54.9,20.25,1.66,38.75,0,1,2
491,2025-01-11,2,27,1,73,6205,248.2,0.0,3785.05,50.85,0,0,1,1,0
492,2024-07-26,2,37,3,45,3825,306.0,0.0,2333.25,38.25,0,0,1,1,0
493,2024-03-29,1,18,3,25,300,0,0,183.0,21.75,6.0,0,0,0,1
494,2024-12-23,4,19,1,27,1026,0,0,625.86,30.15,0,0,1,1,0
495,2024-06-15,3,30,3,63,378,30.24,0.0,230.58,27.45,0,0,1,1,0
496,2025-07-23,4,38,2,40,1520,60.8,0.0,927.2,36.0,0,0,1,1,0
497,2025-10-29,4,44,2,70,2660,212.8,0.0,1622.6,49.5,0,0,1,1,0
498,2025-10-17,3,36,3,59,354,0,0,215.94,26.85,0,0,1,1,0
499,2025-01-04,2,21,3,13,1105,44.2,0.0,674.05,23.85,0,0,1,1,0
500,2025-10-20,4,21,2,14,532,42.56,0.0,324.52,24.3,0,0,1,1,0
501,2024-11-15,1,5,2,74,888,106.56,0.0,541.68,29.1,0,0,1,1,0
502,2024-08-07,4,32,3,35,1330,53.2,0.0,811.3,33.75,0,0,1,1,0
503,2024-05-25,2,23,3,34,2890,115.6,0.0,1762.9,33.3,55.49,43.5,0,0,2
504,2024-11-12,4,48,2,19,722,86.64,0.0,440.42,26.55,0,0,1,1,0
505,2025-06-20,1,38,1,84,1008,120.96,0.0,614.88,30.6,17.74,0,0,1,1
506,2025-11-21,2,17,2,67,5695,0,0,3473.95,48.15,0,0,1,1,0
507,2024-07-04,2,7,3,57,4845,581.4,0.0,2955.45,43.65,85.27,49.25,0,1,2
508,2024-03-31,2,24,1,59,5015,200.6,0.0,3059.15,44.55,0,0,1,1,0
509,2025-10-23,1,30,3,76,912,36.48,0.0,556.32,29.4,0,0,1,1,0
510,2025-12-12,1,20,3,36,432,17.28,0.0,263.52,23.4,8.29,0,0,0,1
511,2024-07-20,1,25,1,38,456,18.24,0.0,278.16,23.7,8.76,44.5,0,1,4
512,2025-08-15,3,44,1,30,180,14.4,0.0,109.8,22.5,0,0,1,1,0
513,2025-02-05,2,15,1,65,5525,663.0,0.0,3370.25,47.25,97.24,51.25,0,0,2
514,2024-08-28,4,41,3,46,1748,69.92,0.0,1066.28,38.7,0,0,1,1,0
515,2024-12-19,1,11,2,76,912,36.48,0.0,556.32,29.4,0,0,1,1,0
516,2024-09-23,1,33,2,66,792,31.68,0.0,483.12,27.9,15.21,0,0,1,1
517,2025-11-01,1,28,3,21,252,10.08,0.0,153.72,21.15,0,0,1,1,0
518,2024-02-23,4,38,1,73,2774,0,0,1692.14,50.85,55.48,0,0,1,1
519,2024-04-22,2,35,2,74,6290,503.2,0.0,3836.9,51.3,0,0,1,1,0
520,2025-10-29,4,34,2,37,1406,168.72,0.0,857.66,34.65,0,0,1,1,0
521,2025-02-07,3,35,3,35,210,16.8,0.0,128.1,23.25,0,0,1,1,0
522,2024-05-21,1,1,2,22,264,21.12,0.0,161.04,21.3,0,0,1,1,0
523,2024-07-02,2,29,3,54,4590,367.2,0.0,2799.9,42.3,0,0,1,1,0
524,2024-06-15,4,29,2,100,3800,0,0,2318.0,63.0,0,0,1,1,0
525,2025-10-12,3,32,2,41,246,9.84,236.16,150.06,24.15,0,0,1,0,0
526,2024-06-13,4,18,3,50,1900,152.0,0.0,1159.0,40.5,0,0,1,1,0
527,2024-03-03,4,37,1,77,2926,234.08,0.0,1784.86,52.65,0,0,1,1,0
528,2025-11-03,4,31,1,57,2166,0,0,1321.26,43.65,0,0,1,1,0
529,2025-04-05,2,19,1,91,7735,309.4,0.0,4718.35,58.95,0,0,1,1,0
530,2024-03-20,4,20,3,38,1444,173.28,0.0,880.84,35.1,25.41,44.5,0,1,2
531,2025-12-06,2,27,3,20,1700,68.0,0.0,1037.0,27.0,32.64,0,0,1,1
532,2025-01-02,4,24,1,93,3534,0,0,2155.74,59.85,0,0,1,1,0
533,2025-05-18,2,1,1,30,2550,0,0,1555.5,31.5,0,0,1,1,0
534,2025-10-20,1,1,1,18,216,25.92,0.0,131.76,20.7,0,0,1,1,0
535,2025-11-30,2,28,2,92,7820,625.6,0.0,4770.2,59.4,0,0,1,1,0
536,2024-03-02,3,42,1,22,132,15.84,0.0,80.52,21.3,0,0,1,1,0
537,2024-05-28,2,11,3,83,7055,564.4,6490.6,4303.55,55.35,0,0,1,1,0
538,2025-12-06,2,14,3,27,2295,0,0,1399.95,30.15,0,0,1,1,0
539,2025-10-13,1,19,2,10,120,14.4,0.0,73.2,19.5,2.11,0,0,1,1
540,2024-03-07,2,39,2,51,4335,520.2,0.0,2644.35,40.95,76.3,0,0,1,1
541,2024-01-06,2,17,2,81,6885,275.4,0.0,4199.85,54.45,0,0,1,1,0
542,2025-12-28,4,10,3,79,3002,360.24,0.0,1831.22,53.55,52.84,54.75,0,1,4
543,2024-01-16,1,4,1,23,276,22.08,0.0,168.36,21.45,0,0,1,1,0
544,2025-12-07,2,3,3,38,3230,258.4,0.0,1970.3,35.1,59.43,0,0,1,1
545,2024-06-24,3,33,1,92,552,44.16,0.0,336.72,31.8,10.16,0,0,1,1
546,2024-07-21,3,40,1,15,90,0,0,54.9,20.25,1.8,0,0,1,1
547,2025-02-19,2,41,1,81,6885,826.2,0.0,4199.85,54.45,0,0,1,1,0
548,2024-01-07,1,6,3,93,1116,133.92,0.0,680.76,31.95,0,0,1,1,0
549,2024-05-19,2,28,2,20,1700,0,1700,1037.0,27.0,34.0,40.0,0,1,2
550,2025-03-12,2,40,2,46,3910,312.8,0.0,2385.1,38.7,71.94,46.5,0,1,2
551,2025-01-11,2,6,1,32,2720,108.8,0.0,1659.2,32.4,0,0,1,1,0
552,2024-03-25,2,23,3,86,7310,292.4,0.0,4459.1,56.7,0,0,1,1,0
553,2024-09-11,2,28,2,19,1615,193.8,0.0,985.15,26.55,0,0,1,1,0
554,2024-03-19,1,32,1,56,672,53.76,0.0,409.92,26.4,0,0,1,1,0
555,2025-11-16,2,6,1,23,1955,156.4,0.0,1192.55,28.35,0,0,1,1,0
556,2024-03-12,3,40,3,74,444,17.76,0.0,270.84,29.1,8.52,53.5,0,1,4
557,2024-04-22,2,13,3,73,6205,0,0,3785.05,50.85,0,0,1,1,0
558,2025-10-05,1,15,1,36,432,17.28,0.0,263.52,23.4,0,0,1,1,0
559,2024-11-05,1,47,3,11,132,15.84,0.0,80.52,19.65,2.32,37.75,0,1,4
560,2025-06-07,1,26,2,57,684,54.72,0.0,417.24,26.55,0,0,1,1,0
561,2024-05-25,1,8,2,35,420,33.6,0.0,256.2,23.25,0,0,1,1,0
562,2025-12-10,2,45,2,83,7055,846.6,0.0,4303.55,55.35,0,0,1,1,0
563,2025-11-08,3,39,3,49,294,11.76,0.0,179.34,25.35,5.64,0,0,1,1
564,2024-02-15,4,7,3,58,2204,88.16,0.0,1344.44,44.1,42.32,49.5,0,1,2
565,2025-03-26,2,38,2,38,3230,387.6,0.0,1970.3,35.1,0,0,1,1,0
566,2024-11-14,1,32,2,56,672,80.64,0.0,409.92,26.4,11.83,0,0,1,1
567,2025-06-02,2,30,2,92,7820,625.6,0.0,4770.2,59.4,0,0,1,1,0
568,2025-06-17,2,24,2,19,1615,64.6,0.0,985.15,26.55,0,0,1,1,0
569,2025-03-11,3,26,1,51,306,36.72,0.0,186.66,25.65,0,0,1,1,0
570,2025-04-27,4,14,3,46,1748,139.84,0.0,1066.28,38.7,0,0,1,1,0
571,2025-08-31,3,38,1,17,102,0,0,62.22,20.55,0,0,1,1,0
572,2024-08-21,2,32,1,31,2635,210.8,0.0,1607.35,31.95,0,0,1,1,0
573,2025-05-20,3,3,1,50,300,24.0,0.0,183.0,25.5,0,0,1,1,0
574,2024-03-03,2,25,3,74,6290,503.2,0.0,3836.9,51.3,0,0,1,1,0
575,2024-12-20,1,36,3,88,1056,0,0,644.16,31.2,0,0,1,1,0
576,2025-02-10,1,37,1,38,456,36.48,0.0,278.16,23.7,8.39,0,0,1,1
577,2024-05-15,2,18,3,18,1530,0,0,933.3,26.1,0,0,1,1,0
578,2025-07-29,3,10,3,43,258,30.96,0.0,157.38,24.45,4.54,0,0,1,1
579,2024-10-12,1,20,2,85,1020,122.4,0.0,622.2,30.75,0,0,1,1,0
580,2025-08-09,2,38,1,94,7990,639.2,0.0,4873.9,60.3,0,0,1,1,0
581,2025-04-27,3,31,3,87,522,0,0,318.42,31.05,10.44,0,0,1,1
582,2024-09-29,2,22,2,48,4080,489.6,0.0,2488.8,39.6,0,0,1,1,0
583,2025-05-17,3,44,2,56,336,13.44,0.0,204.96,26.4,0,0,1,1,0
584,2024-11-25,1,11,2,47,564,0,0,344.04,25.05,11.28,46.75,0,1,2
585,2025-03-01,1,13,3,53,636,25.44,0.0,387.96,25.95,0,0,1,1,0
586,2025-01-30,3,7,1,74,444,35.52,0.0,270.84,29.1,8.17,0,0,1,1
587,2025-03-17,2,48,2,69,5865,703.8,0.0,3577.65,49.05,0,0,1,1,0
588,2025-07-12,1,20,1,77,924,73.92,0.0,563.64,29.55,17.0,0,0,1,1
589,2024-09-26,3,3,1,97,582,0,0,355.02,32.55,0,0,1,1,0
590,2025-11-08,2,17,3,49,4165,0,0,2540.65,40.05,0,0,1,1,0
591,2024-01-17,4,21,2,78,2964,237.12,0.0,1808.04,53.1,0,0,1,1,0
592,2024-05-25,4,12,2,85,3230,0,0,1970.3,56.25,0,0,1,1,0
593,2024-10-15,3,7,1,35,210,25.2,0.0,128.1,23.25,0,0,1,0,0
594,2024-03-03,2,7,1,92,7820,0,0,4770.2,59.4,0,0,1,1,0
595,2025-05-26,3,25,2,61,366,43.92,0.0,223.26,27.15,0,0,1,1,0
596,2025-07-29,1,32,2,81,972,38.88,0.0,592.92,30.15,18.66,0,0,0,1
597,2024-04-14,2,37,1,16,1360,0,0,829.6,25.2,0,0,1,1,0
598,2024-08-29,4,13,3,46,1748,209.76,0.0,1066.28,38.7,0,0,1,1,0
599,2024-10-27,1,16,3,23,276,11.04,0.0,168.36,21.45,0,0,1,1,0
600,2024-10-20,1,42,3,78,936,0,0,570.96,29.7,0,0,1,1,0
601,2024-01-03,3,45,3,29,174,20.88,0.0,106.14,22.35,3.06,0,0,1,1
602,2025-06-20,4,1,2,44,1672,200.64,0.0,1019.92,37.8,0,0,1,1,0
603,2024-08-06,2,47,3,93,7905,316.2,7588.8,4822.05,59.85,0,0,1,1,0
604,2024-11-16,1,36,2,94,1128,0,0,688.08,32.1,0,0,1,1,0
605,2024-06-08,3,1,2,87,522,62.64,0.0,318.42,31.05,0,0,1,1,0
606,2024-03-30,4,27,2,15,570,22.8,0.0,347.7,24.75,0,0,1,1,0
607,2024-01-24,1,14,1,61,732,29.28,0.0,446.52,27.15,0,0,1,1,0
608,2024-09-17,1,29,1,68,816,97.92,0.0,497.76,28.2,0,0,1,1,0
609,2025-02-06,1,21,1,14,168,0,0,102.48,20.1,0,0,1,1,0
610,2024-04-08,3,6,3,88,528,0,0,322.08,31.2,0,0,1,1,0
611,2024-03-25,2,31,1,76,6460,258.4,0.0,3940.6,52.2,0,0,1,1,0
612,2024-11-10,1,22,2,83,996,0,0,607.56,30.45,0,0,1,1,0
613,2024-01-29,1,37,3,66,792,95.04,0.0,483.12,27.9,13.94,0,0,1,1
614,2024-06-13,1,15,3,41,492,39.36,0.0,300.12,24.15,0,0,1,1,0
615,2024-06-18,4,16,1,15,570,45.6,0.0,347.7,24.75,0,0,1,1,0
616,2024-11-16,3,20,3,36,216,0,0,131.76,23.4,0,0,1,1,0
617,2025-08-31,3,10,3,39,234,18.72,0.0,142.74,23.85,0,0,1,1,0
618,2025-11-21,1,23,1,18,216,17.28,0.0,131.76,20.7,0,0,1,1,0
619,2024-05-19,4,1,1,74,2812,337.44,0.0,1715.32,51.3,0,0,1,1,0
620,2024-05-10,1,28,1,20,240,0,0,146.4,21.0,0,0,1,1,0
621,2025-11-24,3,4,2,14,84,0,0,51.24,20.1,0,0,1,1,0
622,2024-08-06,4,46,1,38,1444,115.52,0.0,880.84,35.1,0,0,1,0,0
623,2025-10-30,3,7,1,14,84,6.72,0.0,51.24,20.1,1.55,0,0,1,1
624,2025-10-14,3,10,3,38,228,18.24,0.0,139.08,23.7,0,0,1,0,0
625,2024-10-05,1,25,1,62,744,29.76,0.0,453.84,27.3,14.28,50.5,0,1,4
626,2025-04-15,4,4,3,94,3572,142.88,0.0,2178.92,60.3,0,0,1,1,0
627,2025-02-23,4,27,3,27,1026,82.08,0.0,625.86,30.15,18.88,0,0,1,1
628,2024-10-03,2,23,2,59,5015,200.6,0.0,3059.15,44.55,0,0,1,0,0
629,2024-08-06,3,13,3,21,126,15.12,0.0,76.86,21.15,2.22,0,0,1,1
630,2025-03-20,3,8,3,50,300,12.0,0.0,183.0,25.5,0,0,1,1,0
631,2024-01-23,4,42,2,11,418,0,0,254.98,22.95,0,0,1,1,0
632,2024-05-28,4,34,3,14,532,0,0,324.52,24.3,10.64,38.5,0,1,2
633,2024-04-12,2,6,1,21,1785,71.4,0.0,1088.85,27.45,0,0,1,1,0
634,2024-04-30,2,37,1,51,4335,346.8,0.0,2644.35,40.95,0,0,1,1,0
635,2024-03-09,4,23,1,71,2698,0,0,1645.78,49.95,0,0,1,1,0
636,2024-11-02,3,8,2,14,84,0,0,51.24,20.1,0,0,1,1,0
637,2024-06-07,2,48,3,76,6460,775.2,0.0,3940.6,52.2,113.7,0,0,1,1
638,2025-08-27,3,1,1,21,126,15.12,0.0,76.86,21.15,0,0,1,1,0
639,2024-07-11,3,46,1,87,522,20.88,0.0,318.42,31.05,0,0,1,1,0
640,2025-09-07,3,45,3,52,312,37.44,0.0,190.32,25.8,5.49,0,0,1,1
641,2025-12-24,2,48,1,100,8500,680.0,0.0,5185.0,63.0,156.4,0,0,1,1
642,2024-11-23,3,47,2,70,420,50.4,0.0,256.2,28.5,0,0,1,1,0
643,2025-02-08,3,14,1,63,378,45.36,0.0,230.58,27.45,6.65,0,0,1,1
644,2025-08-18,1,37,1,90,1080,43.2,0.0,658.8,31.5,0,0,1,1,0
645,2024-08-03,3,45,1,34,204,16.32,0.0,124.44,23.1,3.75,43.5,0,1,2
646,2024-03-12,2,48,2,88,7480,897.6,0.0,4562.8,57.6,0,0,1,1,0
647,2024-06-20,3,8,1,24,144,0,0,87.84,21.6,2.88,0,0,0,1
648,2024-08-26,4,47,1,96,3648,0,0,2225.28,61.2,72.96,59.0,0,1,2
649,2024-05-19,1,23,3,67,804,32.16,0.0,490.44,28.05,0,0,1,1,0
650,2025-06-25,3,42,1,86,516,61.92,0.0,314.76,30.9,0,0,1,1,0
651,2024-06-02,3,11,3,35,210,0,0,128.1,23.25,4.2,43.75,0,1,2
652,2025-12-09,1,36,2,77,924,110.88,0.0,563.64,29.55,0,0,1,1,0
653,2024-12-20,1,34,1,54,648,25.92,0.0,395.28,26.1,12.44,0,0,1,1
654,2025-04-04,2,14,3,13,1105,132.6,0.0,674.05,23.85,0,0,1,1,0
655,2024-08-15,2,2,2,91,7735,928.2,0.0,4718.35,58.95,0,0,1,1,0
656,2024-04-01,2,44,2,33,2805,0,0,1711.05,32.85,0,0,1,1,0
657,2024-11-24,4,40,1,50,1900,228.0,0.0,1159.0,40.5,0,0,1,1,0
658,2024-10-13,3,21,1,66,396,15.84,0.0,241.56,27.9,0,0,1,1,0
659,2025-06-16,3,17,2,76,456,0,0,278.16,29.4,9.12,0,0,1,1
660,2024-01-21,3,47,1,29,174,13.92,0.0,106.14,22.35,3.2,42.25,0,1,4
661,2024-06-08,1,46,3,83,996,0,0,607.56,30.45,19.92,0,0,1,1
662,2025-04-19,3,38,2,20,120,4.8,0.0,73.2,21.0,0,0,1,1,0
663,2025-07-10,1,14,2,72,864,69.12,0.0,527.04,28.8,0,0,1,1,0
664,2024-06-20,4,31,1,20,760,91.2,0.0,463.6,27.0,13.38,0,0,1,1
665,2024-11-16,1,46,1,62,744,29.76,0.0,453.84,27.3,0,0,1,1,0
666,2024-05-04,2,48,3,53,4505,0,0,2748.05,41.85,0,0,1,1,0
667,2025-06-07,3,25,3,35,210,0,0,128.1,23.25,4.2,0,0,1,1
668,2025-05-06,4,17,2,65,2470,0,0,1506.7,47.25,0,0,1,1,0
669,2025-01-30,4,41,1,31,1178,0,0,718.58,31.95,0,0,1,1,0
670,2025-11-02,1,48,3,10,120,4.8,0.0,73.2,19.5,2.3,37.5,0,1,2
671,2025-01-18,2,16,2,92,7820,312.8,0.0,4770.2,59.4,150.14,0,0,1,1
672,2025-11-05,2,33,2,79,6715,537.2,6177.8,4096.15,53.55,0,0,1,1,0
673,2024-04-28,2,2,3,88,7480,0,0,4562.8,57.6,149.6,57.0,0,1,2
674,2025-04-18,3,9,3,44,264,10.56,0.0,161.04,24.6,0,0,1,1,0
675,2024-02-01,1,17,2,84,1008,80.64,0.0,614.88,30.6,0,0,1,1,0
676,2025-06-28,4,41,2,38,1444,115.52,0.0,880.84,35.1,0,0,1,1,0
677,2025-10-13,3,36,3,50,300,24.0,0.0,183.0,25.5,5.52,47.5,0,1,2
678,2024-10-28,3,21,2,87,522,41.76,0.0,318.42,31.05,0,0,1,1,0
679,2025-10-30,2,21,3,90,7650,306.0,0.0,4666.5,58.5,146.88,57.5,0,1,2
680,2024-07-22,3,42,1,29,174,0,0,106.14,22.35,0,0,1,1,0
681,2024-03-09,3,48,2,46,276,22.08,0.0,168.36,24.9,0,0,1,1,0
682,2024-04-05,1,26,3,40,480,38.4,0.0,292.8,24.0,8.83,0,0,1,1
683,2025-03-13,1,19,3,60,720,28.8,0.0,439.2,27.0,0,0,1,1,0
684,2024-06-20,4,13,1,52,1976,79.04,0.0,1205.36,41.4,0,0,1,1,0
685,2025-06-11,1,7,3,73,876,105.12,0.0,534.36,28.95,0,0,1,1,0
686,2025-09-21,3,42,2,29,174,13.92,0.0,106.14,22.35,0,0,1,1,0
687,2025-12-03,2,45,2,88,7480,0,0,4562.8,57.6,0,0,1,1,0
688,2025-05-22,1,39,1,10,120,9.6,0.0,73.2,19.5,0,0,1,1,0
689,2024-01-04,3,20,2,43,258,10.32,0.0,157.38,24.45,0,0,1,1,0
690,2025-09-04,1,4,3,37,444,17.76,0.0,270.84,23.55,8.52,0,0,1,1
691,2025-09-05,4,1,3,56,2128,0,0,1298.08,43.2,42.56,49.0,0,1,2
692,2025-11-10,2,23,1,55,4675,0,0,2851.75,42.75,0,0,1,1,0
693,2025-11-19,4,5,2,23,874,69.92,0.0,533.14,28.35,16.08,40.75,0,1,2
694,2025-07-31,4,25,2,57,2166,173.28,0.0,1321.26,43.65,0,0,1,1,0
695,2024-03-24,1,40,1,93,1116,133.92,0.0,680.76,31.95,0,0,1,1,0
696,2024-04-04,4,30,2,86,3268,130.72,0.0,1993.48,56.7,0,0,1,1,0
697,2024-02-21,1,39,1,90,1080,0,0,658.8,31.5,21.6,0,0,1,1
698,2025-09-12,1,3,1,19,228,18.24,0.0,139.08,20.85,0,0,1,1,0
699,2025-01-18,2,2,3,74,6290,0,0,3836.9,51.3,0,0,1,1,0
700,2024-09-10,3,25,2,44,264,31.68,0.0,161.04,24.6,0,0,1,1,0
701,2025-12-08,4,43,2,61,2318,92.72,0.0,1413.98,45.45,0,0,1,1,0
702,2024-03-25,2,31,3,76,6460,775.2,0.0,3940.6,52.2,0,0,1,1,0
703,2024-12-28,4,3,2,43,1634,0,0,996.74,37.35,32.68,45.75,0,1,2
704,2025-04-10,1,23,1,20,240,0,0,146.4,21.0,4.8,0,0,1,1
705,2024-01-01,2,24,3,82,6970,836.4,0.0,4251.7,54.9,0,0,1,1,0
706,2025-03-13,4,46,1,51,1938,232.56,0.0,1182.18,40.95,0,0,1,1,0
707,2025-06-19,4,3,1,22,836,33.44,0.0,509.96,27.9,16.05,0,0,1,1
708,2025-01-11,4,7,2,61,2318,0,0,1413.98,45.45,0,0,1,1,0
709,2024-01-08,3,26,3,93,558,66.96,0.0,340.38,31.95,0,0,1,1,0
710,2025-01-05,2,44,3,32,2720,217.6,0.0,1659.2,32.4,0,0,1,1,0
711,2025-07-10,4,44,2,25,950,114.0,0.0,579.5,29.25,0,0,1,1,0
712,2025-02-24,4,35,2,50,1900,0,0,1159.0,40.5,0,0,1,1,0
713,2025-03-14,4,31,2,79,3002,120.08,0.0,1831.22,53.55,0,0,1,1,0
714,2025-10-14,4,38,3,33,1254,100.32,0.0,764.94,32.85,23.07,43.25,0,1,4
715,2024-07-13,3,27,1,80,480,19.2,0.0,292.8,30.0,0,0,1,1,0
716,2024-09-09,3,23,3,16,96,3.84,0.0,58.56,20.4,0,0,1,1,0
717,2025-10-17,3,21,1,39,234,9.36,0.0,142.74,23.85,0,0,1,1,0
718,2025-10-17,2,7,3,15,1275,0,0,777.75,24.75,0,0,1,1,0
719,2025-05-07,4,36,2,51,1938,0,0,1182.18,40.95,38.76,47.75,0,1,4
720,2025-02-04,3,20,3,12,72,2.88,0.0,43.92,19.8,0,0,1,1,0
721,2025-04-01,2,30,2,72,6120,489.6,0.0,3733.2,50.4,0,0,1,1,0
722,2025-04-04,2,6,3,10,850,34.0,0.0,518.5,22.5,16.32,37.5,0,1,2
723,2024-12-20,1,26,3,89,1068,128.16,0.0,651.48,31.35,18.8,0,0,1,1
724,2025-04-23,3,25,2,39,234,18.72,0.0,142.74,23.85,0,0,1,1,0
725,2025-09-02,4,6,3,46,1748,69.92,0.0,1066.28,38.7,33.56,0,0,1,1
726,2024-04-02,4,4,2,70,2660,0,0,1622.6,49.5,0,0,1,1,0
727,2025-05-30,1,19,3,47,564,67.68,0.0,344.04,25.05,9.93,0,0,1,1
728,2024-09-24,4,22,2,61,2318,92.72,0.0,1413.98,45.45,44.51,0,0,0,1
729,2025-09-30,1,37,2,32,384,30.72,0.0,234.24,22.8,0,0,1,0,0
730,2024-09-04,2,40,1,43,3655,292.4,0.0,2229.55,37.35,0,0,1,1,0
731,2025-08-25,2,13,3,61,5185,622.2,0.0,3162.85,45.45,91.26,50.25,0,1,2
732,2025-04-23,1,37,1,18,216,25.92,0.0,131.76,20.7,3.8,0,0,1,1
733,2025-06-03,1,29,3,86,1032,0,0,629.52,30.9,0,0,1,1,0
734,2024-09-18,3,4,3,95,570,22.8,0.0,347.7,32.25,10.94,58.75,0,1,2
735,2024-10-01,3,35,3,17,102,0,0,62.22,20.55,0,0,1,1,0
736,2025-10-06,3,46,2,77,462,55.44,0.0,281.82,29.55,0,0,1,1,0
737,2025-04-29,1,19,3,16,192,0,0,117.12,20.4,0,0,1,1,0
738,2025-06-08,2,6,3,97,8245,989.4,0.0,5029.45,61.65,145.11,0,0,1,1
739,2024-05-15,4,18,1,16,608,24.32,0.0,370.88,25.2,0,0,1,1,0
740,2025-08-17,3,15,3,35,210,25.2,0.0,128.1,23.25,0,0,1,1,0
741,2024-03-21,2,32,1,97,8245,989.4,0.0,5029.45,61.65,0,0,1,1,0
742,2024-11-16,4,34,2,16,608,0,0,370.88,25.2,0,0,1,1,0
743,2025-01-11,4,34,3,90,3420,410.4,0.0,2086.2,58.5,0,0,1,1,0
744,2024-01-10,1,15,3,20,240,19.2,0.0,146.4,21.0,0,0,1,1,0
745,2025-02-17,3,7,3,10,60,2.4,0.0,36.6,19.5,0,0,1,1,0
746,2025-11-18,3,13,2,65,390,15.6,0.0,237.9,27.75,0,0,1,1,0
747,2025-10-03,4,11,3,47,1786,142.88,0.0,1089.46,39.15,0,0,1,1,0
748,2024-03-04,2,47,2,57,4845,581.4,0.0,2955.45,43.65,0,0,1,1,0
749,2025-06-22,4,39,1,11,418,0,0,254.98,22.95,8.36,37.75,0,1,4
750,2024-06-13,4,1,1,28,1064,127.68,0.0,649.04,30.6,0,0,1,1,0
751,2024-03-15,2,4,2,85,7225,578.0,0.0,4407.25,56.25,0,0,1,1,0
752,2025-08-27,4,14,1,52,1976,0,0,1205.36,41.4,0,0,1,1,0
753,2025-06-05,2,2,1,20,1700,136.0,0.0,1037.0,27.0,31.28,40.0,0,1,4
754,2024-06-01,2,42,2,98,8330,0,0,5081.3,62.1,0,0,1,1,0
755,2025-03-10,3,42,2,73,438,17.52,0.0,267.18,28.95,0,0,1,1,0
756,2024-04-05,3,44,1,95,570,22.8,0.0,347.7,32.25,0,0,1,1,0
757,2024-06-06,3,42,3,91,546,21.84,0.0,333.06,31.65,0,0,1,1,0
758,2025-04-25,4,38,3,13,494,39.52,0.0,301.34,23.85,0,0,1,1,0
759,2024-09-05,3,35,1,72,432,17.28,0.0,263.52,28.8,8.29,53.0,0,1,2
760,2024-12-26,1,9,1,91,1092,131.04,0.0,666.12,31.65,0,0,1,1,0
761,2025-06-10,4,46,2,13,494,59.28,0.0,301.34,23.85,0,0,1,1,0
762,2024-05-16,2,23,1,40,3400,0,0,2074.0,36.0,68.0,45.0,0,1,2
763,2025-03-11,2,38,3,23,1955,234.6,0.0,1192.55,28.35,0,0,1,1,0
764,2024-08-26,2,14,2,90,7650,306.0,0.0,4666.5,58.5,0,0,1,1,0
765,2024-08-21,4,10,2,21,798,0,0,486.78,27.45,0,0,1,1,0
766,2024-10-11,2,12,2,71,6035,724.2,0.0,3681.35,49.95,0,0,1,1,0
767,2024-08-25,4,6,2,12,456,36.48,0.0,278.16,23.4,8.39,38.0,0,1,2
768,2025-06-17,3,5,3,67,402,16.08,0.0,245.22,28.05,0,0,1,1,0
769,2025-08-15,1,10,2,60,720,86.4,0.0,439.2,27.0,0,0,1,1,0
770,2025-05-03,2,9,2,38,3230,0,0,1970.3,35.1,0,0,1,1,0
771,2024-03-15,3,4,3,38,228,27.36,0.0,139.08,23.7,0,0,1,1,0
772,2024-08-24,3,46,2,54,324,25.92,0.0,197.64,26.1,5.96,48.5,0,1,2
773,2025-09-15,4,24,3,34,1292,155.04,0.0,788.12,33.3,0,0,1,1,0
774,2025-08-21,4,18,3,50,1900,152.0,0.0,1159.0,40.5,0,0,1,1,0
775,2025-11-29,3,27,2,89,534,64.08,0.0,325.74,31.35,0,0,1,1,0
776,2024-04-26,3,42,2,70,420,0,0,256.2,28.5,0,0,1,1,0
777,2024-08-17,3,32,1,99,594,0,0,362.34,32.85,0,0,1,1,0
778,2025-07-09,1,12,3,88,1056,0,0,644.16,31.2,0,0,1,1,0
779,2024-09-27,3,48,1,20,120,14.4,0.0,73.2,21.0,0,0,1,1,0
780,2025-10-22,1,21,1,33,396,31.68,0.0,241.56,22.95,0,0,1,1,0
781,2024-11-08,4,25,2,93,3534,282.72,0.0,2155.74,59.85,0,0,1,1,0
782,2025-01-05,3,25,1,41,246,9.84,0.0,150.06,24.15,0,0,1,1,0
783,2025-04-02,2,33,3,25,2125,85.0,0.0,1296.25,29.25,40.8,0,0,1,1
784,2024-05-04,1,20,1,28,336,26.88,0.0,204.96,22.2,0,0,1,1,0
785,2024-08-08,3,13,1,85,510,61.2,0.0,311.1,30.75,8.98,56.25,0,1,2
786,2024-07-24,4,10,2,28,1064,0,0,649.04,30.6,0,0,1,1,0
787,2024-04-10,1,40,3,87,1044,125.28,0.0,636.84,31.05,0,0,1,1,0
788,2025-02-07,4,3,2,95,3610,288.8,0.0,2202.1,60.75,0,0,1,1,0
789,2024-05-18,2,45,1,29,2465,0,0,1503.65,31.05,0,0,1,1,0
790,2025-10-05,4,29,3,33,1254,100.32,0.0,764.94,32.85,23.07,43.25,0,1,4
791,2025-11-23,3,9,2,87,522,0,0,318.42,31.05,0,0,1,1,0
792,2025-01-01,2,25,2,80,6800,544.0,0.0,4148.0,54.0,0,0,1,1,0
793,2025-09-18,1,31,1,35,420,50.4,369.6,256.2,23.25,0,0,1,1,0
794,2024-03-21,2,26,1,52,4420,530.4,0.0,2696.2,41.4,0,0,1,1,0
795,2024-02-25,1,26,3,89,1068,128.16,0.0,651.48,31.35,18.8,0,0,1,1
796,2024-01-27,3,33,2,45,270,0,0,164.7,24.75,0,0,1,0,0
797,2024-02-26,2,43,3,77,6545,785.4,0.0,3992.45,52.65,0,0,1,1,0
798,2024-01-02,2,15,2,51,4335,173.4,0.0,2644.35,40.95,0,0,1,1,0
799,2024-07-13,1,21,1,42,504,40.32,0.0,307.44,24.3,0,0,1,1,0
800,2025-08-11,4,1,3,38,1444,57.76,0.0,880.84,35.1,27.72,0,0,1,1
801,2024-06-07,3,20,3,28,168,13.44,0.0,102.48,22.2,0,0,1,1,0
802,2025-07-05,3,11,1,74,444,0,0,270.84,29.1,0,0,1,1,0
803,2025-02-11,3,36,2,76,456,18.24,0.0,278.16,29.4,8.76,54.0,0,1,2
804,2025-04-11,4,20,3,61,2318,278.16,0.0,1413.98,45.45,0,0,1,1,0
805,2025-11-01,1,22,2,44,528,21.12,0.0,322.08,24.6,10.14,0,0,1,1
806,2024-06-16,3,35,2,56,336,13.44,0.0,204.96,26.4,6.45,0,0,1,1
807,2024-04-21,4,30,3,12,456,54.72,0.0,278.16,23.4,0,0,1,1,0
808,2025-12-23,4,12,3,90,3420,273.6,0.0,2086.2,58.5,0,0,1,1,0
809,2025-08-07,3,47,3,89,534,64.08,0.0,325.74,31.35,0,0,1,1,0
810,2024-08-17,2,40,1,85,7225,867.0,0.0,4407.25,56.25,0,0,1,1,0
811,2024-11-20,3,2,3,19,114,9.12,0.0,69.54,20.85,2.1,39.75,0,1,4
812,2024-09-15,4,48,1,53,2014,241.68,0.0,1228.54,41.85,35.45,0,0,1,1
813,2025-12-22,2,9,3,95,8075,0,0,4925.75,60.75,0,0,1,1,0
814,2025-05-15,3,9,1,99,594,71.28,0.0,362.34,32.85,10.45,59.75,0,1,2
815,2025-10-01,4,38,2,29,1102,44.08,0.0,672.22,31.05,0,0,1,1,0
816,2025-01-28,3,28,3,97,582,69.84,0.0,355.02,32.55,0,0,1,1,0
817,2025-10-21,1,47,1,100,1200,48.0,0.0,732.0,33.0,0,0,1,1,0
818,2024-11-05,1,30,2,12,144,0,0,87.84,19.8,0,0,1,1,0
819,2025-05-15,4,13,2,82,3116,249.28,0.0,1900.76,54.9,0,0,1,1,0
820,2025-10-22,3,14,1,85,510,61.2,0.0,311.1,30.75,8.98,56.25,0,1,2
821,2024-10-02,3,13,2,39,234,0,0,142.74,23.85,0,0,1,1,0
822,2025-01-01,4,45,2,74,2812,337.44,0.0,1715.32,51.3,0,0,1,1,0
823,2025-06-26,3,42,3,68,408,16.32,0.0,248.88,28.2,7.83,52.0,0,1,2
824,2024-03-29,4,41,1,10,380,0,0,231.8,22.5,7.6,37.5,0,1,2
825,2025-04-03,1,15,3,52,624,74.88,0.0,380.64,25.8,10.98,48.0,0,1,2
826,2024-01-12,1,8,1,27,324,12.96,0.0,197.64,22.05,0,0,1,1,0
827,2024-03-26,3,36,2,47,282,33.84,0.0,172.02,25.05,0,0,1,1,0
828,2024-08-02,3,10,2,84,504,0,0,307.44,30.6,10.08,56.0,0,1,4
829,2024-05-09,1,32,3,72,864,34.56,0.0,527.04,28.8,16.59,53.0,0,0,2
830,2024-12-04,3,45,1,19,114,0,0,69.54,20.85,0,0,1,1,0
831,2025-05-12,1,12,2,67,804,32.16,0.0,490.44,28.05,15.44,51.75,0,1,4
832,2025-04-16,1,39,3,46,552,22.08,0.0,336.72,24.9,10.6,46.5,0,1,2
833,2024-07-17,3,25,2,27,162,6.48,0.0,98.82,22.05,0,0,1,1,0
834,2025-12-20,3,46,1,65,390,46.8,0.0,237.9,27.75,0,0,1,1,0
835,2024-09-13,2,27,3,62,5270,421.6,0.0,3214.7,45.9,96.97,50.5,0,1,4
836,2024-01-11,3,19,2,84,504,60.48,443.52,307.44,30.6,0,0,1,1,0
837,2025-03-29,3,23,2,76,456,54.72,0.0,278.16,29.4,0,0,1,1,0
838,2025-10-09,4,41,3,21,798,31.92,0.0,486.78,27.45,15.32,0,0,1,1
839,2025-07-11,3,45,3,87,522,62.64,0.0,318.42,31.05,0,0,1,1,0
840,2024-12-05,4,36,2,62,2356,94.24,0.0,1437.16,45.9,0,0,1,1,0
841,2025-10-04,4,4,1,29,1102,88.16,0.0,672.22,31.05,0,0,1,1,0
842,2024-05-28,1,26,1,60,720,0,0,439.2,27.0,0,0,1,1,0
843,2024-01-19,4,30,3,55,2090,167.2,1922.8,1274.9,42.75,38.46,48.75,0,1,4
844,2025-08-30,3,20,2,60,360,14.4,0.0,219.6,27.0,6.91,50.0,0,1,4
845,2025-06-10,3,1,1,88,528,42.24,0.0,322.08,31.2,0,0,1,1,0
846,2024-01-01,1,35,3,13,156,6.24,0.0,95.16,19.95,0,0,1,1,0
847,2024-01-03,3,47,1,91,546,65.52,0.0,333.06,31.65,0,0,1,1,0
848,2025-01-11,1,40,1,92,1104,132.48,0.0,673.44,31.8,0,0,1,1,0
849,2024-07-02,1,17,2,25,300,0,0,183.0,21.75,0,0,1,1,0
850,2025-12-12,1,24,1,51,612,73.44,0.0,373.32,25.65,0,0,1,1,0
851,2024-09-22,2,35,1,46,3910,469.2,0.0,2385.1,38.7,0,0,1,1,0
852,2025-06-24,1,2,2,24,288,34.56,0.0,175.68,21.6,0,0,1,1,0
853,2024-04-26,3,11,1,52,312,12.48,0.0,190.32,25.8,5.99,48.0,0,1,2
854,2025-05-12,4,48,1,33,1254,150.48,1103.52,764.94,32.85,22.07,0,0,1,1
855,2025-02-10,2,46,2,82,6970,278.8,0.0,4251.7,54.9,0,0,1,1,0
856,2024-12-01,4,42,1,10,380,0,0,231.8,22.5,0,0,1,1,0
857,2025-09-27,1,1,3,91,1092,87.36,0.0,666.12,31.65,20.09,0,0,1,1
858,2024-12-25,4,45,3,69,2622,104.88,0.0,1599.42,49.05,0,0,1,1,0
859,2025-10-28,4,9,2,95,3610,288.8,0.0,2202.1,60.75,0,0,1,1,0
860,2024-10-16,1,31,2,85,1020,81.6,0.0,622.2,30.75,0,0,1,1,0
861,2024-03-18,3,40,3,93,558,44.64,0.0,340.38,31.95,10.27,0,0,1,1
862,2024-11-18,2,14,1,77,6545,261.8,0.0,3992.45,52.65,0,0,1,1,0
863,2024-11-30,4,22,1,42,1596,0,0,973.56,36.9,31.92,45.5,0,1,2
864,2025-03-24,4,38,2,32,1216,0,0,741.76,32.4,0,0,1,1,0
865,2025-09-12,3,42,1,89,534,21.36,0.0,325.74,31.35,0,0,1,0,0
866,2024-10-16,2,7,3,54,4590,550.8,0.0,2799.9,42.3,0,0,1,1,0
867,2025-03-17,2,21,2,56,4760,0,0,2903.6,43.2,0,0,1,1,0
868,2025-10-15,1,23,2,70,840,33.6,0.0,512.4,28.5,0,0,1,1,0
869,2025-06-04,1,42,2,42,504,0,0,307.44,24.3,0,0,1,1,0
870,2025-02-26,3,13,1,31,186,7.44,0.0,113.46,22.65,0,0,1,1,0
871,2025-11-15,4,41,3,93,3534,0,0,2155.74,59.85,0,0,1,1,0
872,2024-04-19,3,37,1,94,564,67.68,0.0,344.04,32.1,0,0,1,1,0
873,2025-04-13,1,22,2,88,1056,0,0,644.16,31.2,0,0,1,1,0
874,2025-11-04,4,37,1,89,3382,270.56,0.0,2063.02,58.05,0,0,1,1,0
875,2025-12-24,4,40,2,79,3002,0,0,1831.22,53.55,0,0,1,1,0
876,2025-02-01,1,30,2,46,552,66.24,0.0,336.72,24.9,0,0,1,1,0
877,2025-05-11,2,23,3,81,6885,550.8,0.0,4199.85,54.45,126.68,0,0,1,1
878,2025-03-01,2,7,3,59,5015,0,0,3059.15,44.55,0,0,1,1,0
879,2025-07-30,3,31,1,69,414,16.56,0.0,252.54,28.35,0,0,1,1,0
880,2024-09-28,4,12,1,98,3724,446.88,0.0,2271.64,62.1,0,0,1,1,0
881,2024-01-29,3,31,2,97,582,23.28,0.0,355.02,32.55,11.17,0,0,1,1
882,2025-11-05,1,21,1,31,372,29.76,0.0,226.92,22.65,0,0,1,1,0
883,2024-03-23,3,24,3,70,420,0,0,256.2,28.5,8.4,0,0,1,1
884,2024-05-14,4,31,3,57,2166,173.28,0.0,1321.26,43.65,0,0,1,1,0
885,2025-04-08,2,37,3,77,6545,785.4,0.0,3992.45,52.65,115.19,54.25,0,1,4
886,2024-08-05,4,11,3,27,1026,123.12,0.0,625.86,30.15,0,0,1,1,0
887,2024-06-19,4,29,1,29,1102,44.08,0.0,672.22,31.05,0,0,1,1,0
888,2024-06-27,1,27,2,34,408,32.64,0.0,248.88,23.1,0,0,1,1,0
889,2024-05-06,4,14,3,79,3002,120.08,0.0,1831.22,53.55,0,0,1,1,0
890,2025-04-13,4,25,1,85,3230,0,0,1970.3,56.25,0,0,1,1,0
891,2024-11-23,2,34,3,66,5610,448.8,0.0,3422.1,47.7,0,0,1,1,0
892,2024-04-26,4,27,3,68,2584,103.36,0.0,1576.24,48.6,0,0,1,1,0
893,2025-06-28,2,48,2,62,5270,632.4,0.0,3214.7,45.9,0,0,1,0,0
894,2025-01-24,2,26,1,59,5015,601.8,0.0,3059.15,44.55,0,0,1,1,0
895,2025-11-18,2,10,3,62,5270,632.4,0.0,3214.7,45.9,92.75,0,0,1,1
896,2025-04-11,1,15,2,21,252,10.08,0.0,153.72,21.15,0,0,1,1,0
897,2025-03-13,4,7,1,16,608,0,0,370.88,25.2,0,0,1,1,0
898,2024-10-16,4,34,2,19,722,57.76,0.0,440.42,26.55,0,0,1,1,0
899,2025-12-08,1,2,1,20,240,28.8,0.0,146.4,21.0,4.22,40.0,0,1,2
900,2024-09-24,4,37,3,25,950,38.0,0.0,579.5,29.25,18.24,41.25,0,1,4
901,2024-02-12,2,24,3,42,3570,285.6,0.0,2177.7,36.9,65.69,45.5,0,1,2
902,2024-05-18,3,4,3,60,360,0,0,219.6,27.0,0,0,1,1,0
903,2025-03-22,2,10,1,22,1870,149.6,0.0,1140.7,27.9,0,0,1,1,0
904,2024-08-12,1,37,2,37,444,35.52,0.0,270.84,23.55,0,0,1,1,0
905,2024-12-02,2,41,3,82,6970,836.4,0.0,4251.7,54.9,0,0,1,1,0
906,2024-12-23,2,36,3,82,6970,278.8,0.0,4251.7,54.9,133.82,0,0,1,1
907,2025-03-19,1,4,3,91,1092,87.36,0.0,666.12,31.65,0,0,1,1,0
908,2025-07-25,2,39,2,85,7225,289.0,0.0,4407.25,56.25,138.72,56.25,0,0,4
909,2024-10-17,3,7,2,66,396,15.84,0.0,241.56,27.9,7.6,51.5,0,1,4
910,2025-02-03,3,24,1,52,312,12.48,0.0,190.32,25.8,0,0,1,1,0
911,2024-02-03,1,7,3,74,888,106.56,0.0,541.68,29.1,0,0,1,1,0
912,2024-07-08,3,43,3,13,78,0,0,47.58,19.95,1.56,38.25,0,1,2
913,2024-07-16,2,7,2,19,1615,129.2,0.0,985.15,26.55,0,0,1,1,0
914,2024-10-10,4,6,1,81,3078,0,0,1877.58,54.45,0,0,1,1,0
915,2024-03-14,4,33,3,73,2774,110.96,0.0,1692.14,50.85,53.26,53.25,0,1,2
916,2025-12-23,2,9,2,30,2550,0,0,1555.5,31.5,0,0,1,1,0
917,2025-02-20,3,48,2,33,198,15.84,0.0,120.78,22.95,0,0,1,1,0
918,2025-07-20,2,46,2,71,6035,482.8,0.0,3681.35,49.95,0,0,1,1,0
919,2025-11-09,2,29,1,58,4930,591.6,0.0,3007.3,44.1,86.77,49.5,0,1,2
920,2024-01-07,4,39,3,26,988,79.04,0.0,602.68,29.7,0,0,1,1,0
921,2025-11-21,2,42,3,20,1700,0,0,1037.0,27.0,0,0,1,1,0
922,2025-08-04,4,22,1,14,532,0,0,324.52,24.3,0,0,1,1,0
923,2024-09-27,1,36,1,35,420,33.6,0.0,256.2,23.25,0,0,1,1,0
924,2024-08-29,2,47,2,47,3995,319.6,0.0,2436.95,39.15,0,0,1,1,0
925,2024-06-30,3,42,2,99,594,23.76,0.0,362.34,32.85,0,0,1,1,0
926,2025-08-26,1,23,2,73,876,70.08,0.0,534.36,28.95,0,0,1,1,0
927,2025-04-21,1,28,2,40,480,38.4,0.0,292.8,24.0,0,0,1,1,0
928,2024-12-30,1,24,2,33,396,15.84,0.0,241.56,22.95,0,0,1,1,0
929,2025-03-23,2,27,2,24,2040,0,0,1244.4,28.8,0,0,1,1,0
930,2025-11-09,3,23,2,89,534,21.36,0.0,325.74,31.35,0,0,1,1,0
931,2025-09-18,4,20,1,61,2318,185.44,0.0,1413.98,45.45,0,0,1,1,0
932,2024-12-08,4,24,3,37,1406,112.48,0.0,857.66,34.65,25.87,44.25,0,1,2
933,2025-06-07,4,48,3,15,570,22.8,0.0,347.7,24.75,0,0,1,1,0
934,2025-12-21,2,25,1,53,4505,180.2,0.0,2748.05,41.85,0,0,1,1,0
935,2025-07-28,1,43,2,77,924,36.96,0.0,563.64,29.55,0,0,1,1,0
936,2024-09-18,1,8,1,30,360,14.4,0.0,219.6,22.5,0,0,1,1,0
937,2024-10-19,4,17,3,42,1596,63.84,0.0,973.56,36.9,0,0,1,1,0
938,2025-05-27,4,6,2,60,2280,91.2,0.0,1390.8,45.0,0,0,1,1,0
939,2025-07-05,1,10,1,75,900,0,0,549.0,29.25,0,0,1,1,0
940,2025-05-31,3,14,2,41,246,29.52,0.0,150.06,24.15,0,0,1,1,0
941,2025-05-07,3,21,1,46,276,11.04,0.0,168.36,24.9,0,0,1,1,0
942,2025-06-27,3,13,2,65,390,0,0,237.9,27.75,0,0,1,1,0
943,2024-03-11,1,41,2,86,1032,41.28,0.0,629.52,30.9,19.81,56.5,0,1,2
944,2024-07-13,4,9,1,69,2622,0,0,1599.42,49.05,0,0,1,1,0
945,2024-05-10,1,2,3,44,528,0,0,322.08,24.6,10.56,0,0,1,1
946,2025-12-05,2,37,1,34,2890,346.8,0.0,1762.9,33.3,0,0,1,1,0
947,2025-12-11,1,43,2,26,312,24.96,0.0,190.32,21.9,0,0,1,1,0
948,2025-09-16,1,34,3,27,324,25.92,0.0,197.64,22.05,0,0,1,1,0
949,2025-01-31,4,2,2,84,3192,0,0,1947.12,55.8,0,0,1,1,0
950,2024-04-12,3,26,1,41,246,0,0,150.06,24.15,0,0,1,1,0
951,2025-11-18,3,7,3,53,318,38.16,0.0,193.98,25.95,5.6,48.25,0,1,2
952,2025-11-17,3,35,1,53,318,12.72,0.0,193.98,25.95,6.11,48.25,0,1,2
953,2025-11-11,4,43,3,27,1026,123.12,0.0,625.86,30.15,18.06,41.75,0,1,2
954,2025-10-13,4,42,1,30,1140,91.2,0.0,695.4,31.5,0,0,1,1,0
955,2024-02-22,4,23,1,22,836,100.32,0.0,509.96,27.9,0,0,1,1,0
956,2025-08-04,3,2,3,50,300,24.0,0.0,183.0,25.5,5.52,47.5,0,1,2
957,2024-06-22,1,1,3,14,168,13.44,0.0,102.48,20.1,3.09,0,0,1,1
958,2025-11-26,3,3,2,47,282,0,0,172.02,25.05,0,0,1,1,0
959,2024-04-09,3,29,3,59,354,28.32,0.0,215.94,26.85,6.51,0,0,1,1
960,2024-07-01,2,8,2,79,6715,537.2,0.0,4096.15,53.55,0,0,1,0,0
961,2024-04-18,2,18,2,54,4590,183.6,0.0,2799.9,42.3,0,0,1,1,0
962,2024-03-23,2,10,3,33,2805,0,0,1711.05,32.85,0,0,1,1,0
963,2025-03-16,4,16,1,21,798,31.92,0.0,486.78,27.45,15.32,40.25,0,1,2
964,2024-04-04,3,15,2,12,72,5.76,0.0,43.92,19.8,0,0,1,1,0
965,2025-10-06,2,34,1,57,4845,387.6,0.0,2955.45,43.65,0,0,1,1,0
966,2024-03-13,2,13,2,70,5950,714.0,0.0,3629.5,49.5,104.72,0,0,1,1
967,2025-05-03,3,10,2,40,240,28.8,0.0,146.4,24.0,0,0,1,1,0
968,2024-09-15,3,23,2,30,180,0,0,109.8,22.5,0,0,1,1,0
969,2024-09-11,1,33,3,32,384,30.72,0.0,234.24,22.8,0,0,1,1,0
970,2025-08-26,4,20,1,96,3648,291.84,0.0,2225.28,61.2,0,0,1,1,0
971,2024-01-24,1,48,3,64,768,30.72,0.0,468.48,27.6,14.75,51.0,0,1,2
972,2025-04-24,2,30,1,91,7735,618.8,0.0,4718.35,58.95,0,0,1,1,0
973,2024-11-09,3,13,1,30,180,14.4,0.0,109.8,22.5,3.31,42.5,0,1,4
974,2025-05-08,1,25,2,45,540,0,0,329.4,24.75,0,0,1,0,0
975,2025-12-19,1,46,3,21,252,0,0,153.72,21.15,0,0,1,1,0
976,2025-09-05,3,43,2,75,450,18.0,0.0,274.5,29.25,8.64,53.75,0,1,4
977,2025-03-08,2,17,1,68,5780,693.6,0.0,3525.8,48.6,0,0,1,1,0
978,2025-07-25,2,6,2,17,1445,0,0,881.45,25.65,28.9,0,0,1,1
979,2024-06-03,1,46,3,20,240,0,0,146.4,21.0,0,0,1,1,0
980,2025-08-09,3,30,3,44,264,31.68,0.0,161.04,24.6,4.65,0,0,1,1
981,2024-01-29,1,15,2,53,636,0,0,387.96,25.95,0,0,1,0,0
982,2024-06-28,1,7,3,84,1008,40.32,0.0,614.88,30.6,19.35,56.0,0,1,4
983,2025-01-19,4,28,2,54,2052,82.08,0.0,1251.72,42.3,0,0,1,1,0
984,2024-07-08,2,20,2,80,6800,816.0,0.0,4148.0,54.0,0,0,1,1,0
985,2025-09-24,3,48,2,47,282,0,0,172.02,25.05,0,0,1,1,0
986,2024-09-11,1,7,1,78,936,112.32,0.0,570.96,29.7,0,0,1,0,0
987,2024-06-13,1,20,1,60,720,0,0,439.2,27.0,0,0,1,1,0
988,2024-11-14,1,34,3,80,960,115.2,0.0,585.6,30.0,16.9,55.0,0,1,2
989,2025-10-04,3,34,1,51,306,12.24,0.0,186.66,25.65,5.88,47.75,0,1,2
990,2024-09-07,4,2,3,72,2736,328.32,0.0,1668.96,50.4,0,0,1,1,0
991,2025-03-29,2,8,2,21,1785,142.8,0.0,1088.85,27.45,0,0,1,1,0
992,2025-05-26,2,43,3,67,5695,227.8,0.0,3473.95,48.15,109.34,51.75,0,1,2
993,2024-08-10,2,25,2,59,5015,200.6,0.0,3059.15,44.55,0,0,1,1,0
994,2024-05-25,4,18,2,23,874,0,0,533.14,28.35,0,0,1,1,0
995,2025-01-14,2,46,2,90,7650,306.0,0.0,4666.5,58.5,146.88,0,0,1,1
996,2025-10-19,2,6,1,40,3400,272.0,0.0,2074.0,36.0,0,0,1,1,0
997,2025-09-12,1,29,3,73,876,35.04,0.0,534.36,28.95,16.82,53.25,0,1,2
998,2025-09-27,3,5,1,100,600,24.0,0.0,366.0,33.0,0,0,1,1,0
999,2025-02-28,2,22,2,27,2295,275.4,0.0,1399.95,30.15,0,0,1,1,0
1000,2024-05-09,4,17,3,58,2204,176.32,0.0,1344.44,44.1,40.55,0,0,1,1
1001,2025-10-17,4,10,3,68,2584,310.08,0.0,1576.24,48.6,45.48,52.0,0,1,2
1002,2025-08-17,3,42,1,65,390,31.2,0.0,237.9,27.75,0,0,1,1,0
1003,2025-03-27,3,39,1,24,144,0,0,87.84,21.6,0,0,1,1,0
1004,2024-09-02,1,34,1,11,132,5.28,0.0,80.52,19.65,0,0,1,1,0
1005,2024-04-29,2,44,1,26,2210,176.8,0.0,1348.1,29.7,0,0,1,1,0
1006,2025-01-21,2,12,3,21,1785,214.2,0.0,1088.85,27.45,31.42,40.25,0,1,2
1007,2024-07-07,4,11,2,64,2432,291.84,0.0,1483.52,46.8,0,0,1,1,0
1008,2024-06-25,4,4,1,76,2888,115.52,0.0,1761.68,52.2,55.45,54.0,0,1,2
1009,2025-03-07,1,3,2,15,180,7.2,0.0,109.8,20.25,3.46,38.75,0,1,2
1010,2024-06-24,2,46,3,44,3740,299.2,0.0,2281.4,37.8,0,0,1,1,0
1011,2025-10-23,4,17,3,18,684,27.36,0.0,417.24,26.1,0,0,1,1,0
1012,2024-09-07,4,41,1,97,3686,294.88,0.0,2248.46,61.65,0,0,1,1,0
1013,2024-06-06,4,8,1,46,1748,0,0,1066.28,38.7,0,0,1,1,0
1014,2025-10-20,2,36,1,61,5185,622.2,4562.8,3162.85,45.45,0,0,1,1,0
1015,2024-01-30,3,2,3,61,366,29.28,0.0,223.26,27.15,6.73,0,0,1,1
1016,2024-01-25,1,45,3,49,588,70.56,0.0,358.68,25.35,0,0,1,1,0
1017,2025-11-16,3,15,1,16,96,0,0,58.56,20.4,0,0,1,1,0
1018,2024-05-17,4,35,2,53,2014,241.68,0.0,1228.54,41.85,0,0,1,1,0
1019,2025-10-09,1,44,2,34,408,48.96,0.0,248.88,23.1,0,0,1,1,0
1020,2025-11-18,1,14,2,55,660,0,0,402.6,26.25,0,0,1,1,0
1021,2024-03-14,1,41,3,82,984,118.08,0.0,600.24,30.3,0,0,1,1,0
1022,2025-04-11,3,38,1,61,366,14.64,0.0,223.26,27.15,0,0,1,1,0
1023,2025-11-03,4,27,3,78,2964,118.56,0.0,1808.04,53.1,0,0,1,1,0
1024,2025-02-06,2,10,3,59,5015,200.6,0.0,3059.15,44.55,96.29,49.75,0,1,2
1025,2025-11-27,2,16,2,100,8500,0,0,5185.0,63.0,0,0,1,1,0
1026,2025-09-09,2,44,2,79,6715,0,6715,4096.15,53.55,0,0,1,1,0
1027,2025-07-26,3,4,3,43,258,0,0,157.38,24.45,0,0,1,1,0
1028,2024-12-20,1,27,3,27,324,0,0,197.64,22.05,6.48,41.75,0,1,2
1029,2025-04-21,3,17,2,74,444,17.76,0.0,270.84,29.1,0,0,1,1,0
1030,2025-08-22,2,38,1,37,3145,251.6,0.0,1918.45,34.65,0,0,1,1,0
1031,2025-11-22,2,43,1,65,5525,442.0,0.0,3370.25,47.25,101.66,0,0,1,1
1032,2024-05-08,4,26,2,67,2546,101.84,0.0,1553.06,48.15,0,0,1,1,0
1033,2024-07-13,1,25,2,50,600,72.0,0.0,366.0,25.5,10.56,47.5,0,1,2
1034,2025-06-09,4,13,3,52,1976,79.04,0.0,1205.36,41.4,37.94,0,0,1,1
1035,2024-04-21,3,21,1,44,264,31.68,0.0,161.04,24.6,0,0,1,1,0
1036,2025-08-27,1,30,2,40,480,0,0,292.8,24.0,0,0,1,1,0
1037,2024-06-05,2,28,2,100,8500,680.0,0.0,5185.0,63.0,0,0,1,1,0
1038,2025-04-29,2,30,2,58,4930,591.6,0.0,3007.3,44.1,86.77,49.5,0,0,2
1039,2024-10-24,3,32,1,62,372,0,0,226.92,27.3,7.44,0,0,1,1
1040,2024-05-19,2,8,3,52,4420,530.4,0.0,2696.2,41.4,0,0,1,1,0
1041,2025-11-19,2,43,1,27,2295,0,0,1399.95,30.15,0,0,1,1,0
1042,2024-05-17,3,41,2,88,528,21.12,0.0,322.08,31.2,10.14,0,0,1,1
1043,2025-06-24,1,5,2,11,132,0,0,80.52,19.65,0,0,1,1,0
1044,2025-10-18,1,42,2,27,324,12.96,0.0,197.64,22.05,0,0,1,1,0
1045,2024-01-26,4,30,1,33,1254,100.32,0.0,764.94,32.85,23.07,43.25,0,1,2
1046,2025-06-27,2,22,1,13,1105,132.6,0.0,674.05,23.85,0,0,1,1,0
1047,2025-08-08,4,10,1,11,418,0,0,254.98,22.95,0,0,1,1,0
1048,2025-12-31,3,9,1,83,498,0,0,303.78,30.45,0,0,1,1,0
1049,2024-12-10,1,17,3,25,300,24.0,0.0,183.0,21.75,5.52,0,0,1,1
1050,2025-02-07,2,28,3,12,1020,81.6,0.0,622.2,23.4,0,0,1,1,0
1051,2024-03-18,4,42,2,83,3154,378.48,0.0,1923.94,55.35,0,0,1,1,0
1052,2024-04-06,4,41,2,67,2546,101.84,0.0,1553.06,48.15,0,0,1,1,0
1053,2025-09-10,1,21,3,14,168,6.72,0.0,102.48,20.1,3.23,38.5,0,1,2
1054,2024-12-12,1,9,2,11,132,15.84,0.0,80.52,19.65,2.32,37.75,0,1,2
1055,2025-10-01,3,43,1,51,306,0,0,186.66,25.65,0,0,1,1,0
1056,2024-03-07,2,8,3,46,3910,0,0,2385.1,38.7,0,0,1,1,0
1057,2024-04-18,4,35,3,70,2660,0,0,1622.6,49.5,53.2,52.5,0,1,2
1058,2024-07-29,2,43,1,52,4420,176.8,0.0,2696.2,41.4,84.86,48.0,0,1,4
1059,2024-05-26,3,15,2,59,354,14.16,0.0,215.94,26.85,0,0,1,1,0
1060,2024-12-03,2,45,1,28,2380,285.6,0.0,1451.8,30.6,0,0,1,1,0
1061,2025-07-17,3,34,3,89,534,0,0,325.74,31.35,0,0,1,1,0
1062,2025-12-27,4,3,2,35,1330,0,0,811.3,33.75,0,0,1,1,0
1063,2024-10-05,4,14,2,51,1938,232.56,0.0,1182.18,40.95,0,0,1,1,0
1064,2024-01-05,4,24,3,35,1330,0,0,811.3,33.75,26.6,43.75,0,1,4
1065,2025-05-23,4,35,3,12,456,36.48,0.0,278.16,23.4,8.39,38.0,0,1,2
1066,2024-01-31,2,45,2,54,4590,0,0,2799.9,42.3,0,0,1,1,0
1067,2024-02-26,4,12,1,63,2394,0,0,1460.34,46.35,0,0,1,1,0
1068,2024-11-05,4,23,3,74,2812,224.96,0.0,1715.32,51.3,0,0,1,1,0
1069,2024-09-23,1,44,3,81,972,38.88,0.0,592.92,30.15,18.66,0,0,1,1
1070,2025-04-11,4,27,2,76,2888,115.52,0.0,1761.68,52.2,0,0,1,1,0
1071,2024-12-02,1,1,1,76,912,0,0,556.32,29.4,0,0,1,1,0
1072,2024-10-08,1,41,1,19,228,0,0,139.08,20.85,0,0,1,1,0
1073,2024-08-16,3,37,2,87,522,62.64,0.0,318.42,31.05,0,0,1,1,0
1074,2025-03-26,2,9,2,32,2720,108.8,0.0,1659.2,32.4,52.22,43.0,0,1,2
1075,2025-02-14,1,34,3,49,588,70.56,0.0,358.68,25.35,0,0,1,1,0
1076,2024-04-07,4,1,3,75,2850,228.0,0.0,1738.5,51.75,0,0,1,1,0
1077,2024-06-22,2,7,1,86,7310,584.8,0.0,4459.1,56.7,0,0,1,1,0
1078,2024-10-15,3,48,3,88,528,63.36,0.0,322.08,31.2,9.29,0,0,1,1
1079,2025-12-03,2,25,1,37,3145,377.4,0.0,1918.45,34.65,0,0,1,1,0
1080,2025-12-12,1,13,3,19,228,9.12,0.0,139.08,20.85,4.38,0,0,1,1
1081,2025-05-20,3,44,2,59,354,0,0,215.94,26.85,0,0,1,1,0
1082,2024-07-07,1,14,3,39,468,0,0,285.48,23.85,9.36,44.75,0,1,2
1083,2025-03-23,2,41,1,74,6290,251.6,6038.4,3836.9,51.3,0,0,1,1,0
1084,2025-06-16,2,42,1,79,6715,805.8,0.0,4096.15,53.55,0,0,1,1,0
1085,2025-01-18,4,32,3,20,760,60.8,0.0,463.6,27.0,13.98,0,0,1,1
1086,2024-03-01,1,5,1,49,588,70.56,0.0,358.68,25.35,0,0,1,1,0
1087,2024-07-14,1,38,2,63,756,60.48,0.0,461.16,27.45,0,0,1,1,0
1088,2024-04-07,3,35,2,19,114,0,0,69.54,20.85,0,0,1,1,0
1089,2024-04-20,4,45,2,28,1064,127.68,0.0,649.04,30.6,0,0,1,1,0
1090,2024-08-24,1,8,2,79,948,75.84,0.0,578.28,29.85,0,0,1,1,0
1091,2025-05-01,2,43,2,20,1700,68.0,0.0,1037.0,27.0,0,0,1,1,0
1092,2025-04-16,3,15,2,29,174,6.96,0.0,106.14,22.35,0,0,1,1,0
1093,2025-06-12,2,11,2,64,5440,0,0,3318.4,46.8,0,0,1,1,0
1094,2024-07-29,3,15,2,83,498,39.84,0.0,303.78,30.45,0,0,1,1,0
1095,2024-01-03,1,14,2,73,876,35.04,0.0,534.36,28.95,0,0,1,1,0
1096,2024-01-13,3,48,2,99,594,23.76,0.0,362.34,32.85,11.4,59.75,0,1,2
1097,2024-03-25,2,35,1,90,7650,0,0,4666.5,58.5,0,0,1,1,0
1098,2025-08-18,2,8,1,23,1955,78.2,0.0,1192.55,28.35,37.54,0,0,1,1
1099,2025-06-19,2,22,1,64,5440,652.8,0.0,3318.4,46.8,0,0,1,1,0
1100,2024-10-14,2,17,1,38,3230,258.4,0.0,1970.3,35.1,0,0,1,1,0
1101,2025-03-31,4,38,3,89,3382,270.56,0.0,2063.02,58.05,0,0,1,1,0
1102,2024-09-20,3,25,2,19,114,0,0,69.54,20.85,0,0,1,1,0
1103,2025-06-09,4,11,2,50,1900,0,0,1159.0,40.5,0,0,1,1,0
1104,2024-12-18,2,26,3,52,4420,176.8,0.0,2696.2,41.4,0,0,1,1,0
1105,2025-03-22,2,24,2,84,7140,856.8,0.0,4355.4,55.8,0,0,1,1,0
1106,2025-02-18,2,20,3,51,4335,0,0,2644.35,40.95,86.7,0,0,1,1
1107,2025-02-11,3,29,1,18,108,4.32,0.0,65.88,20.7,0,0,1,1,0
1108,2024-02-28,2,10,3,39,3315,132.6,0.0,2022.15,35.55,63.65,0,0,1,1
1109,2025-05-17,3,28,3,27,162,6.48,0.0,98.82,22.05,0,0,1,1,0
1110,2025-06-11,4,34,2,22,836,0,0,509.96,27.9,0,0,1,1,0
1111,2024-04-12,4,33,2,40,1520,182.4,0.0,927.2,36.0,0,0,1,1,0
1112,2024-01-05,4,33,3,70,2660,106.4,0.0,1622.6,49.5,51.07,52.5,0,1,2
1113,2024-12-21,3,15,1,39,234,18.72,0.0,142.74,23.85,0,0,1,1,0
1114,2025-03-03,2,6,2,13,1105,132.6,0.0,674.05,23.85,0,0,1,1,0
1115,2025-06-15,1,19,2,82,984,78.72,0.0,600.24,30.3,0,0,1,1,0
1116,2024-02-12,3,13,1,78,468,37.44,0.0,285.48,29.7,0,0,1,1,0
1117,2025-11-18,3,45,3,21,126,5.04,0.0,76.86,21.15,0,0,1,1,0
1118,2024-09-27,2,44,3,49,4165,166.6,0.0,2540.65,40.05,0,0,1,1,0
1119,2025-11-11,4,38,2,34,1292,103.36,0.0,788.12,33.3,23.77,43.5,0,1,2
1120,2025-03-24,1,30,3,89,1068,128.16,0.0,651.48,31.35,0,0,1,1,0
1121,2025-07-01,4,40,1,55,2090,250.8,0.0,1274.9,42.75,0,0,1,1,0
1122,2025-09-26,1,44,2,69,828,0,0,505.08,28.35,16.56,0,0,1,1
1123,2024-11-19,2,12,1,34,2890,346.8,0.0,1762.9,33.3,0,0,1,1,0
1124,2024-12-30,1,13,1,25,300,24.0,0.0,183.0,21.75,0,0,1,1,0
1125,2025-01-03,3,26,3,80,480,57.6,0.0,292.8,30.0,0,0,1,1,0
1126,2024-12-04,3,15,2,48,288,11.52,0.0,175.68,25.2,5.53,47.0,0,1,2
1127,2024-08-15,3,39,2,77,462,18.48,0.0,281.82,29.55,0,0,1,1,0
1128,2025-05-22,1,36,3,69,828,99.36,0.0,505.08,28.35,14.57,52.25,0,1,2
1129,2024-10-30,3,32,3,53,318,12.72,0.0,193.98,25.95,0,0,1,0,0
1130,2025-11-21,4,33,1,24,912,72.96,0.0,556.32,28.8,0,0,1,1,0
1131,2025-08-08,2,7,3,83,7055,0,0,4303.55,55.35,0,0,1,1,0
1132,2024-08-31,1,7,2,63,756,90.72,0.0,461.16,27.45,13.31,50.75,0,1,2
1133,2025-04-02,1,39,1,56,672,26.88,0.0,409.92,26.4,0,0,1,1,0
1134,2025-09-09,3,9,2,23,138,11.04,0.0,84.18,21.45,0,0,1,1,0
1135,2024-04-10,1,25,2,75,900,108.0,0.0,549.0,29.25,0,0,1,0,0
1136,2025-03-08,4,41,2,67,2546,203.68,0.0,1553.06,48.15,0,0,1,1,0
1137,2025-03-20,2,10,1,14,1190,0,0,725.9,24.3,0,0,1,1,0
1138,2024-03-18,2,6,3,50,4250,510.0,0.0,2592.5,40.5,74.8,0,0,1,1
1139,2025-06-21,3,26,2,36,216,17.28,0.0,131.76,23.4,0,0,1,1,0
1140,2024-09-01,3,15,2,83,498,19.92,0.0,303.78,30.45,0,0,1,0,0
1141,2025-03-09,4,36,1,80,3040,364.8,0.0,1854.4,54.0,0,0,1,1,0
1142,2025-05-14,2,47,1,30,2550,306.0,2244.0,1555.5,31.5,0,0,1,1,0
1143,2025-02-12,2,45,2,83,7055,282.2,0.0,4303.55,55.35,0,0,1,1,0
1144,2025-10-28,3,37,2,30,180,7.2,0.0,109.8,22.5,0,0,1,1,0
1145,2025-07-14,3,36,2,51,306,12.24,0.0,186.66,25.65,0,0,1,1,0
1146,2024-08-07,3,33,3,47,282,11.28,0.0,172.02,25.05,0,0,1,1,0
1147,2024-02-14,2,17,3,39,3315,132.6,0.0,2022.15,35.55,0,0,1,1,0
1148,2024-03-23,3,10,1,65,390,46.8,0.0,237.9,27.75,0,0,1,1,0
1149,2024-04-06,3,28,1,79,474,18.96,0.0,289.14,29.85,0,0,1,1,0
1150,2024-01-26,4,20,2,44,1672,200.64,0.0,1019.92,37.8,0,0,1,1,0
1151,2025-02-04,1,16,2,90,1080,129.6,0.0,658.8,31.5,0,0,1,1,0
1152,2024-07-29,1,39,3,40,480,57.6,0.0,292.8,24.0,8.45,0,0,1,1
1153,2025-09-03,3,28,1,50,300,36.0,0.0,183.0,25.5,5.28,47.5,0,1,2
1154,2025-04-08,4,3,2,69,2622,314.64,0.0,1599.42,49.05,0,0,1,1,0
1155,2024-10-25,2,7,2,55,4675,374.0,0.0,2851.75,42.75,0,0,1,1,0
1156,2024-05-04,1,11,2,63,756,90.72,0.0,461.16,27.45,13.31,0,0,1,1
1157,2024-05-04,4,13,2,10,380,45.6,0.0,231.8,22.5,0,0,1,1,0
1158,2025-08-07,3,35,1,28,168,0,0,102.48,22.2,0,0,1,1,0
1159,2025-06-19,1,44,2,43,516,41.28,0.0,314.76,24.45,0,0,1,1,0
1160,2024-01-31,4,20,1,71,2698,0,0,1645.78,49.95,0,0,1,1,0
1161,2025-04-01,1,33,2,79,948,0,0,578.28,29.85,18.96,54.75,0,1,2
1162,2024-11-17,1,5,3,28,336,40.32,0.0,204.96,22.2,0,0,1,1,0
1163,2024-08-04,1,18,2,81,972,38.88,0.0,592.92,30.15,0,0,1,1,0
1164,2025-01-20,2,15,2,19,1615,193.8,0.0,985.15,26.55,28.42,39.75,0,1,2
1165,2024-08-17,1,39,3,59,708,84.96,0.0,431.88,26.85,0,0,1,1,0
1166,2025-06-16,2,43,3,61,5185,414.8,0.0,3162.85,45.45,0,0,1,1,0
1167,2025-12-02,1,47,3,61,732,58.56,0.0,446.52,27.15,13.47,50.25,0,0,4
1168,2025-04-02,2,27,2,95,8075,323.0,0.0,4925.75,60.75,0,0,1,1,0
1169,2025-04-07,2,44,3,21,1785,0,0,1088.85,27.45,0,0,1,1,0
1170,2024-04-28,4,1,3,52,1976,79.04,0.0,1205.36,41.4,0,0,1,1,0
1171,2025-11-05,1,5,3,11,132,5.28,0.0,80.52,19.65,2.53,37.75,0,1,4
1172,2024-02-12,4,6,1,82,3116,249.28,0.0,1900.76,54.9,0,0,1,1,0
1173,2024-09-05,2,25,3,48,4080,489.6,0.0,2488.8,39.6,0,0,1,1,0
1174,2024-09-10,1,1,3,10,120,14.4,0.0,73.2,19.5,0,0,1,1,0
1175,2024-12-06,2,1,3,93,7905,948.6,0.0,4822.05,59.85,0,0,1,1,0
1176,2024-05-11,2,15,1,47,3995,319.6,0.0,2436.95,39.15,0,0,1,1,0
1177,2025-12-30,1,29,3,84,1008,0,0,614.88,30.6,0,0,1,1,0
1178,2024-03-10,4,18,2,98,3724,446.88,3277.12,2271.64,62.1,65.54,0,0,1,1
1179,2024-07-22,4,18,2,31,1178,47.12,0.0,718.58,31.95,0,0,1,1,0
1180,2024-07-27,1,47,3,62,744,89.28,0.0,453.84,27.3,13.09,50.5,0,1,2
1181,2024-09-06,3,12,1,80,480,0,0,292.8,30.0,0,0,1,1,0
1182,2024-08-22,1,12,3,11,132,0,0,80.52,19.65,0,0,1,1,0
1183,2025-10-17,2,42,3,57,4845,387.6,0.0,2955.45,43.65,0,0,1,1,0
1184,2024-05-13,2,32,1,40,3400,408.0,0.0,2074.0,36.0,0,0,1,1,0
1185,2024-05-24,3,12,3,89,534,42.72,0.0,325.74,31.35,9.83,57.25,0,1,2
1186,2024-01-23,2,26,2,82,6970,278.8,0.0,4251.7,54.9,0,0,1,1,0
1187,2024-07-21,3,30,1,39,234,0,0,142.74,23.85,0,0,1,1,0
1188,2024-10-23,3,10,3,12,72,2.88,0.0,43.92,19.8,1.38,0,0,1,1
1189,2025-09-22,1,20,1,70,840,67.2,0.0,512.4,28.5,0,0,1,1,0
1190,2024-04-20,4,8,2,48,1824,218.88,0.0,1112.64,39.6,32.1,0,0,1,1
1191,2024-08-14,3,40,2,16,96,0,0,58.56,20.4,0,0,1,1,0
1192,2025-04-23,1,26,3,95,1140,91.2,0.0,695.4,32.25,20.98,58.75,0,1,2
1193,2025-06-18,1,27,3,33,396,0,0,241.56,22.95,0,0,1,1,0
1194,2025-02-14,1,29,2,35,420,16.8,0.0,256.2,23.25,0,0,1,1,0
1195,2024-12-05,2,32,2,93,7905,0,0,4822.05,59.85,0,0,1,1,0
1196,2024-01-29,2,1,1,71,6035,482.8,5552.2,3681.35,49.95,111.04,52.75,0,1,2
1197,2025-03-08,4,18,2,18,684,0,0,417.24,26.1,13.68,0,0,1,1
1198,2025-09-20,1,14,3,48,576,0,0,351.36,25.2,11.52,0,0,1,1
1199,2025-03-06,4,37,2,11,418,33.44,0.0,254.98,22.95,0,0,1,1,0
1200,2024-05-26,4,5,2,85,3230,387.6,0.0,1970.3,56.25,0,0,1,1,0
1201,2024-01-06,1,22,1,35,420,50.4,0.0,256.2,23.25,7.39,43.75,0,1,2
1202,2024-06-20,4,10,3,50,1900,0,0,1159.0,40.5,0,0,1,1,0
1203,2025-10-28,2,30,1,24,2040,244.8,0.0,1244.4,28.8,35.9,41.0,0,1,2
1204,2025-03-18,1,24,1,84,1008,120.96,0.0,614.88,30.6,0,0,1,1,0
1205,2024-04-15,2,19,3,83,7055,846.6,0.0,4303.55,55.35,0,0,1,1,0
1206,2024-03-09,2,33,1,46,3910,312.8,3597.2,2385.1,38.7,0,0,1,1,0
1207,2024-12-21,3,2,1,100,600,72.0,0.0,366.0,33.0,0,0,1,1,0
1208,2024-02-05,2,7,1,99,8415,0,0,5133.15,62.55,0,0,1,0,0
1209,2024-03-12,4,9,1,63,2394,0,0,1460.34,46.35,0,0,1,1,0
1210,2025-03-11,1,22,2,16,192,15.36,0.0,117.12,20.4,0,0,1,1,0
1211,2025-01-05,2,43,3,53,4505,180.2,0.0,2748.05,41.85,0,0,1,1,0
1212,2025-07-08,3,35,1,98,588,70.56,0.0,358.68,32.7,0,0,1,1,0
1213,2025-04-25,3,18,2,83,498,59.76,0.0,303.78,30.45,8.76,55.75,0,1,2
1214,2025-06-06,4,28,2,13,494,0,494,301.34,23.85,0,0,1,1,0
1215,2025-04-24,3,27,3,50,300,36.0,0.0,183.0,25.5,0,0,1,0,0
1216,2024-01-13,3,31,2,18,108,0,0,65.88,20.7,0,0,1,1,0
1217,2024-07-05,2,36,1,12,1020,81.6,0.0,622.2,23.4,18.77,0,0,1,1
1218,2024-04-27,3,34,3,52,312,37.44,0.0,190.32,25.8,5.49,0,0,1,1
1219,2025-10-11,3,25,1,93,558,66.96,0.0,340.38,31.95,0,0,1,1,0
1220,2025-05-01,1,27,2,36,432,0,0,263.52,23.4,0,0,1,1,0
1221,2024-10-29,4,39,2,56,2128,0,0,1298.08,43.2,42.56,49.0,0,1,4
1222,2025-07-30,2,2,1,57,4845,581.4,0.0,2955.45,43.65,0,0,1,1,0
1223,2024-01-05,2,3,2,45,3825,459.0,0.0,2333.25,38.25,0,0,1,1,0
1224,2024-06-03,4,25,3,30,1140,0,0,695.4,31.5,0,0,1,1,0
1225,2025-11-21,3,8,2,25,150,6.0,0.0,91.5,21.75,0,0,1,1,0
1226,2024-05-15,3,39,2,84,504,60.48,0.0,307.44,30.6,0,0,1,1,0
1227,2025-11-19,1,3,3,61,732,87.84,0.0,446.52,27.15,12.88,50.25,0,1,2
1228,2025-11-25,1,6,3,27,324,38.88,0.0,197.64,22.05,5.7,0,0,1,1
1229,2025-12-31,1,2,1,34,408,0,0,248.88,23.1,0,0,1,1,0
1230,2025-06-29,2,17,2,80,6800,816.0,0.0,4148.0,54.0,0,0,1,1,0
1231,2025-03-14,3,12,3,46,276,22.08,0.0,168.36,24.9,5.08,46.5,0,1,4
1232,2024-11-04,4,28,1,89,3382,405.84,0.0,2063.02,58.05,0,0,1,1,0
1233,2024-04-11,2,7,3,48,4080,326.4,0.0,2488.8,39.6,0,0,1,1,0
1234,2025-10-30,1,15,2,19,228,0,0,139.08,20.85,4.56,0,0,1,1
1235,2024-01-27,4,17,2,28,1064,127.68,0.0,649.04,30.6,18.73,0,0,1,1
1236,2024-08-07,2,46,3,21,1785,71.4,0.0,1088.85,27.45,34.27,0,0,1,1
1237,2024-11-08,2,39,2,98,8330,666.4,0.0,5081.3,62.1,153.27,0,0,1,1
1238,2025-12-22,2,3,3,16,1360,0,0,829.6,25.2,27.2,39.0,0,1,2
1239,2024-08-22,1,23,2,99,1188,95.04,0.0,724.68,32.85,0,0,1,1,0
1240,2024-11-06,4,34,3,47,1786,71.44,0.0,1089.46,39.15,0,0,1,1,0
1241,2025-04-26,4,36,1,21,798,0,0,486.78,27.45,15.96,0,0,1,1
1242,2024-04-14,1,27,2,62,744,29.76,0.0,453.84,27.3,0,0,1,1,0
1243,2025-03-01,2,16,3,27,2295,275.4,0.0,1399.95,30.15,0,0,1,1,0
1244,2024-12-12,2,30,3,70,5950,238.0,0.0,3629.5,49.5,0,0,1,1,0
1245,2025-07-05,4,36,2,68,2584,0,0,1576.24,48.6,51.68,52.0,0,1,2
1246,2025-08-18,1,41,2,30,360,0,0,219.6,22.5,7.2,0,0,1,1
1247,2025-01-30,4,31,2,65,2470,98.8,0.0,1506.7,47.25,0,0,1,1,0
1248,2024-05-07,4,36,2,23,874,69.92,0.0,533.14,28.35,0,0,1,1,0
1249,2025-05-10,2,39,1,98,8330,333.2,0.0,5081.3,62.1,0,0,1,0,0
1250,2025-02-07,2,9,1,24,2040,0,0,1244.4,28.8,0,0,1,1,0
1251,2025-07-19,4,18,3,15,570,45.6,0.0,347.7,24.75,10.49,0,0,1,1
1252,2025-09-27,4,13,2,62,2356,282.72,0.0,1437.16,45.9,41.47,0,0,1,1
1253,2024-02-29,3,12,2,72,432,51.84,0.0,263.52,28.8,0,0,1,1,0
1254,2024-01-01,3,44,3,36,216,8.64,0.0,131.76,23.4,4.15,0,0,1,1
1255,2024-07-01,3,29,1,27,162,6.48,0.0,98.82,22.05,0,0,1,1,0
1256,2024-08-09,4,5,2,12,456,0,0,278.16,23.4,0,0,1,1,0
1257,2024-05-15,4,12,2,84,3192,255.36,0.0,1947.12,55.8,0,0,1,1,0
1258,2024-02-17,2,18,2,94,7990,958.8,0.0,4873.9,60.3,0,0,1,1,0
1259,2024-02-01,1,19,1,55,660,0,0,402.6,26.25,0,0,1,1,0
1260,2025-01-02,2,47,2,10,850,68.0,0.0,518.5,22.5,15.64,37.5,0,1,2
1261,2024-09-30,2,22,2,16,1360,108.8,0.0,829.6,25.2,0,0,1,1,0
1262,2025-04-07,1,24,1,82,984,118.08,0.0,600.24,30.3,0,0,1,1,0
1263,2025-08-01,3,19,2,52,312,24.96,0.0,190.32,25.8,5.74,48.0,0,1,4
1264,2024-02-05,1,26,3,68,816,97.92,0.0,497.76,28.2,0,0,1,1,0
1265,2025-05-24,4,33,2,59,2242,89.68,0.0,1367.62,44.55,0,0,1,1,0
1266,2025-11-19,4,30,2,29,1102,44.08,1057.92,672.22,31.05,0,0,1,1,0
1267,2025-05-22,4,29,3,84,3192,255.36,0.0,1947.12,55.8,0,0,1,1,0
1268,2025-01-26,3,3,3,88,528,63.36,464.64,322.08,31.2,9.29,57.0,0,1,2
1269,2025-04-23,4,13,1,10,380,45.6,0.0,231.8,22.5,0,0,1,1,0
1270,2025-05-04,4,14,3,67,2546,305.52,0.0,1553.06,48.15,0,0,1,1,0
1271,2025-04-17,2,47,1,58,4930,394.4,0.0,3007.3,44.1,90.71,0,0,1,1
1272,2025-03-14,4,44,2,46,1748,139.84,0.0,1066.28,38.7,0,0,1,1,0
1273,2024-04-04,1,15,2,61,732,87.84,0.0,446.52,27.15,0,0,1,1,0
1274,2024-07-10,1,21,3,37,444,35.52,0.0,270.84,23.55,8.17,0,0,1,1
1275,2025-10-04,2,32,3,33,2805,336.6,0.0,1711.05,32.85,49.37,0,0,1,1
1276,2025-05-14,4,11,1,45,1710,0,0,1043.1,38.25,34.2,0,0,1,1
1277,2025-07-26,4,36,2,83,3154,378.48,0.0,1923.94,55.35,55.51,0,0,1,1
1278,2025-11-25,1,21,1,67,804,32.16,0.0,490.44,28.05,0,0,1,1,0
1279,2025-12-01,2,24,1,48,4080,489.6,0.0,2488.8,39.6,0,0,1,1,0
1280,2024-08-09,3,48,1,41,246,29.52,0.0,150.06,24.15,0,0,1,1,0
1281,2025-10-22,1,5,2,91,1092,0,0,666.12,31.65,0,0,1,1,0
1282,2024-03-31,1,4,2,97,1164,46.56,0.0,710.04,32.55,0,0,1,1,0
1283,2024-11-03,1,16,1,67,804,32.16,0.0,490.44,28.05,0,0,1,1,0
1284,2024-03-03,3,37,3,64,384,15.36,0.0,234.24,27.6,0,0,1,1,0
1285,2025-07-17,1,32,3,60,720,57.6,0.0,439.2,27.0,0,0,1,1,0
1286,2024-05-08,1,23,2,77,924,0,0,563.64,29.55,0,0,1,1,0
1287,2025-09-03,1,39,3,45,540,0,0,329.4,24.75,10.8,46.25,0,1,2
1288,2025-02-14,3,12,3,85,510,61.2,0.0,311.1,30.75,8.98,56.25,0,1,4
1289,2024-05-09,3,16,3,82,492,59.04,0.0,300.12,30.3,8.66,0,0,1,1
1290,2024-01-09,3,12,1,62,372,0,0,226.92,27.3,0,0,1,1,0
1291,2025-02-09,1,35,2,38,456,18.24,0.0,278.16,23.7,0,0,1,1,0
1292,2025-08-15,2,12,1,40,3400,0,0,2074.0,36.0,0,0,1,1,0
1293,2025-09-29,4,45,2,75,2850,228.0,0.0,1738.5,51.75,52.44,0,0,1,1
1294,2024-11-07,1,44,1,33,396,15.84,0.0,241.56,22.95,0,0,1,1,0
1295,2024-03-22,4,19,3,70,2660,319.2,0.0,1622.6,49.5,46.82,0,0,1,1
1296,2024-02-18,2,20,1,99,8415,1009.8,0.0,5133.15,62.55,0,0,1,1,0
1297,2024-08-10,2,46,3,61,5185,207.4,0.0,3162.85,45.45,0,0,1,1,0
1298,2025-12-09,4,35,2,19,722,86.64,0.0,440.42,26.55,0,0,1,1,0
1299,2024-06-27,1,29,2,13,156,12.48,0.0,95.16,19.95,0,0,1,1,0
1300,2024-09-26,3,13,3,38,228,9.12,0.0,139.08,23.7,4.38,44.5,0,1,4
1301,2024-08-24,2,35,3,94,7990,639.2,0.0,4873.9,60.3,147.02,58.5,0,1,4
1302,2025-05-30,4,21,1,91,3458,414.96,0.0,2109.38,58.95,0,0,1,1,0
1303,2025-01-19,1,15,3,96,1152,0,0,702.72,32.4,23.04,59.0,0,1,4
1304,2024-08-22,1,2,1,70,840,67.2,0.0,512.4,28.5,15.46,52.5,0,1,2
1305,2024-06-29,3,9,1,38,228,0,0,139.08,23.7,0,0,1,1,0
1306,2025-02-14,3,9,3,70,420,16.8,0.0,256.2,28.5,0,0,1,1,0
1307,2025-06-10,1,39,2,61,732,58.56,0.0,446.52,27.15,0,0,1,1,0
1308,2025-12-21,1,18,3,59,708,56.64,0.0,431.88,26.85,0,0,1,1,0
1309,2025-01-16,4,48,1,80,3040,243.2,0.0,1854.4,54.0,0,0,1,1,0
1310,2024-02-05,2,5,1,92,7820,312.8,0.0,4770.2,59.4,0,0,1,1,0
1311,2024-08-30,4,23,3,37,1406,56.24,0.0,857.66,34.65,27.0,0,0,1,1
1312,2025-08-24,3,28,3,66,396,31.68,0.0,241.56,27.9,0,0,1,1,0
1313,2025-10-22,4,18,2,10,380,45.6,0.0,231.8,22.5,0,0,1,1,0
1314,2024-10-28,3,18,3,19,114,4.56,0.0,69.54,20.85,0,0,1,1,0
1315,2025-01-16,3,32,3,34,204,0,0,124.44,23.1,4.08,43.5,0,1,2
1316,2025-04-06,2,31,3,100,8500,680.0,0.0,5185.0,63.0,0,0,1,1,0
1317,2025-05-10,1,11,2,22,264,21.12,242.88,161.04,21.3,0,0,1,1,0
1318,2024-01-29,1,4,1,58,696,27.84,0.0,424.56,26.7,13.36,0,0,1,1
1319,2025-10-22,4,3,3,64,2432,291.84,0.0,1483.52,46.8,42.8,51.0,0,1,2
1320,2025-08-31,1,2,1,18,216,8.64,0.0,131.76,20.7,4.15,0,0,1,1
1321,2024-02-06,2,6,2,29,2465,98.6,0.0,1503.65,31.05,0,0,1,1,0
1322,2024-10-27,1,23,1,43,516,61.92,0.0,314.76,24.45,9.08,0,0,1,1
1323,2024-03-11,2,1,3,85,7225,867.0,0.0,4407.25,56.25,0,0,1,1,0
1324,2024-04-21,1,6,2,51,612,73.44,0.0,373.32,25.65,0,0,1,1,0
1325,2025-03-01,2,14,3,80,6800,816.0,0.0,4148.0,54.0,119.68,0,0,1,1
1326,2024-12-14,3,17,1,84,504,60.48,0.0,307.44,30.6,8.87,56.0,0,1,2
1327,2024-06-30,4,31,2,86,3268,392.16,0.0,1993.48,56.7,0,0,1,1,0
1328,2025-04-10,4,8,2,26,988,79.04,908.96,602.68,29.7,18.18,41.5,0,1,2
1329,2024-06-04,4,45,1,77,2926,351.12,0.0,1784.86,52.65,51.5,0,0,1,1
1330,2025-04-20,4,8,1,54,2052,246.24,0.0,1251.72,42.3,0,0,1,1,0
1331,2024-07-05,4,1,1,23,874,69.92,0.0,533.14,28.35,0,0,1,1,0
1332,2024-01-04,3,42,3,91,546,43.68,0.0,333.06,31.65,10.05,57.75,0,1,2
1333,2025-02-21,1,44,1,72,864,103.68,0.0,527.04,28.8,15.21,53.0,0,1,4
1334,2024-09-19,1,30,3,39,468,37.44,430.56,285.48,23.85,0,0,1,1,0
1335,2024-09-12,1,28,1,64,768,61.44,0.0,468.48,27.6,0,0,1,1,0
1336,2024-08-13,2,19,1,40,3400,408.0,0.0,2074.0,36.0,0,0,1,1,0
1337,2024-12-07,4,39,2,70,2660,319.2,0.0,1622.6,49.5,0,0,1,1,0
1338,2025-10-16,3,11,1,32,192,0,0,117.12,22.8,0,0,1,1,0
1339,2025-07-20,2,43,2,94,7990,958.8,0.0,4873.9,60.3,0,0,1,1,0
1340,2025-05-21,3,28,3,94,564,67.68,0.0,344.04,32.1,0,0,1,1,0
1341,2024-02-04,1,17,1,96,1152,0,0,702.72,32.4,23.04,59.0,0,1,2
1342,2025-11-26,4,44,3,92,3496,139.84,0.0,2132.56,59.4,0,0,1,1,0
1343,2025-07-10,1,21,1,30,360,14.4,0.0,219.6,22.5,0,0,1,1,0
1344,2024-01-13,4,6,2,11,418,16.72,0.0,254.98,22.95,8.03,0,0,1,1
1345,2025-02-19,4,27,3,68,2584,103.36,0.0,1576.24,48.6,0,0,1,1,0
1346,2025-10-22,1,30,2,77,924,0,0,563.64,29.55,0,0,1,1,0
1347,2025-04-07,4,45,2,11,418,16.72,0.0,254.98,22.95,0,0,1,1,0
1348,2025-10-23,1,3,3,67,804,32.16,0.0,490.44,28.05,0,0,1,1,0
1349,2024-04-12,4,39,3,56,2128,0,0,1298.08,43.2,0,0,1,1,0
1350,2025-05-02,1,22,2,14,168,6.72,0.0,102.48,20.1,0,0,1,1,0
1351,2024-09-29,3,26,1,92,552,0,0,336.72,31.8,11.04,0,0,1,1
1352,2024-09-15,1,23,1,33,396,31.68,0.0,241.56,22.95,0,0,1,1,0
1353,2025-05-11,4,17,1,36,1368,54.72,0.0,834.48,34.2,26.27,44.0,0,1,2
1354,2024-09-01,4,39,2,92,3496,0,0,2132.56,59.4,0,0,1,1,0
1355,2024-07-03,1,2,3,68,816,97.92,0.0,497.76,28.2,0,0,1,1,0
1356,2025-01-17,3,33,1,79,474,37.92,0.0,289.14,29.85,0,0,1,1,0
1357,2024-11-11,3,32,3,90,540,0,0,329.4,31.5,10.8,0,0,1,1
1358,2025-10-04,1,26,2,42,504,40.32,0.0,307.44,24.3,0,0,1,1,0
1359,2025-11-22,1,38,2,22,264,31.68,0.0,161.04,21.3,0,0,1,1,0
1360,2024-05-29,2,13,3,83,7055,846.6,0.0,4303.55,55.35,0,0,1,1,0
1361,2024-10-02,3,38,2,94,564,22.56,0.0,344.04,32.1,0,0,1,1,0
1362,2025-08-23,1,43,2,99,1188,142.56,0.0,724.68,32.85,0,0,1,1,0
1363,2024-02-03,1,42,2,100,1200,96.0,0.0,732.0,33.0,0,0,1,1,0
1364,2025-10-08,4,26,3,31,1178,47.12,1130.88,718.58,31.95,0,0,1,1,0
1365,2024-09-01,1,37,1,21,252,10.08,0.0,153.72,21.15,4.84,40.25,0,1,2
1366,2025-10-16,3,3,2,70,420,33.6,0.0,256.2,28.5,0,0,1,1,0
1367,2024-12-02,3,27,3,19,114,4.56,0.0,69.54,20.85,2.19,39.75,0,1,4
1368,2024-06-18,4,11,2,25,950,114.0,0.0,579.5,29.25,0,0,1,1,0
1369,2025-03-20,1,21,2,78,936,37.44,0.0,570.96,29.7,0,0,1,1,0
1370,2025-09-17,1,6,1,71,852,0,0,519.72,28.65,0,0,1,1,0
1371,2025-03-04,1,3,1,12,144,5.76,0.0,87.84,19.8,2.76,38.0,0,1,2
1372,2025-09-01,4,1,3,93,3534,282.72,0.0,2155.74,59.85,0,0,1,1,0
1373,2025-12-11,3,25,2,88,528,63.36,0.0,322.08,31.2,0,0,1,1,0
1374,2024-03-19,4,39,1,93,3534,141.36,0.0,2155.74,59.85,0,0,1,1,0
1375,2024-03-10,2,15,3,91,7735,0,0,4718.35,58.95,0,0,1,1,0
1376,2025-12-23,2,17,3,18,1530,0,0,933.3,26.1,0,0,1,1,0
1377,2025-07-02,3,3,1,37,222,0,0,135.42,23.55,0,0,1,1,0
1378,2025-08-20,3,26,1,31,186,7.44,0.0,113.46,22.65,3.57,0,0,1,1
1379,2025-06-23,1,9,1,59,708,0,0,431.88,26.85,0,0,1,1,0
1380,2025-10-13,1,40,2,97,1164,46.56,0.0,710.04,32.55,0,0,1,1,0
1381,2024-10-05,3,22,2,47,282,22.56,0.0,172.02,25.05,0,0,1,1,0
1382,2025-07-03,1,14,2,63,756,90.72,0.0,461.16,27.45,13.31,0,0,1,1
1383,2025-01-09,1,17,1,48,576,69.12,0.0,351.36,25.2,10.14,0,0,1,1
1384,2024-02-01,3,29,3,30,180,7.2,0.0,109.8,22.5,0,0,1,1,0
1385,2024-09-25,3,3,1,17,102,0,0,62.22,20.55,0,0,1,1,0
1386,2024-09-27,2,15,1,11,935,0,0,570.35,22.95,0,0,1,1,0
1387,2024-07-20,3,33,2,78,468,0,0,285.48,29.7,0,0,1,1,0
1388,2024-09-25,4,9,2,29,1102,44.08,0.0,672.22,31.05,0,0,1,1,0
1389,2024-04-16,3,27,3,75,450,54.0,0.0,274.5,29.25,0,0,1,1,0
1390,2025-07-18,2,14,2,23,1955,78.2,0.0,1192.55,28.35,0,0,1,1,0
1391,2024-02-19,3,26,1,43,258,10.32,0.0,157.38,24.45,0,0,1,1,0
1392,2024-11-05,2,42,2,74,6290,503.2,0.0,3836.9,51.3,0,0,1,1,0
1393,2024-01-17,4,25,1,32,1216,97.28,0.0,741.76,32.4,0,0,1,1,0
1394,2025-11-03,2,42,1,66,5610,673.2,4936.8,3422.1,47.7,0,0,1,1,0
1395,2025-10-22,4,30,1,86,3268,130.72,0.0,1993.48,56.7,0,0,1,1,0
1396,2025-01-06,4,36,1,45,1710,68.4,0.0,1043.1,38.25,32.83,0,0,1,1
1397,2025-06-25,4,38,1,10,380,0,0,231.8,22.5,7.6,0,0,1,1
1398,2025-01-20,3,7,1,52,312,0,0,190.32,25.8,0,0,1,1,0
1399,2025-03-28,4,36,3,18,684,54.72,0.0,417.24,26.1,12.59,39.5,0,1,2
1400,2024-11-20,3,27,3,19,114,4.56,0.0,69.54,20.85,2.19,39.75,0,1,2
1401,2025-07-30,2,14,1,23,1955,78.2,0.0,1192.55,28.35,0,0,1,1,0
1402,2024-10-15,4,35,2,48,1824,218.88,0.0,1112.64,39.6,0,0,1,1,0
1403,2024-05-15,2,26,2,34,2890,115.6,0.0,1762.9,33.3,0,0,1,1,0
1404,2025-10-06,4,22,1,14,532,0,0,324.52,24.3,0,0,1,1,0
1405,2024-06-24,1,26,3,17,204,16.32,0.0,124.44,20.55,0,0,1,1,0
1406,2025-02-07,3,46,3,59,354,14.16,0.0,215.94,26.85,0,0,1,1,0
1407,2024-02-25,2,6,1,98,8330,0,0,5081.3,62.1,0,0,1,1,0
1408,2025-07-21,1,44,1,40,480,0,0,292.8,24.0,0,0,1,1,0
1409,2025-03-28,1,22,2,56,672,26.88,0.0,409.92,26.4,12.9,49.0,0,1,2
1410,2024-09-03,4,11,3,80,3040,243.2,0.0,1854.4,54.0,0,0,1,0,0
1411,2025-09-02,2,22,1,74,6290,503.2,0.0,3836.9,51.3,0,0,1,1,0
1412,2025-11-28,4,38,3,62,2356,94.24,2261.76,1437.16,45.9,45.24,50.5,0,1,2
1413,2025-09-21,3,43,2,42,252,30.24,0.0,153.72,24.3,0,0,1,1,0
1414,2024-02-06,1,8,1,24,288,11.52,0.0,175.68,21.6,0,0,1,1,0
1415,2024-05-22,2,44,1,89,7565,907.8,0.0,4614.65,58.05,0,0,1,1,0
1416,2024-02-25,4,21,2,43,1634,0,0,996.74,37.35,0,0,1,1,0
1417,2024-07-20,1,44,2,96,1152,92.16,0.0,702.72,32.4,21.2,0,0,1,1
1418,2024-01-26,1,28,3,54,648,51.84,0.0,395.28,26.1,0,0,1,1,0
1419,2024-03-02,1,12,2,76,912,0,0,556.32,29.4,0,0,1,1,0
1420,2025-06-23,1,11,3,83,996,39.84,0.0,607.56,30.45,19.12,0,0,1,1
1421,2024-12-08,2,26,1,56,4760,0,0,2903.6,43.2,0,0,1,1,0
1422,2024-08-17,4,24,2,98,3724,148.96,0.0,2271.64,62.1,0,0,1,1,0
1423,2025-12-08,1,3,3,21,252,30.24,0.0,153.72,21.15,4.44,0,0,1,1
1424,2025-06-21,2,35,1,37,3145,377.4,0.0,1918.45,34.65,0,0,1,1,0
1425,2024-04-19,4,21,3,64,2432,97.28,0.0,1483.52,46.8,46.69,51.0,0,1,2
1426,2024-01-19,1,43,1,81,972,77.76,0.0,592.92,30.15,17.88,0,0,1,1
1427,2024-12-23,2,2,3,57,4845,581.4,0.0,2955.45,43.65,0,0,1,1,0
1428,2025-01-02,2,36,3,21,1785,214.2,0.0,1088.85,27.45,0,0,1,0,0
1429,2025-07-01,2,25,3,97,8245,659.6,7585.4,5029.45,61.65,0,0,1,1,0
1430,2025-09-21,1,37,2,67,804,0,0,490.44,28.05,0,0,1,1,0
1431,2024-06-12,2,34,2,37,3145,377.4,0.0,1918.45,34.65,55.35,0,0,1,1
1432,2024-02-09,1,2,2,53,636,50.88,0.0,387.96,25.95,11.7,0,0,1,1
1433,2025-09-25,1,9,2,74,888,106.56,0.0,541.68,29.1,15.63,53.5,0,1,2
1434,2025-12-08,1,6,3,31,372,29.76,0.0,226.92,22.65,6.84,0,0,1,1
1435,2025-12-12,1,33,3,35,420,16.8,0.0,256.2,23.25,0,0,1,1,0
1436,2025-02-04,3,6,1,70,420,0,0,256.2,28.5,0,0,1,1,0
1437,2025-07-09,4,42,2,67,2546,203.68,0.0,1553.06,48.15,0,0,1,1,0
1438,2025-06-01,1,21,3,40,480,57.6,0.0,292.8,24.0,8.45,0,0,1,1
1439,2024-05-16,4,8,2,53,2014,80.56,0.0,1228.54,41.85,0,0,1,0,0
1440,2025-12-10,3,40,3,26,156,0,0,95.16,21.9,3.12,41.5,0,1,2
1441,2024-09-07,2,23,1,25,2125,85.0,0.0,1296.25,29.25,40.8,0,0,1,1
1442,2024-05-12,1,25,3,59,708,84.96,0.0,431.88,26.85,12.46,0,0,1,1
1443,2024-07-14,1,15,2,63,756,30.24,0.0,461.16,27.45,0,0,1,1,0
1444,2024-12-18,3,15,3,63,378,15.12,0.0,230.58,27.45,0,0,1,1,0
1445,2025-03-18,4,34,3,28,1064,127.68,0.0,649.04,30.6,0,0,1,1,0
1446,2025-11-15,3,22,1,23,138,0,0,84.18,21.45,2.76,40.75,0,1,2
1447,2024-03-05,4,47,3,99,3762,300.96,0.0,2294.82,62.55,69.22,0,0,1,1
1448,2025-08-02,2,8,2,39,3315,0,0,2022.15,35.55,0,0,1,1,0
1449,2025-03-23,3,36,2,42,252,0,0,153.72,24.3,5.04,0,0,1,1
1450,2025-01-26,3,7,3,40,240,0,0,146.4,24.0,0,0,1,1,0
1451,2024-05-18,1,28,1,39,468,0,0,285.48,23.85,0,0,1,1,0
1452,2025-12-23,1,46,2,19,228,0,0,139.08,20.85,0,0,1,1,0
1453,2024-08-04,1,29,3,15,180,14.4,0.0,109.8,20.25,3.31,0,0,1,1
1454,2025-03-16,1,21,1,100,1200,96.0,0.0,732.0,33.0,0,0,1,1,0
1455,2024-06-12,3,4,2,23,138,5.52,0.0,84.18,21.45,0,0,1,1,0
1456,2024-01-20,4,25,2,92,3496,419.52,0.0,2132.56,59.4,0,0,1,1,0
1457,2024-09-19,2,7,3,12,1020,0,0,622.2,23.4,20.4,38.0,0,1,4
1458,2025-11-17,2,8,1,80,6800,544.0,0.0,4148.0,54.0,0,0,1,1,0
1459,2025-09-27,2,24,1,54,4590,367.2,0.0,2799.9,42.3,84.46,48.5,0,1,2
1460,2025-12-22,3,22,1,32,192,0,0,117.12,22.8,0,0,1,1,0
1461,2025-07-18,1,7,3,31,372,14.88,0.0,226.92,22.65,0,0,1,1,0
1462,2025-01-24,4,3,1,46,1748,69.92,0.0,1066.28,38.7,0,0,1,1,0
1463,2024-09-23,4,23,3,33,1254,50.16,0.0,764.94,32.85,0,0,1,1,0
1464,2024-12-16,1,27,1,59,708,0,0,431.88,26.85,0,0,1,1,0
1465,2025-12-06,4,46,1,39,1482,118.56,0.0,904.02,35.55,27.27,0,0,1,1
1466,2025-06-04,3,15,2,94,564,0,0,344.04,32.1,0,0,1,1,0
1467,2025-01-09,2,43,3,34,2890,0,0,1762.9,33.3,0,0,1,0,0
1468,2025-05-07,4,27,2,62,2356,0,0,1437.16,45.9,47.12,0,0,1,1
1469,2025-08-24,2,35,3,94,7990,319.6,0.0,4873.9,60.3,153.41,0,0,1,1
1470,2024-10-10,4,47,1,57,2166,259.92,0.0,1321.26,43.65,0,0,1,1,0
1471,2025-05-08,3,6,1,61,366,29.28,0.0,223.26,27.15,0,0,1,0,0
1472,2024-07-05,1,16,1,37,444,17.76,0.0,270.84,23.55,8.52,44.25,0,1,4
1473,2024-08-11,4,26,1,15,570,22.8,0.0,347.7,24.75,0,0,1,1,0
1474,2024-07-27,3,42,1,51,306,0,0,186.66,25.65,0,0,1,1,0
1475,2025-08-28,3,33,1,98,588,0,0,358.68,32.7,0,0,1,1,0
1476,2025-12-10,4,9,1,46,1748,139.84,0.0,1066.28,38.7,0,0,1,1,0
1477,2025-03-15,4,10,3,75,2850,342.0,0.0,1738.5,51.75,0,0,1,0,0
1478,2024-10-21,4,29,3,89,3382,270.56,0.0,2063.02,58.05,0,0,1,1,0
1479,2024-12-29,3,21,3,39,234,28.08,0.0,142.74,23.85,4.12,44.75,0,1,2
1480,2024-04-03,4,40,3,95,3610,0,0,2202.1,60.75,0,0,1,1,0
1481,2025-10-11,4,43,1,83,3154,0,0,1923.94,55.35,0,0,1,1,0
1482,2024-01-24,2,8,1,43,3655,0,0,2229.55,37.35,0,0,1,1,0
1483,2024-09-19,3,41,3,33,198,23.76,0.0,120.78,22.95,0,0,1,1,0
1484,2025-12-27,1,38,3,65,780,93.6,0.0,475.8,27.75,0,0,1,1,0
1485,2025-07-05,4,18,3,94,3572,428.64,0.0,2178.92,60.3,0,0,1,0,0
1486,2025-12-05,4,36,1,78,2964,355.68,2608.32,1808.04,53.1,0,0,1,1,0
1487,2025-09-10,2,20,2,11,935,0,0,570.35,22.95,18.7,37.75,0,1,2
1488,2025-11-03,2,38,2,69,5865,469.2,0.0,3577.65,49.05,0,0,1,1,0
1489,2025-01-24,4,8,2,30,1140,91.2,0.0,695.4,31.5,0,0,1,1,0
1490,2024-01-31,4,42,3,35,1330,0,0,811.3,33.75,0,0,1,1,0
1491,2025-05-13,2,35,1,58,4930,0,0,3007.3,44.1,0,0,1,1,0
1492,2024-11-20,4,45,2,61,2318,92.72,0.0,1413.98,45.45,0,0,1,1,0
1493,2025-08-14,1,48,1,22,264,10.56,0.0,161.04,21.3,0,0,1,1,0
1494,2025-08-28,2,37,1,51,4335,346.8,0.0,2644.35,40.95,0,0,1,1,0
1495,2024-10-19,2,22,1,52,4420,176.8,0.0,2696.2,41.4,0,0,1,1,0
1496,2024-12-10,1,34,3,31,372,44.64,0.0,226.92,22.65,0,0,1,1,0
1497,2025-07-18,4,42,2,57,2166,173.28,0.0,1321.26,43.65,0,0,1,1,0
1498,2024-03-03,3,1,3,22,132,0,0,80.52,21.3,0,0,1,1,0
1499,2024-08-04,2,11,2,86,7310,0,0,4459.1,56.7,0,0,1,1,0
1500,2025-06-20,4,22,3,14,532,63.84,0.0,324.52,24.3,0,0,1,1,0
1501,2025-11-11,3,39,1,42,252,10.08,0.0,153.72,24.3,0,0,1,1,0
1502,2025-02-22,4,33,1,79,3002,120.08,0.0,1831.22,53.55,0,0,1,1,0
1503,2024-11-11,2,48,3,38,3230,0,0,1970.3,35.1,0,0,1,1,0
1504,2025-03-09,3,26,2,79,474,56.88,0.0,289.14,29.85,0,0,1,1,0
1505,2024-03-10,3,17,1,99,594,0,0,362.34,32.85,0,0,1,1,0
1506,2025-08-26,1,33,2,99,1188,47.52,0.0,724.68,32.85,0,0,1,1,0
1507,2024-01-19,1,32,1,70,840,0,0,512.4,28.5,0,0,1,1,0
1508,2024-10-22,4,1,2,100,3800,0,0,2318.0,63.0,0,0,1,1,0
1509,2025-01-15,3,20,2,44,264,10.56,0.0,161.04,24.6,5.07,46.0,0,0,2
1510,2025-10-16,1,44,1,46,552,22.08,0.0,336.72,24.9,0,0,1,1,0
1511,2025-01-06,2,4,2,37,3145,0,0,1918.45,34.65,0,0,1,1,0
1512,2025-03-15,1,12,1,93,1116,133.92,0.0,680.76,31.95,19.64,0,0,1,1
1513,2025-01-31,1,10,1,18,216,17.28,0.0,131.76,20.7,0,0,1,1,0
1514,2024-05-27,4,2,1,80,3040,121.6,0.0,1854.4,54.0,58.37,0,0,1,1
1515,2025-04-08,2,9,2,68,5780,693.6,0.0,3525.8,48.6,101.73,52.0,0,1,4
1516,2025-07-23,3,16,3,84,504,40.32,0.0,307.44,30.6,0,0,1,1,0
1517,2024-01-21,4,30,3,88,3344,0,0,2039.84,57.6,66.88,57.0,0,1,2
1518,2024-05-24,2,13,2,74,6290,503.2,0.0,3836.9,51.3,0,0,1,1,0
1519,2024-03-06,4,35,3,77,2926,351.12,0.0,1784.86,52.65,51.5,0,0,1,1
1520,2024-04-13,3,39,3,88,528,42.24,0.0,322.08,31.2,0,0,1,1,0
1521,2024-08-07,1,1,2,14,168,0,0,102.48,20.1,3.36,0,0,1,1
1522,2024-02-26,2,38,3,79,6715,268.6,0.0,4096.15,53.55,0,0,1,1,0
1523,2024-05-15,1,25,3,53,636,25.44,0.0,387.96,25.95,12.21,0,0,1,1
1524,2024-06-11,1,13,3,43,516,41.28,0.0,314.76,24.45,0,0,1,1,0
1525,2024-11-30,3,7,2,86,516,41.28,0.0,314.76,30.9,0,0,1,1,0
1526,2025-01-25,3,34,2,57,342,0,0,208.62,26.55,0,0,1,1,0
1527,2024-02-03,1,47,3,87,1044,125.28,0.0,636.84,31.05,0,0,1,1,0
1528,2024-01-24,4,28,1,54,2052,164.16,0.0,1251.72,42.3,0,0,1,1,0
1529,2024-12-31,3,37,3,10,60,4.8,0.0,36.6,19.5,1.1,0,0,1,1
1530,2024-12-15,4,21,2,70,2660,106.4,0.0,1622.6,49.5,0,0,1,1,0
1531,2024-12-17,4,15,3,58,2204,88.16,0.0,1344.44,44.1,0,0,1,1,0
1532,2025-12-21,3,24,1,98,588,70.56,0.0,358.68,32.7,0,0,1,1,0
1533,2025-07-29,1,13,1,13,156,0,0,95.16,19.95,0,0,1,1,0
1534,2025-07-17,3,41,1,43,258,10.32,0.0,157.38,24.45,4.95,45.75,0,1,4
1535,2024-03-24,2,48,2,50,4250,0,0,2592.5,40.5,0,0,1,1,0
1536,2025-05-23,4,13,2,57,2166,86.64,0.0,1321.26,43.65,0,0,1,1,0
1537,2024-01-11,1,42,1,28,336,13.44,0.0,204.96,22.2,6.45,42.0,0,1,2
1538,2025-07-11,2,39,2,16,1360,108.8,0.0,829.6,25.2,0,0,1,1,0
1539,2025-06-26,4,29,1,13,494,39.52,0.0,301.34,23.85,0,0,1,1,0
1540,2025-04-01,3,32,1,25,150,12.0,0.0,91.5,21.75,0,0,1,1,0
1541,2024-03-12,3,17,2,42,252,20.16,0.0,153.72,24.3,0,0,1,1,0
1542,2025-05-07,1,44,2,89,1068,85.44,0.0,651.48,31.35,0,0,1,1,0
1543,2025-11-16,3,34,2,57,342,0,0,208.62,26.55,0,0,1,1,0
1544,2024-11-28,2,25,3,29,2465,197.2,0.0,1503.65,31.05,0,0,1,1,0
1545,2024-10-14,4,40,2,22,836,100.32,0.0,509.96,27.9,14.71,40.5,0,1,2
1546,2024-07-21,1,11,2,16,192,15.36,0.0,117.12,20.4,0,0,1,1,0
1547,2025-11-15,4,13,3,30,1140,136.8,0.0,695.4,31.5,0,0,1,1,0
1548,2025-02-15,4,21,3,32,1216,48.64,1167.36,741.76,32.4,23.35,43.0,0,1,4
1549,2024-11-08,2,26,1,87,7395,591.6,0.0,4510.95,57.15,136.07,0,0,1,1
1550,2024-05-01,2,35,1,77,6545,785.4,0.0,3992.45,52.65,0,0,1,1,0
1551,2025-12-28,3,38,3,69,414,0,0,252.54,28.35,0,0,1,1,0
1552,2025-06-07,1,32,2,19,228,18.24,0.0,139.08,20.85,0,0,1,1,0
1553,2025-12-25,4,36,3,53,2014,161.12,0.0,1228.54,41.85,37.06,0,0,1,1
1554,2025-09-17,4,44,3,31,1178,141.36,0.0,718.58,31.95,20.73,42.75,0,1,2
1555,2024-07-25,4,2,1,33,1254,50.16,0.0,764.94,32.85,0,0,1,1,0
1556,2024-12-11,3,28,3,51,306,36.72,0.0,186.66,25.65,5.39,47.75,0,1,4
1557,2025-02-11,2,43,1,54,4590,0,0,2799.9,42.3,0,0,1,1,0
1558,2025-08-27,2,26,3,33,2805,224.4,0.0,1711.05,32.85,51.61,0,0,1,1
1559,2024-05-13,4,35,3,35,1330,106.4,0.0,811.3,33.75,24.47,0,0,1,1
1560,2024-01-11,4,17,3,24,912,109.44,0.0,556.32,28.8,16.05,41.0,0,1,2
1561,2025-11-10,4,23,3,90,3420,410.4,0.0,2086.2,58.5,0,0,1,1,0
1562,2024-04-03,2,17,3,48,4080,0,0,2488.8,39.6,0,0,1,1,0
1563,2024-02-27,1,2,1,14,168,20.16,0.0,102.48,20.1,0,0,1,1,0
1564,2024-03-12,3,48,1,25,150,6.0,0.0,91.5,21.75,0,0,1,1,0
1565,2025-08-07,4,14,1,17,646,0,0,394.06,25.65,12.92,39.25,0,1,2
1566,2025-12-22,1,27,1,61,732,87.84,0.0,446.52,27.15,0,0,1,1,0
1567,2025-02-12,3,20,1,65,390,31.2,0.0,237.9,27.75,0,0,1,1,0
1568,2024-08-18,4,37,2,68,2584,103.36,0.0,1576.24,48.6,0,0,1,1,0
1569,2025-04-30,3,9,1,50,300,0,0,183.0,25.5,6.0,0,0,1,1
1570,2024-07-12,4,39,3,20,760,0,0,463.6,27.0,0,0,1,1,0
1571,2025-01-29,4,22,1,71,2698,0,0,1645.78,49.95,0,0,1,1,0
1572,2024-06-24,1,11,3,25,300,12.0,0.0,183.0,21.75,5.76,0,0,1,1
1573,2025-06-14,3,24,1,43,258,20.64,0.0,157.38,24.45,0,0,1,1,0
1574,2024-03-28,3,6,2,18,108,0,0,65.88,20.7,2.16,0,0,1,1
1575,2025-01-02,1,37,1,53,636,25.44,0.0,387.96,25.95,12.21,0,0,1,1
1576,2024-07-19,4,35,1,55,2090,0,0,1274.9,42.75,0,0,1,1,0
1577,2025-06-17,3,34,3,70,420,16.8,0.0,256.2,28.5,8.06,0,0,1,1
1578,2025-01-04,3,34,1,90,540,21.6,0.0,329.4,31.5,0,0,1,1,0
1579,2025-05-24,1,25,2,17,204,24.48,0.0,124.44,20.55,0,0,1,1,0
1580,2024-05-30,2,39,3,59,5015,401.2,0.0,3059.15,44.55,92.28,49.75,0,1,2
1581,2025-11-09,4,47,1,72,2736,328.32,0.0,1668.96,50.4,0,0,1,1,0
1582,2024-10-29,1,3,3,20,240,9.6,0.0,146.4,21.0,0,0,1,1,0
1583,2024-01-11,1,44,1,88,1056,84.48,0.0,644.16,31.2,0,0,1,1,0
1584,2024-12-23,3,34,1,32,192,15.36,0.0,117.12,22.8,0,0,1,1,0
1585,2025-11-04,3,31,3,41,246,9.84,0.0,150.06,24.15,4.72,45.25,0,1,2
1586,2024-05-01,3,33,3,38,228,9.12,0.0,139.08,23.7,0,0,1,1,0
1587,2024-11-08,1,35,3,47,564,67.68,0.0,344.04,25.05,0,0,1,1,0
1588,2024-04-11,4,40,2,42,1596,0,0,973.56,36.9,31.92,45.5,0,1,2
1589,2025-05-03,3,1,2,36,216,0,0,131.76,23.4,4.32,0,0,1,1
1590,2024-07-06,3,6,1,12,72,8.64,0.0,43.92,19.8,0,0,1,1,0
1591,2025-01-19,4,36,1,27,1026,123.12,0.0,625.86,30.15,0,0,1,1,0
1592,2025-05-28,3,26,3,39,234,9.36,0.0,142.74,23.85,0,0,1,1,0
1593,2024-10-25,2,7,3,20,1700,0,0,1037.0,27.0,34.0,40.0,0,1,2
1594,2024-07-09,4,35,2,14,532,21.28,0.0,324.52,24.3,10.21,38.5,0,1,2
1595,2025-07-06,3,14,1,70,420,0,0,256.2,28.5,0,0,1,1,0
1596,2024-08-09,2,18,3,10,850,34.0,0.0,518.5,22.5,0,0,1,1,0
1597,2025-10-25,1,33,3,72,864,34.56,0.0,527.04,28.8,16.59,0,0,1,1
1598,2024-06-10,4,32,1,72,2736,328.32,0.0,1668.96,50.4,0,0,1,1,0
1599,2024-08-25,3,29,1,50,300,0,0,183.0,25.5,0,0,1,1,0
1600,2024-10-11,3,18,2,84,504,0,0,307.44,30.6,0,0,1,1,0
1601,2024-08-12,2,34,3,94,7990,0,0,4873.9,60.3,0,0,1,1,0
1602,2024-12-13,4,35,2,17,646,77.52,0.0,394.06,25.65,0,0,1,1,0
1603,2025-10-10,1,8,2,24,288,11.52,0.0,175.68,21.6,0,0,1,1,0
1604,2025-05-07,1,16,2,82,984,39.36,0.0,600.24,30.3,18.89,55.5,0,1,2
1605,2024-01-30,3,16,2,61,366,14.64,0.0,223.26,27.15,0,0,1,1,0
1606,2025-05-20,4,37,3,31,1178,141.36,0.0,718.58,31.95,0,0,1,1,0
1607,2024-12-13,2,26,1,25,2125,0,0,1296.25,29.25,0,0,1,1,0
1608,2025-11-07,2,41,1,11,935,37.4,0.0,570.35,22.95,0,0,1,1,0
1609,2025-08-07,1,48,2,69,828,66.24,0.0,505.08,28.35,0,0,1,0,0
1610,2024-02-05,2,18,3,100,8500,680.0,0.0,5185.0,63.0,156.4,60.0,0,1,2
1611,2024-02-15,1,48,3,96,1152,0,0,702.72,32.4,23.04,59.0,0,1,2
1612,2024-02-08,3,10,3,55,330,26.4,0.0,201.3,26.25,6.07,0,0,1,1
1613,2024-08-08,4,42,2,67,2546,101.84,0.0,1553.06,48.15,0,0,1,1,0
1614,2024-04-13,1,29,3,79,948,113.76,0.0,578.28,29.85,16.68,0,0,1,1
1615,2024-08-17,1,18,1,81,972,0,0,592.92,30.15,0,0,1,0,0
1616,2025-03-29,2,3,2,13,1105,88.4,0.0,674.05,23.85,0,0,1,1,0
1617,2024-05-15,1,27,1,92,1104,0,0,673.44,31.8,0,0,1,1,0
1618,2025-08-15,2,39,2,89,7565,302.6,0.0,4614.65,58.05,0,0,1,1,0
1619,2025-05-03,2,40,1,75,6375,0,0,3888.75,51.75,0,0,1,1,0
1620,2025-07-29,2,29,1,37,3145,377.4,0.0,1918.45,34.65,0,0,1,1,0
1621,2025-03-20,3,37,3,80,480,57.6,0.0,292.8,30.0,8.45,55.0,0,1,4
1622,2024-05-29,4,22,3,25,950,114.0,0.0,579.5,29.25,16.72,41.25,0,1,2
1623,2024-10-24,3,28,3,69,414,16.56,0.0,252.54,28.35,0,0,1,1,0
1624,2024-04-14,2,20,2,19,1615,0,0,985.15,26.55,0,0,1,1,0
1625,2025-07-19,4,4,2,80,3040,121.6,0.0,1854.4,54.0,0,0,1,1,0
1626,2024-06-13,4,11,3,89,3382,270.56,0.0,2063.02,58.05,62.23,0,0,1,1
1627,2024-10-27,3,25,1,54,324,0,0,197.64,26.1,0,0,1,1,0
1628,2024-07-12,4,37,1,66,2508,0,0,1529.88,47.7,0,0,1,1,0
1629,2024-09-13,1,37,3,55,660,52.8,0.0,402.6,26.25,0,0,1,1,0
1630,2024-04-05,1,33,1,75,900,72.0,0.0,549.0,29.25,0,0,1,1,0
1631,2025-05-23,1,38,2,12,144,17.28,0.0,87.84,19.8,0,0,1,1,0
1632,2025-02-09,2,40,2,93,7905,0,0,4822.05,59.85,0,0,1,1,0
1633,2024-05-12,3,48,3,93,558,44.64,513.36,340.38,31.95,0,0,1,1,0
1634,2025-06-21,3,21,2,51,306,36.72,0.0,186.66,25.65,0,0,1,0,0
1635,2025-10-16,1,43,3,51,612,0,0,373.32,25.65,12.24,0,0,1,1
1636,2025-03-15,3,8,2,45,270,32.4,0.0,164.7,24.75,0,0,1,1,0
1637,2024-09-02,3,22,2,24,144,5.76,0.0,87.84,21.6,0,0,1,1,0
1638,2025-07-31,3,8,2,43,258,20.64,0.0,157.38,24.45,4.75,0,0,1,1
1639,2024-07-26,4,21,3,61,2318,0,0,1413.98,45.45,46.36,0,0,1,1
1640,2025-12-30,1,33,3,38,456,18.24,0.0,278.16,23.7,0,0,1,1,0
1641,2025-07-04,4,12,2,19,722,28.88,0.0,440.42,26.55,0,0,1,1,0
1642,2025-02-18,1,40,3,65,780,62.4,0.0,475.8,27.75,14.35,0,0,1,1
1643,2024-10-07,1,27,3,34,408,16.32,0.0,248.88,23.1,0,0,1,1,0
1644,2025-06-23,3,29,2,18,108,12.96,0.0,65.88,20.7,0,0,1,1,0
1645,2025-03-09,3,23,2,15,90,3.6,0.0,54.9,20.25,1.73,0,0,1,1
1646,2024-05-19,4,39,1,36,1368,164.16,0.0,834.48,34.2,0,0,1,1,0
1647,2024-05-23,2,30,3,89,7565,907.8,0.0,4614.65,58.05,0,0,1,1,0
1648,2024-05-22,4,26,2,33,1254,50.16,1203.84,764.94,32.85,0,0,1,1,0
1649,2024-11-12,1,38,1,44,528,0,0,322.08,24.6,0,0,1,1,0
1650,2025-08-19,2,27,3,83,7055,846.6,0.0,4303.55,55.35,0,0,1,1,0
1651,2024-08-06,4,46,3,21,798,0,798,486.78,27.45,15.96,40.25,0,1,4
1652,2025-06-26,3,34,2,69,414,16.56,0.0,252.54,28.35,7.95,52.25,0,1,2
1653,2025-04-18,3,38,1,79,474,18.96,0.0,289.14,29.85,9.1,0,0,1,1
1654,2025-09-29,3,44,2,75,450,18.0,0.0,274.5,29.25,0,0,1,1,0
1655,2024-10-03,2,30,3,13,1105,132.6,0.0,674.05,23.85,19.45,38.25,0,1,2
1656,2025-03-08,2,15,1,12,1020,40.8,0.0,622.2,23.4,19.58,38.0,0,1,2
1657,2025-06-17,2,15,2,89,7565,302.6,0.0,4614.65,58.05,0,0,1,1,0
1658,2025-12-05,4,46,2,44,1672,0,0,1019.92,37.8,0,0,1,1,0
1659,2024-10-19,3,4,3,78,468,0,0,285.48,29.7,9.36,0,0,1,1
1660,2024-04-25,4,20,3,28,1064,127.68,0.0,649.04,30.6,18.73,42.0,0,1,2
1661,2024-07-14,1,28,1,81,972,0,0,592.92,30.15,0,0,1,1,0
1662,2024-01-08,1,46,3,75,900,72.0,0.0,549.0,29.25,0,0,1,1,0
1663,2025-03-22,4,30,2,20,760,0,0,463.6,27.0,0,0,1,1,0
1664,2024-04-22,4,25,3,18,684,54.72,0.0,417.24,26.1,0,0,1,1,0
1665,2025-11-27,4,12,2,33,1254,0,0,764.94,32.85,0,0,1,1,0
1666,2025-07-24,3,20,3,87,522,0,0,318.42,31.05,0,0,1,1,0
1667,2025-03-07,3,9,3,13,78,9.36,0.0,47.58,19.95,1.37,38.25,0,1,2
1668,2025-02-14,1,47,2,77,924,0,0,563.64,29.55,0,0,1,1,0
1669,2025-10-08,4,46,1,92,3496,279.68,0.0,2132.56,59.4,0,0,1,1,0
1670,2024-06-16,3,15,3,74,444,35.52,0.0,270.84,29.1,8.17,0,0,1,1
1671,2025-02-17,4,24,3,37,1406,56.24,0.0,857.66,34.65,0,0,1,1,0
1672,2025-10-02,1,1,1,46,552,0,0,336.72,24.9,11.04,0,0,1,1
1673,2024-06-06,4,44,3,91,3458,138.32,0.0,2109.38,58.95,66.39,57.75,0,1,4
1674,2025-08-31,2,44,2,53,4505,540.6,0.0,2748.05,41.85,0,0,1,1,0
1675,2025-08-25,3,40,1,18,108,0,0,65.88,20.7,0,0,1,1,0
1676,2024-11-13,2,33,2,53,4505,540.6,0.0,2748.05,41.85,0,0,1,1,0
1677,2025-08-23,1,36,3,88,1056,0,0,644.16,31.2,21.12,0,0,1,1
1678,2025-11-13,1,13,1,37,444,0,0,270.84,23.55,0,0,1,1,0
1679,2024-06-10,1,5,1,34,408,0,0,248.88,23.1,8.16,43.5,0,1,2
1680,2024-09-24,1,37,1,22,264,0,0,161.04,21.3,0,0,1,1,0
1681,2024-07-14,2,6,3,26,2210,0,0,1348.1,29.7,0,0,1,1,0
1682,2024-05-02,4,1,2,12,456,0,0,278.16,23.4,0,0,1,1,0
1683,2025-04-19,1,17,1,41,492,39.36,0.0,300.12,24.15,0,0,1,1,0
1684,2024-04-29,1,19,3,50,600,24.0,0.0,366.0,25.5,11.52,0,0,1,1
1685,2024-11-09,1,15,1,35,420,50.4,0.0,256.2,23.25,7.39,43.75,0,0,2
1686,2025-01-28,4,40,2,33,1254,50.16,0.0,764.94,32.85,24.08,0,0,1,1
1687,2024-10-13,2,1,1,82,6970,557.6,0.0,4251.7,54.9,0,0,1,1,0
1688,2025-02-08,2,39,3,71,6035,241.4,0.0,3681.35,49.95,115.87,52.75,0,1,2
1689,2025-05-07,3,19,2,45,270,10.8,0.0,164.7,24.75,0,0,1,1,0
1690,2025-11-24,2,38,1,14,1190,0,0,725.9,24.3,0,0,1,1,0
1691,2024-05-14,1,4,1,34,408,16.32,0.0,248.88,23.1,0,0,1,0,0
1692,2024-04-08,2,2,1,90,7650,306.0,0.0,4666.5,58.5,0,0,1,1,0
1693,2024-07-12,1,14,3,64,768,92.16,0.0,468.48,27.6,13.52,0,0,1,1
1694,2024-04-13,1,27,2,39,468,56.16,0.0,285.48,23.85,0,0,1,1,0
1695,2025-05-03,4,12,2,42,1596,63.84,0.0,973.56,36.9,0,0,1,1,0
1696,2024-06-10,1,15,2,93,1116,0,0,680.76,31.95,22.32,0,0,1,1
1697,2024-05-20,2,30,3,25,2125,0,0,1296.25,29.25,0,0,1,1,0
1698,2024-01-04,4,30,3,73,2774,0,0,1692.14,50.85,0,0,1,1,0
1699,2025-06-05,4,8,1,16,608,24.32,583.68,370.88,25.2,11.67,39.0,0,1,2
1700,2024-04-17,4,45,2,63,2394,0,0,1460.34,46.35,0,0,1,1,0
1701,2024-11-06,2,10,2,85,7225,0,0,4407.25,56.25,0,0,1,1,0
1702,2024-04-26,3,19,2,75,450,18.0,0.0,274.5,29.25,0,0,1,1,0
1703,2024-12-01,1,21,1,21,252,10.08,0.0,153.72,21.15,4.84,40.25,0,1,2
1704,2024-01-19,2,37,2,40,3400,272.0,0.0,2074.0,36.0,0,0,1,1,0
1705,2024-05-18,2,25,1,75,6375,765.0,0.0,3888.75,51.75,112.2,53.75,0,1,2
1706,2024-02-23,3,30,3,89,534,21.36,0.0,325.74,31.35,0,0,1,1,0
1707,2024-06-14,3,36,1,36,216,25.92,0.0,131.76,23.4,0,0,1,1,0
1708,2024-05-25,1,14,3,10,120,9.6,0.0,73.2,19.5,0,0,1,1,0
1709,2024-11-18,2,4,1,95,8075,646.0,0.0,4925.75,60.75,0,0,1,1,0
1710,2025-02-02,1,43,1,20,240,9.6,0.0,146.4,21.0,0,0,1,1,0
1711,2024-01-28,1,19,3,70,840,100.8,0.0,512.4,28.5,14.78,52.5,0,1,4
1712,2024-08-18,1,40,2,89,1068,85.44,0.0,651.48,31.35,0,0,1,0,0
1713,2025-08-31,1,40,3,80,960,0,0,585.6,30.0,0,0,1,1,0
1714,2025-12-15,3,21,2,76,456,54.72,0.0,278.16,29.4,0,0,1,1,0
1715,2025-09-02,2,30,2,51,4335,520.2,0.0,2644.35,40.95,0,0,1,1,0
1716,2025-12-08,4,21,2,25,950,76.0,0.0,579.5,29.25,0,0,1,1,0
1717,2024-12-06,1,7,3,71,852,34.08,0.0,519.72,28.65,0,0,1,0,0
1718,2025-04-22,2,23,3,66,5610,0,0,3422.1,47.7,112.2,0,0,1,1
1719,2024-05-11,1,18,2,21,252,10.08,0.0,153.72,21.15,0,0,1,1,0
1720,2025-08-11,2,10,1,15,1275,153.0,0.0,777.75,24.75,0,0,1,0,0
1721,2025-09-18,2,46,3,61,5185,0,0,3162.85,45.45,103.7,50.25,0,1,2
1722,2024-09-27,2,1,3,84,7140,856.8,0.0,4355.4,55.8,0,0,1,1,0
1723,2024-04-23,2,22,1,51,4335,346.8,0.0,2644.35,40.95,0,0,1,1,0
1724,2025-08-30,3,44,1,38,228,18.24,0.0,139.08,23.7,0,0,1,1,0
1725,2024-09-02,1,7,3,82,984,118.08,0.0,600.24,30.3,17.32,0,0,1,1
1726,2025-08-21,3,7,2,80,480,38.4,0.0,292.8,30.0,8.83,0,0,1,1
1727,2024-04-14,2,16,1,55,4675,187.0,0.0,2851.75,42.75,0,0,1,1,0
1728,2024-08-11,2,31,3,25,2125,255.0,1870.0,1296.25,29.25,37.4,0,0,1,1
1729,2024-04-07,4,30,1,87,3306,132.24,0.0,2016.66,57.15,0,0,1,1,0
1730,2024-03-21,1,15,2,97,1164,46.56,0.0,710.04,32.55,0,0,1,1,0
1731,2024-09-27,3,48,1,48,288,34.56,0.0,175.68,25.2,5.07,0,0,1,1
1732,2024-02-04,2,5,2,24,2040,244.8,0.0,1244.4,28.8,0,0,1,1,0
1733,2025-08-05,2,13,1,98,8330,333.2,0.0,5081.3,62.1,0,0,1,1,0
1734,2024-11-12,2,35,1,96,8160,979.2,0.0,4977.6,61.2,0,0,1,1,0
1735,2025-06-05,4,46,2,95,3610,0,0,2202.1,60.75,0,0,1,1,0
1736,2025-01-30,4,38,2,60,2280,273.6,0.0,1390.8,45.0,0,0,1,1,0
1737,2024-10-15,4,12,1,21,798,31.92,0.0,486.78,27.45,0,0,1,1,0
1738,2024-01-31,2,5,1,71,6035,482.8,0.0,3681.35,49.95,111.04,0,0,1,1
1739,2024-08-13,4,41,3,55,2090,167.2,0.0,1274.9,42.75,38.46,48.75,0,1,4
1740,2024-11-18,2,40,2,50,4250,340.0,0.0,2592.5,40.5,0,0,1,1,0
1741,2024-09-14,3,20,3,52,312,37.44,0.0,190.32,25.8,5.49,48.0,0,0,2
1742,2024-02-08,3,24,2,74,444,17.76,0.0,270.84,29.1,0,0,1,1,0
1743,2025-10-21,1,36,2,16,192,15.36,0.0,117.12,20.4,0,0,1,1,0
1744,2024-11-07,2,39,3,23,1955,78.2,0.0,1192.55,28.35,37.54,40.75,0,1,2
1745,2025-12-14,1,22,2,72,864,103.68,0.0,527.04,28.8,0,0,1,1,0
1746,2024-04-13,3,21,2,30,180,0,0,109.8,22.5,3.6,0,0,1,1
1747,2025-12-07,1,21,1,36,432,34.56,0.0,263.52,23.4,0,0,1,1,0
1748,2024-11-29,3,40,1,85,510,0,0,311.1,30.75,0,0,1,1,0
1749,2024-10-19,3,15,2,44,264,0,0,161.04,24.6,0,0,1,1,0
1750,2024-01-21,1,37,2,68,816,97.92,0.0,497.76,28.2,0,0,1,1,0
1751,2025-05-07,1,23,3,60,720,28.8,0.0,439.2,27.0,0,0,1,1,0
1752,2024-04-02,2,10,2,79,6715,537.2,0.0,4096.15,53.55,0,0,1,1,0
1753,2024-09-22,1,44,2,99,1188,47.52,0.0,724.68,32.85,22.81,0,0,1,1
1754,2025-12-31,1,44,1,34,408,16.32,0.0,248.88,23.1,0,0,1,1,0
1755,2024-10-22,4,47,1,92,3496,0,0,2132.56,59.4,0,0,1,1,0
1756,2024-09-11,4,21,2,94,3572,0,0,2178.92,60.3,0,0,1,1,0
1757,2025-12-19,1,15,2,22,264,10.56,0.0,161.04,21.3,0,0,1,1,0
1758,2024-05-23,1,4,2,28,336,13.44,0.0,204.96,22.2,0,0,1,1,0
1759,2025-11-14,1,18,2,11,132,0,0,80.52,19.65,2.64,37.75,0,1,4
1760,2024-08-23,2,30,1,97,8245,659.6,0.0,5029.45,61.65,151.71,59.25,0,1,4
1761,2024-01-27,4,16,3,56,2128,255.36,0.0,1298.08,43.2,37.45,0,0,1,1
1762,2025-06-07,1,35,2,64,768,30.72,0.0,468.48,27.6,14.75,51.0,0,1,2
1763,2025-06-15,3,39,1,45,270,21.6,0.0,164.7,24.75,0,0,1,1,0
1764,2025-03-07,3,16,3,62,372,29.76,0.0,226.92,27.3,0,0,1,1,0
1765,2024-12-21,4,35,2,34,1292,103.36,0.0,788.12,33.3,0,0,1,1,0
1766,2025-04-16,1,35,3,19,228,27.36,0.0,139.08,20.85,4.01,0,0,1,1
1767,2024-01-13,1,13,3,69,828,66.24,0.0,505.08,28.35,15.24,52.25,0,1,2
1768,2024-06-08,3,13,1,68,408,32.64,0.0,248.88,28.2,0,0,1,1,0
1769,2025-03-15,4,47,2,77,2926,234.08,0.0,1784.86,52.65,0,0,1,1,0
1770,2024-10-12,3,19,2,24,144,17.28,0.0,87.84,21.6,0,0,1,1,0
1771,2025-06-28,4,14,3,91,3458,0,0,2109.38,58.95,0,0,1,1,0
1772,2025-04-13,3,25,3,23,138,0,0,84.18,21.45,0,0,1,1,0
1773,2024-08-11,4,38,3,65,2470,197.6,0.0,1506.7,47.25,0,0,1,1,0
1774,2024-11-14,1,16,1,20,240,0,0,146.4,21.0,0,0,1,1,0
1775,2024-05-16,3,15,1,41,246,29.52,0.0,150.06,24.15,0,0,1,1,0
1776,2024-02-01,3,18,2,38,228,27.36,0.0,139.08,23.7,0,0,1,1,0
1777,2024-10-25,2,18,2,28,2380,0,0,1451.8,30.6,0,0,1,1,0
1778,2025-10-26,4,2,1,38,1444,57.76,0.0,880.84,35.1,0,0,1,1,0
1779,2025-03-07,2,30,1,39,3315,265.2,0.0,2022.15,35.55,0,0,1,1,0
1780,2025-10-23,1,35,2,96,1152,46.08,0.0,702.72,32.4,22.12,0,0,1,1
1781,2025-04-24,3,7,1,62,372,29.76,0.0,226.92,27.3,0,0,1,1,0
1782,2025-08-19,1,4,3,26,312,24.96,0.0,190.32,21.9,5.74,41.5,0,1,4
1783,2024-09-22,1,26,3,72,864,103.68,0.0,527.04,28.8,0,0,1,1,0
1784,2025-03-30,2,41,1,19,1615,129.2,0.0,985.15,26.55,0,0,1,1,0
1785,2024-01-15,4,12,3,31,1178,141.36,0.0,718.58,31.95,20.73,0,0,1,1
1786,2024-01-15,4,39,1,79,3002,120.08,0.0,1831.22,53.55,0,0,1,1,0
1787,2025-07-09,1,24,1,80,960,115.2,0.0,585.6,30.0,0,0,1,1,0
1788,2024-11-09,3,21,2,92,552,0,0,336.72,31.8,0,0,1,1,0
1789,2024-04-24,3,41,1,38,228,27.36,0.0,139.08,23.7,0,0,1,1,0
1790,2025-05-09,1,47,3,57,684,54.72,0.0,417.24,26.55,0,0,1,1,0
1791,2024-08-14,2,4,2,36,3060,367.2,0.0,1866.6,34.2,0,0,1,1,0
1792,2024-04-01,2,22,3,32,2720,217.6,0.0,1659.2,32.4,0,0,1,1,0
1793,2024-05-10,2,31,2,78,6630,0,0,4044.3,53.1,0,0,1,1,0
1794,2025-08-20,2,40,1,54,4590,183.6,0.0,2799.9,42.3,0,0,1,1,0
1795,2024-01-06,4,18,3,46,1748,139.84,0.0,1066.28,38.7,0,0,1,0,0
1796,2025-06-22,2,5,1,36,3060,0,0,1866.6,34.2,0,0,1,1,0
1797,2025-06-24,1,28,1,26,312,37.44,0.0,190.32,21.9,0,0,1,1,0
1798,2025-03-02,4,6,3,73,2774,221.92,0.0,1692.14,50.85,0,0,1,1,0
1799,2024-09-25,2,15,2,27,2295,0,0,1399.95,30.15,0,0,1,1,0
1800,2025-09-10,4,46,2,80,3040,0,0,1854.4,54.0,0,0,1,1,0
1801,2024-03-16,1,32,1,73,876,70.08,0.0,534.36,28.95,0,0,1,1,0
1802,2024-11-09,2,9,2,58,4930,0,0,3007.3,44.1,0,0,1,1,0
1803,2025-02-05,3,6,3,77,462,36.96,0.0,281.82,29.55,0,0,1,1,0
1804,2024-12-06,1,28,2,81,972,116.64,0.0,592.92,30.15,0,0,1,1,0
1805,2024-02-28,1,2,2,68,816,0,0,497.76,28.2,0,0,1,1,0
1806,2025-08-01,2,15,2,15,1275,51.0,0.0,777.75,24.75,0,0,1,1,0
1807,2025-01-13,1,44,3,80,960,76.8,0.0,585.6,30.0,0,0,1,1,0
1808,2024-12-23,3,15,3,45,270,0,0,164.7,24.75,0,0,1,1,0
1809,2024-05-26,2,5,1,92,7820,938.4,0.0,4770.2,59.4,0,0,1,1,0
1810,2025-07-17,1,2,1,89,1068,42.72,0.0,651.48,31.35,20.51,57.25,0,1,4
1811,2024-10-12,1,45,1,58,696,55.68,0.0,424.56,26.7,0,0,1,1,0
1812,2025-06-03,1,10,1,87,1044,41.76,0.0,636.84,31.05,0,0,1,1,0
1813,2024-07-02,3,3,3,99,594,0,0,362.34,32.85,0,0,1,1,0
1814,2024-05-15,3,7,3,75,450,18.0,0.0,274.5,29.25,8.64,0,0,1,1
1815,2025-04-22,1,43,1,89,1068,0,0,651.48,31.35,0,0,1,1,0
1816,2025-05-11,2,6,2,67,5695,227.8,0.0,3473.95,48.15,0,0,1,1,0
1817,2025-11-09,1,21,3,75,900,72.0,0.0,549.0,29.25,16.56,53.75,0,1,2
1818,2024-03-26,3,10,3,76,456,18.24,0.0,278.16,29.4,0,0,1,1,0
1819,2025-08-15,3,1,2,45,270,0,0,164.7,24.75,0,0,1,1,0
1820,2025-08-18,4,23,3,65,2470,296.4,0.0,1506.7,47.25,0,0,1,1,0
1821,2024-01-14,2,23,2,69,5865,703.8,0.0,3577.65,49.05,0,0,1,1,0
1822,2025-12-09,4,43,2,64,2432,194.56,0.0,1483.52,46.8,44.75,51.0,0,1,2
1823,2025-03-25,3,45,1,81,486,38.88,0.0,296.46,30.15,8.94,0,0,1,1
1824,2024-12-09,2,47,3,78,6630,0,0,4044.3,53.1,0,0,1,1,0
1825,2025-05-05,3,27,2,19,114,4.56,0.0,69.54,20.85,0,0,1,1,0
1826,2025-11-17,1,14,2,96,1152,138.24,0.0,702.72,32.4,0,0,1,1,0
1827,2024-12-02,3,23,2,40,240,28.8,0.0,146.4,24.0,0,0,1,1,0
1828,2025-11-18,1,15,2,15,180,7.2,0.0,109.8,20.25,0,0,1,1,0
1829,2024-06-10,3,18,1,99,594,71.28,0.0,362.34,32.85,0,0,1,1,0
1830,2024-01-04,4,35,3,90,3420,410.4,0.0,2086.2,58.5,60.19,57.5,0,1,4
1831,2025-01-08,3,47,3,60,360,0,0,219.6,27.0,7.2,0,0,1,1
1832,2025-02-16,2,31,3,37,3145,125.8,0.0,1918.45,34.65,60.38,0,0,1,1
1833,2024-04-02,2,25,2,64,5440,217.6,0.0,3318.4,46.8,0,0,1,1,0
1834,2025-11-24,1,43,3,59,708,0,0,431.88,26.85,0,0,1,1,0
1835,2024-07-31,4,22,3,95,3610,144.4,0.0,2202.1,60.75,0,0,1,1,0
1836,2024-05-27,4,32,2,44,1672,200.64,0.0,1019.92,37.8,0,0,1,1,0
1837,2024-12-10,3,37,1,23,138,0,0,84.18,21.45,0,0,1,1,0
1838,2024-09-14,4,9,1,94,3572,428.64,0.0,2178.92,60.3,0,0,1,1,0
1839,2024-11-02,3,43,2,93,558,66.96,0.0,340.38,31.95,0,0,1,1,0
1840,2024-07-19,1,2,2,58,696,27.84,0.0,424.56,26.7,0,0,1,1,0
1841,2024-10-12,4,37,2,40,1520,60.8,0.0,927.2,36.0,0,0,1,1,0
1842,2024-06-17,1,26,3,65,780,62.4,0.0,475.8,27.75,14.35,0,0,1,1
1843,2024-03-14,3,25,3,31,186,7.44,0.0,113.46,22.65,0,0,1,1,0
1844,2024-01-28,3,24,3,64,384,30.72,0.0,234.24,27.6,0,0,1,1,0
1845,2025-05-03,2,26,3,20,1700,0,0,1037.0,27.0,34.0,0,0,1,1
1846,2024-06-06,3,11,1,26,156,12.48,0.0,95.16,21.9,2.87,41.5,0,1,4
1847,2024-12-29,2,32,1,89,7565,907.8,0.0,4614.65,58.05,0,0,1,1,0
1848,2025-12-13,4,41,2,45,1710,68.4,0.0,1043.1,38.25,0,0,1,1,0
1849,2025-04-21,1,29,3,70,840,33.6,0.0,512.4,28.5,16.13,52.5,0,1,2
1850,2024-10-07,4,43,2,66,2508,0,0,1529.88,47.7,0,0,1,1,0
1851,2025-03-15,3,24,1,30,180,14.4,0.0,109.8,22.5,0,0,1,1,0
1852,2024-06-12,1,23,1,92,1104,0,0,673.44,31.8,0,0,1,1,0
1853,2025-08-11,1,16,3,25,300,24.0,0.0,183.0,21.75,0,0,1,1,0
1854,2024-11-05,2,44,1,51,4335,173.4,0.0,2644.35,40.95,0,0,1,1,0
1855,2024-02-08,3,30,1,91,546,43.68,0.0,333.06,31.65,0,0,1,1,0
1856,2024-10-23,4,17,3,77,2926,117.04,0.0,1784.86,52.65,56.18,0,0,1,1
1857,2024-11-26,1,45,2,50,600,24.0,0.0,366.0,25.5,11.52,0,0,1,1
1858,2024-10-10,2,7,1,10,850,34.0,816.0,518.5,22.5,0,0,1,1,0
1859,2024-02-06,3,4,1,94,564,67.68,0.0,344.04,32.1,0,0,1,1,0
1860,2025-10-28,1,40,1,58,696,0,0,424.56,26.7,0,0,1,1,0
1861,2024-03-01,4,22,3,29,1102,0,0,672.22,31.05,0,0,1,1,0
1862,2024-09-29,4,28,2,95,3610,433.2,0.0,2202.1,60.75,0,0,1,1,0
1863,2025-02-24,2,16,1,41,3485,278.8,0.0,2125.85,36.45,0,0,1,1,0
1864,2024-03-04,4,9,1,91,3458,276.64,0.0,2109.38,58.95,0,0,1,1,0
1865,2025-03-05,2,29,1,37,3145,251.6,0.0,1918.45,34.65,0,0,1,1,0
1866,2025-07-08,4,25,3,91,3458,0,0,2109.38,58.95,0,0,1,1,0
1867,2025-11-17,4,9,3,69,2622,0,0,1599.42,49.05,0,0,1,1,0
1868,2024-01-05,1,35,1,16,192,23.04,0.0,117.12,20.4,3.38,0,0,1,1
1869,2024-07-04,2,25,1,38,3230,129.2,0.0,1970.3,35.1,0,0,1,1,0
1870,2025-07-04,2,18,3,31,2635,105.4,0.0,1607.35,31.95,50.59,0,0,1,1
1871,2024-04-04,2,21,3,63,5355,642.6,0.0,3266.55,46.35,0,0,1,1,0
1872,2025-10-08,3,2,3,98,588,0,0,358.68,32.7,11.76,0,0,1,1
1873,2025-12-23,2,13,1,75,6375,765.0,0.0,3888.75,51.75,112.2,0,0,1,1
1874,2024-07-27,2,12,2,51,4335,0,0,2644.35,40.95,86.7,0,0,1,1
1875,2024-05-17,4,4,2,17,646,51.68,0.0,394.06,25.65,0,0,1,1,0
1876,2025-07-18,3,12,2,22,132,10.56,121.44,80.52,21.3,0,0,1,1,0
1877,2024-12-11,4,9,3,26,988,118.56,0.0,602.68,29.7,0,0,1,1,0
1878,2024-08-19,1,41,1,49,588,70.56,0.0,358.68,25.35,0,0,1,1,0
1879,2025-03-06,1,23,2,76,912,72.96,0.0,556.32,29.4,0,0,1,1,0
1880,2024-03-10,4,18,3,38,1444,173.28,0.0,880.84,35.1,0,0,1,1,0
1881,2024-11-11,3,23,2,66,396,15.84,0.0,241.56,27.9,0,0,1,1,0
1882,2024-04-20,1,8,3,13,156,0,0,95.16,19.95,3.12,38.25,0,1,4
1883,2024-02-17,2,32,1,64,5440,217.6,0.0,3318.4,46.8,0,0,1,1,0
1884,2024-11-14,3,45,2,41,246,0,0,150.06,24.15,0,0,1,1,0
1885,2024-08-11,3,21,2,93,558,44.64,0.0,340.38,31.95,0,0,1,1,0
1886,2025-02-28,2,21,2,56,4760,571.2,0.0,2903.6,43.2,0,0,1,1,0
1887,2025-12-28,3,13,2,99,594,23.76,0.0,362.34,32.85,0,0,1,1,0
1888,2025-03-19,2,17,3,45,3825,153.0,0.0,2333.25,38.25,73.44,0,0,0,1
1889,2025-03-30,4,25,3,50,1900,0,0,1159.0,40.5,0,0,1,1,0
1890,2024-12-29,4,17,1,30,1140,0,0,695.4,31.5,0,0,1,1,0
1891,2024-02-09,2,20,1,28,2380,95.2,0.0,1451.8,30.6,0,0,1,1,0
1892,2025-09-14,3,34,1,70,420,0,0,256.2,28.5,0,0,1,1,0
1893,2025-03-28,4,9,2,50,1900,0,0,1159.0,40.5,0,0,1,1,0
1894,2024-11-22,2,1,1,48,4080,163.2,0.0,2488.8,39.6,0,0,1,1,0
1895,2025-10-24,3,24,2,34,204,8.16,0.0,124.44,23.1,0,0,1,1,0
1896,2024-04-30,2,42,1,46,3910,0,0,2385.1,38.7,0,0,1,1,0
1897,2024-12-05,1,40,2,56,672,80.64,0.0,409.92,26.4,0,0,1,1,0
1898,2024-01-29,2,25,1,66,5610,448.8,0.0,3422.1,47.7,0,0,1,1,0
1899,2025-04-23,3,47,2,45,270,32.4,0.0,164.7,24.75,0,0,1,1,0
1900,2024-01-03,1,39,2,46,552,66.24,0.0,336.72,24.9,0,0,1,1,0
1901,2025-04-03,2,46,1,59,5015,401.2,0.0,3059.15,44.55,92.28,49.75,0,1,2
1902,2025-11-05,3,26,3,44,264,21.12,0.0,161.04,24.6,4.86,0,0,1,1
1903,2024-11-07,3,1,1,28,168,13.44,0.0,102.48,22.2,0,0,1,1,0
1904,2024-02-21,1,15,1,20,240,28.8,0.0,146.4,21.0,0,0,1,0,0
1905,2024-02-23,4,19,2,47,1786,142.88,0.0,1089.46,39.15,0,0,1,1,0
1906,2025-08-24,3,26,3,17,102,12.24,0.0,62.22,20.55,0,0,1,1,0
1907,2025-10-02,3,25,2,35,210,8.4,0.0,128.1,23.25,0,0,1,1,0
1908,2025-09-08,3,3,3,68,408,0,0,248.88,28.2,8.16,52.0,0,1,2
1909,2025-07-12,1,45,1,53,636,0,0,387.96,25.95,0,0,1,1,0
1910,2025-05-31,1,41,3,49,588,47.04,0.0,358.68,25.35,0,0,1,1,0
1911,2025-01-19,1,20,2,96,1152,0,0,702.72,32.4,0,0,1,1,0
1912,2024-10-24,4,13,3,96,3648,291.84,0.0,2225.28,61.2,0,0,1,1,0
1913,2025-08-06,3,3,2,40,240,28.8,0.0,146.4,24.0,0,0,1,1,0
1914,2025-04-05,2,44,1,16,1360,0,0,829.6,25.2,27.2,39.0,0,1,4
1915,2025-01-24,1,25,3,72,864,0,0,527.04,28.8,0,0,1,1,0
1916,2024-11-19,4,11,1,57,2166,259.92,0.0,1321.26,43.65,0,0,1,1,0
1917,2025-08-11,4,9,1,34,1292,103.36,0.0,788.12,33.3,0,0,1,1,0
1918,2024-11-22,1,36,2,17,204,24.48,0.0,124.44,20.55,0,0,1,1,0
1919,2025-10-06,4,18,3,57,2166,259.92,0.0,1321.26,43.65,38.12,49.25,0,1,4
1920,2025-10-17,1,24,2,77,924,0,0,563.64,29.55,0,0,1,1,0
1921,2025-12-26,1,16,1,21,252,30.24,0.0,153.72,21.15,0,0,1,1,0
1922,2025-02-28,1,43,2,14,168,20.16,0.0,102.48,20.1,0,0,1,1,0
1923,2025-10-12,3,7,1,66,396,47.52,0.0,241.56,27.9,0,0,1,1,0
1924,2024-06-19,4,7,2,52,1976,158.08,0.0,1205.36,41.4,0,0,1,1,0
1925,2024-12-03,4,11,2,15,570,45.6,0.0,347.7,24.75,0,0,1,1,0
1926,2025-11-02,1,10,1,74,888,0,0,541.68,29.1,0,0,1,1,0
1927,2024-01-24,1,33,3,86,1032,41.28,0.0,629.52,30.9,19.81,0,0,0,1
1928,2025-11-30,2,18,1,67,5695,683.4,0.0,3473.95,48.15,0,0,1,1,0
1929,2024-02-10,2,24,2,39,3315,265.2,0.0,2022.15,35.55,0,0,1,1,0
1930,2024-07-26,3,29,3,31,186,0,0,113.46,22.65,3.72,0,0,1,1
1931,2025-01-30,4,48,2,89,3382,135.28,0.0,2063.02,58.05,0,0,1,1,0
1932,2024-12-03,4,33,2,58,2204,88.16,0.0,1344.44,44.1,0,0,1,1,0
1933,2025-06-24,4,35,3,56,2128,85.12,0.0,1298.08,43.2,40.86,49.0,0,1,4
1934,2025-10-05,3,8,1,100,600,0,0,366.0,33.0,0,0,1,1,0
1935,2025-06-10,4,36,1,24,912,72.96,0.0,556.32,28.8,16.78,41.0,0,1,4
1936,2025-11-15,3,44,1,77,462,55.44,0.0,281.82,29.55,0,0,1,1,0
1937,2024-12-19,2,13,2,24,2040,244.8,0.0,1244.4,28.8,0,0,1,1,0
1938,2024-08-30,2,13,1,73,6205,248.2,0.0,3785.05,50.85,0,0,1,1,0
1939,2024-09-13,4,35,1,64,2432,291.84,0.0,1483.52,46.8,0,0,1,1,0
1940,2024-09-29,4,44,1,82,3116,249.28,0.0,1900.76,54.9,0,0,1,1,0
1941,2024-05-30,1,38,2,78,936,37.44,0.0,570.96,29.7,0,0,1,1,0
1942,2024-05-23,2,42,3,35,2975,0,0,1814.75,33.75,59.5,0,0,1,1
1943,2024-12-05,3,7,3,47,282,22.56,0.0,172.02,25.05,0,0,1,1,0
1944,2025-10-20,1,6,3,47,564,45.12,0.0,344.04,25.05,0,0,1,1,0
1945,2025-09-07,1,21,1,37,444,35.52,0.0,270.84,23.55,8.17,44.25,0,1,2
1946,2024-10-08,1,3,1,58,696,0,0,424.56,26.7,0,0,1,1,0
1947,2024-06-12,2,31,3,69,5865,234.6,0.0,3577.65,49.05,0,0,1,1,0
1948,2025-04-23,4,7,1,30,1140,0,0,695.4,31.5,0,0,1,1,0
1949,2024-04-08,1,25,3,50,600,72.0,0.0,366.0,25.5,0,0,1,1,0
1950,2024-09-21,1,26,3,72,864,34.56,0.0,527.04,28.8,0,0,1,1,0
1951,2025-06-05,2,30,2,62,5270,632.4,0.0,3214.7,45.9,0,0,1,1,0
1952,2024-04-12,3,47,1,77,462,18.48,0.0,281.82,29.55,0,0,1,1,0
1953,2024-10-11,4,42,2,99,3762,150.48,0.0,2294.82,62.55,0,0,1,1,0
1954,2024-04-26,4,34,2,68,2584,310.08,0.0,1576.24,48.6,0,0,1,1,0
1955,2024-05-02,1,13,1,12,144,0,0,87.84,19.8,0,0,1,1,0
1956,2025-03-11,3,34,1,81,486,58.32,0.0,296.46,30.15,0,0,1,1,0
1957,2024-09-21,2,14,1,80,6800,0,0,4148.0,54.0,136.0,0,0,1,1
1958,2025-03-13,2,16,1,24,2040,81.6,0.0,1244.4,28.8,0,0,1,1,0
1959,2024-03-25,2,41,1,75,6375,255.0,6120.0,3888.75,51.75,122.4,53.75,0,1,2
1960,2024-07-04,3,24,1,49,294,35.28,0.0,179.34,25.35,5.17,0,0,1,1
1961,2024-02-17,3,36,1,95,570,22.8,0.0,347.7,32.25,0,0,1,1,0
1962,2025-09-03,3,47,1,18,108,12.96,0.0,65.88,20.7,0,0,1,1,0
1963,2025-07-25,2,20,2,46,3910,469.2,0.0,2385.1,38.7,0,0,1,1,0
1964,2024-05-03,1,17,2,78,936,0,0,570.96,29.7,0,0,1,1,0
1965,2025-01-31,1,38,1,32,384,0,0,234.24,22.8,0,0,1,1,0
1966,2025-08-20,1,23,2,51,612,73.44,0.0,373.32,25.65,0,0,1,1,0
1967,2025-12-01,2,16,3,24,2040,163.2,0.0,1244.4,28.8,0,0,1,1,0
1968,2024-03-13,4,20,3,96,3648,145.92,0.0,2225.28,61.2,70.04,59.0,0,1,2
1969,2025-08-05,3,22,1,35,210,25.2,0.0,128.1,23.25,0,0,1,1,0
1970,2025-12-05,3,42,1,49,294,11.76,0.0,179.34,25.35,5.64,47.25,0,1,4
1971,2024-04-10,2,27,1,17,1445,0,0,881.45,25.65,0,0,1,1,0
1972,2025-08-18,1,32,1,69,828,99.36,0.0,505.08,28.35,0,0,1,1,0
1973,2024-01-11,4,20,2,53,2014,161.12,0.0,1228.54,41.85,0,0,1,1,0
1974,2025-08-27,3,28,3,89,534,0,0,325.74,31.35,0,0,1,1,0
1975,2024-09-27,1,29,3,34,408,48.96,0.0,248.88,23.1,0,0,1,1,0
1976,2024-07-12,4,22,3,31,1178,47.12,0.0,718.58,31.95,22.62,42.75,0,1,2
1977,2024-12-01,4,10,3,42,1596,0,0,973.56,36.9,0,0,1,0,0
1978,2024-07-11,3,22,3,88,528,21.12,0.0,322.08,31.2,0,0,1,1,0
1979,2025-08-31,1,24,3,76,912,0,0,556.32,29.4,0,0,1,1,0
1980,2025-03-13,1,29,2,94,1128,135.36,0.0,688.08,32.1,0,0,1,1,0
1981,2025-04-29,4,23,1,52,1976,0,0,1205.36,41.4,0,0,1,1,0
1982,2025-07-29,4,16,1,30,1140,91.2,0.0,695.4,31.5,20.98,0,0,1,1
1983,2025-11-13,4,10,1,38,1444,57.76,0.0,880.84,35.1,0,0,1,1,0
1984,2024-07-08,2,45,3,38,3230,129.2,0.0,1970.3,35.1,62.02,0,0,1,1
1985,2024-10-22,1,22,3,46,552,44.16,0.0,336.72,24.9,0,0,1,1,0
1986,2024-05-28,1,17,3,84,1008,0,0,614.88,30.6,0,0,1,1,0
1987,2024-10-07,1,43,1,79,948,37.92,0.0,578.28,29.85,0,0,1,1,0
1988,2025-11-18,1,16,2,31,372,44.64,0.0,226.92,22.65,6.55,0,0,1,1
1989,2024-08-07,1,45,3,51,612,73.44,0.0,373.32,25.65,10.77,47.75,0,1,2
1990,2025-04-12,3,24,3,79,474,18.96,0.0,289.14,29.85,9.1,54.75,0,1,2
1991,2024-08-08,3,1,3,61,366,14.64,0.0,223.26,27.15,0,0,1,1,0
1992,2024-01-01,2,29,3,46,3910,469.2,0.0,2385.1,38.7,0,0,1,1,0
1993,2024-10-21,2,36,1,13,1105,44.2,0.0,674.05,23.85,0,0,1,1,0
1994,2025-09-23,2,34,2,92,7820,0,0,4770.2,59.4,0,0,1,1,0
1995,2024-09-16,4,36,2,90,3420,0,0,2086.2,58.5,0,0,1,1,0
1996,2025-08-03,4,28,2,89,3382,135.28,0.0,2063.02,58.05,0,0,1,1,0
1997,2025-06-15,4,20,1,85,3230,258.4,0.0,1970.3,56.25,0,0,1,1,0
1998,2025-12-12,2,46,2,24,2040,244.8,0.0,1244.4,28.8,0,0,1,1,0
1999,2025-04-22,2,18,1,100,8500,680.0,0.0,5185.0,63.0,0,0,1,1,0
2000,2025-12-07,1,31,2,67,804,32.16,0.0,490.44,28.05,0,0,1,1,0
2001,2025-09-30,3,33,2,42,252,0,0,153.72,24.3,0,0,1,1,0
2002,2025-09-23,2,22,1,14,1190,142.8,0.0,725.9,24.3,0,0,1,1,0
2003,2024-07-22,1,40,3,62,744,59.52,0.0,453.84,27.3,0,0,1,1,0
2004,2024-06-10,3,35,2,73,438,35.04,0.0,267.18,28.95,8.06,53.25,0,1,2
2005,2024-12-16,2,39,2,45,3825,306.0,3519.0,2333.25,38.25,0,0,1,1,0
2006,2024-03-12,4,30,3,73,2774,332.88,0.0,1692.14,50.85,0,0,1,1,0
2007,2024-08-14,2,46,1,49,4165,333.2,0.0,2540.65,40.05,76.64,0,0,1,1
2008,2024-08-25,4,10,2,49,1862,74.48,0.0,1135.82,40.05,0,0,1,1,0
2009,2025-07-04,2,25,3,95,8075,0,0,4925.75,60.75,0,0,1,1,0
2010,2024-05-14,3,47,2,30,180,7.2,0.0,109.8,22.5,0,0,1,1,0
2011,2024-11-06,2,16,1,98,8330,666.4,0.0,5081.3,62.1,0,0,1,1,0
2012,2024-06-14,4,10,1,36,1368,0,0,834.48,34.2,0,0,1,1,0
2013,2025-05-06,3,38,1,66,396,31.68,0.0,241.56,27.9,0,0,1,1,0
2014,2024-09-17,4,22,3,25,950,0,0,579.5,29.25,0,0,1,1,0
2015,2024-06-08,1,18,1,20,240,0,0,146.4,21.0,0,0,1,1,0
2016,2024-03-28,2,29,2,99,8415,0,0,5133.15,62.55,168.3,59.75,0,1,2
2017,2024-10-07,1,32,2,87,1044,41.76,0.0,636.84,31.05,0,0,1,1,0
2018,2025-08-08,1,17,2,61,732,58.56,0.0,446.52,27.15,0,0,1,1,0
2019,2025-05-27,2,3,3,32,2720,108.8,2611.2,1659.2,32.4,0,0,1,1,0
2020,2024-03-12,3,45,1,96,576,0,0,351.36,32.4,0,0,1,1,0
2021,2025-08-14,4,16,1,58,2204,88.16,0.0,1344.44,44.1,0,0,1,1,0
2022,2024-03-03,1,17,1,19,228,0,0,139.08,20.85,4.56,0,0,1,1
2023,2025-02-07,2,32,2,91,7735,618.8,0.0,4718.35,58.95,0,0,1,1,0
2024,2025-08-03,1,14,3,59,708,56.64,0.0,431.88,26.85,13.03,0,0,1,1
2025,2024-12-30,2,38,3,20,1700,136.0,0.0,1037.0,27.0,0,0,1,1,0
2026,2025-04-03,1,47,3,100,1200,0,0,732.0,33.0,0,0,1,1,0
2027,2025-02-11,2,22,2,35,2975,0,0,1814.75,33.75,0,0,1,1,0
2028,2024-01-29,2,45,1,79,6715,0,0,4096.15,53.55,0,0,1,1,0
2029,2024-03-22,3,29,2,65,390,46.8,0.0,237.9,27.75,0,0,1,1,0
2030,2025-06-08,1,13,3,76,912,72.96,0.0,556.32,29.4,16.78,54.0,0,1,4
2031,2024-09-07,3,47,1,80,480,0,0,292.8,30.0,9.6,55.0,0,1,2
2032,2024-05-27,4,34,3,23,874,34.96,0.0,533.14,28.35,0,0,1,1,0
2033,2025-02-05,1,40,2,75,900,72.0,0.0,549.0,29.25,0,0,1,1,0
2034,2025-05-18,1,25,3,64,768,92.16,0.0,468.48,27.6,0,0,1,1,0
2035,2025-10-03,1,40,1,95,1140,136.8,0.0,695.4,32.25,0,0,1,1,0
2036,2024-03-15,1,41,3,83,996,0,0,607.56,30.45,0,0,1,0,0
2037,2024-07-07,3,13,1,98,588,70.56,0.0,358.68,32.7,0,0,1,1,0
2038,2024-12-21,2,46,2,76,6460,516.8,0.0,3940.6,52.2,0,0,1,1,0
2039,2025-04-27,1,3,3,74,888,35.52,0.0,541.68,29.1,0,0,1,1,0
2040,2024-02-21,4,13,2,94,3572,285.76,0.0,2178.92,60.3,0,0,1,1,0
2041,2025-02-19,4,38,3,14,532,0,0,324.52,24.3,10.64,38.5,0,1,4
2042,2024-02-22,3,31,3,85,510,40.8,0.0,311.1,30.75,9.38,56.25,0,1,2
2043,2025-07-01,3,12,1,84,504,20.16,0.0,307.44,30.6,0,0,1,1,0
2044,2025-11-14,2,28,1,28,2380,95.2,0.0,1451.8,30.6,0,0,1,1,0
2045,2024-12-30,3,5,3,50,300,24.0,0.0,183.0,25.5,0,0,1,1,0
2046,2025-10-04,1,27,1,87,1044,83.52,0.0,636.84,31.05,19.21,0,0,1,1
2047,2025-12-14,4,41,1,69,2622,104.88,0.0,1599.42,49.05,50.34,0,0,1,1
2048,2024-02-20,2,40,1,37,3145,0,0,1918.45,34.65,0,0,1,1,0
2049,2024-01-10,1,27,3,14,168,20.16,0.0,102.48,20.1,0,0,1,1,0
2050,2024-03-04,3,42,2,44,264,31.68,0.0,161.04,24.6,0,0,1,1,0
2051,2025-10-23,2,42,2,80,6800,0,0,4148.0,54.0,0,0,1,1,0
2052,2024-05-29,2,29,3,40,3400,136.0,0.0,2074.0,36.0,0,0,1,1,0
2053,2025-09-22,1,8,1,82,984,39.36,0.0,600.24,30.3,0,0,1,1,0
2054,2024-11-11,4,16,1,56,2128,0,0,1298.08,43.2,42.56,49.0,0,0,4
2055,2024-12-04,3,44,2,91,546,65.52,0.0,333.06,31.65,0,0,1,1,0
2056,2024-08-04,3,32,1,61,366,14.64,0.0,223.26,27.15,0,0,1,1,0
2057,2024-02-24,4,1,3,11,418,0,0,254.98,22.95,8.36,37.75,0,1,2
2058,2024-04-27,4,8,2,96,3648,437.76,0.0,2225.28,61.2,0,0,1,1,0
2059,2025-05-10,1,40,2,22,264,31.68,0.0,161.04,21.3,0,0,1,1,0
2060,2025-02-19,1,7,3,58,696,55.68,0.0,424.56,26.7,12.81,49.5,0,1,2
2061,2024-08-20,4,13,3,61,2318,0,0,1413.98,45.45,0,0,1,1,0
2062,2025-04-14,1,10,2,74,888,0,0,541.68,29.1,0,0,1,1,0
2063,2025-11-18,1,28,3,91,1092,131.04,0.0,666.12,31.65,0,0,1,1,0
2064,2024-12-18,1,43,2,53,636,25.44,0.0,387.96,25.95,12.21,0,0,1,1
2065,2024-12-25,2,27,2,67,5695,683.4,0.0,3473.95,48.15,0,0,1,1,0
2066,2025-08-22,3,39,1,58,348,0,0,212.28,26.7,0,0,1,1,0
2067,2025-11-24,3,21,3,49,294,11.76,0.0,179.34,25.35,5.64,47.25,0,1,4
2068,2024-05-19,4,5,2,10,380,15.2,0.0,231.8,22.5,0,0,1,1,0
2069,2025-06-18,1,27,3,67,804,0,0,490.44,28.05,0,0,1,1,0
2070,2024-04-06,1,36,2,60,720,28.8,0.0,439.2,27.0,0,0,1,1,0
2071,2025-10-23,1,32,3,82,984,118.08,0.0,600.24,30.3,17.32,0,0,1,1
2072,2025-02-28,3,41,2,82,492,19.68,0.0,300.12,30.3,0,0,1,1,0
2073,2024-05-16,2,23,3,83,7055,846.6,0.0,4303.55,55.35,124.17,55.75,0,0,4
2074,2024-07-14,2,21,3,38,3230,258.4,0.0,1970.3,35.1,0,0,1,1,0
2075,2024-03-26,1,38,1,13,156,18.72,0.0,95.16,19.95,0,0,1,1,0
2076,2025-09-18,4,8,2,48,1824,145.92,0.0,1112.64,39.6,0,0,1,1,0
2077,2024-08-09,2,31,1,88,7480,897.6,0.0,4562.8,57.6,131.65,0,0,1,1
2078,2025-11-27,1,13,1,98,1176,141.12,0.0,717.36,32.7,0,0,1,1,0
2079,2025-10-27,3,41,3,11,66,0,0,40.26,19.65,0,0,1,1,0
2080,2024-05-31,4,27,2,24,912,36.48,0.0,556.32,28.8,0,0,1,1,0
2081,2025-08-11,2,19,3,72,6120,734.4,0.0,3733.2,50.4,107.71,0,0,1,1
2082,2024-02-17,3,2,1,20,120,0,0,73.2,21.0,0,0,1,1,0
2083,2025-11-07,3,5,2,97,582,46.56,0.0,355.02,32.55,0,0,1,1,0
2084,2024-09-27,2,9,1,59,5015,0,0,3059.15,44.55,0,0,1,1,0
2085,2025-01-08,3,27,1,65,390,15.6,0.0,237.9,27.75,0,0,1,1,0
2086,2024-11-15,1,6,2,44,528,63.36,0.0,322.08,24.6,0,0,1,1,0
2087,2024-03-09,3,22,2,29,174,13.92,0.0,106.14,22.35,0,0,1,0,0
2088,2025-06-02,1,36,3,11,132,0,0,80.52,19.65,0,0,1,1,0
2089,2025-05-03,4,5,2,75,2850,228.0,0.0,1738.5,51.75,52.44,53.75,0,1,4
2090,2025-09-24,2,45,3,49,4165,499.8,0.0,2540.65,40.05,0,0,1,1,0
2091,2025-08-26,4,23,2,83,3154,0,0,1923.94,55.35,63.08,55.75,0,1,2
2092,2024-02-23,3,11,2,19,114,0,0,69.54,20.85,2.28,39.75,0,1,4
2093,2024-04-05,1,14,2,65,780,31.2,0.0,475.8,27.75,14.98,51.25,0,1,2
2094,2024-03-13,2,7,3,36,3060,244.8,0.0,1866.6,34.2,0,0,1,1,0
2095,2025-12-10,1,24,2,23,276,33.12,0.0,168.36,21.45,0,0,1,1,0
2096,2024-08-05,4,1,3,46,1748,69.92,0.0,1066.28,38.7,0,0,1,1,0
2097,2025-12-18,1,3,1,23,276,33.12,0.0,168.36,21.45,0,0,1,1,0
2098,2025-07-06,2,6,1,77,6545,0,0,3992.45,52.65,0,0,1,1,0
2099,2024-07-13,2,46,1,58,4930,0,0,3007.3,44.1,0,0,1,1,0
2100,2024-12-04,2,36,2,69,5865,703.8,0.0,3577.65,49.05,103.22,0,0,1,1
2101,2025-02-19,2,28,2,82,6970,836.4,0.0,4251.7,54.9,0,0,1,1,0
2102,2024-09-13,2,37,3,76,6460,258.4,0.0,3940.6,52.2,0,0,1,1,0
2103,2024-08-08,4,27,2,100,3800,456.0,0.0,2318.0,63.0,0,0,1,1,0
2104,2024-11-14,2,17,1,63,5355,0,0,3266.55,46.35,0,0,1,1,0
2105,2024-10-06,1,37,3,79,948,37.92,0.0,578.28,29.85,0,0,1,1,0
2106,2024-07-23,2,22,1,19,1615,129.2,0.0,985.15,26.55,0,0,1,1,0
2107,2025-03-15,1,10,3,52,624,74.88,0.0,380.64,25.8,10.98,0,0,1,1
2108,2025-05-17,1,40,3,70,840,100.8,739.2,512.4,28.5,0,0,1,1,0
2109,2024-07-18,2,33,2,75,6375,510.0,0.0,3888.75,51.75,0,0,1,1,0
2110,2024-08-17,3,15,2,94,564,0,0,344.04,32.1,0,0,1,1,0
2111,2024-06-21,1,31,2,60,720,0,0,439.2,27.0,0,0,1,1,0
2112,2025-09-24,4,9,1,88,3344,0,0,2039.84,57.6,0,0,1,1,0
2113,2024-09-14,3,10,1,29,174,6.96,0.0,106.14,22.35,0,0,1,1,0
2114,2024-01-31,4,32,2,65,2470,197.6,0.0,1506.7,47.25,0,0,1,1,0
2115,2024-02-27,4,20,3,49,1862,223.44,0.0,1135.82,40.05,0,0,1,1,0
2116,2025-09-15,2,2,2,79,6715,0,0,4096.15,53.55,134.3,0,0,1,1
2117,2024-06-06,2,29,3,37,3145,251.6,0.0,1918.45,34.65,57.87,44.25,0,1,2
2118,2024-12-19,2,44,3,58,4930,0,0,3007.3,44.1,98.6,49.5,0,1,4
2119,2025-12-01,3,13,3,86,516,61.92,0.0,314.76,30.9,0,0,1,1,0
2120,2024-07-01,1,31,3,10,120,0,0,73.2,19.5,0,0,1,1,0
2121,2024-09-21,3,43,2,96,576,0,0,351.36,32.4,0,0,1,1,0
2122,2024-05-16,1,20,3,70,840,0,0,512.4,28.5,0,0,1,1,0
2123,2024-02-12,4,23,2,28,1064,127.68,0.0,649.04,30.6,0,0,1,1,0
2124,2024-03-01,2,29,2,96,8160,0,0,4977.6,61.2,0,0,1,1,0
2125,2024-07-08,4,5,3,44,1672,200.64,0.0,1019.92,37.8,29.43,46.0,0,0,2
2126,2024-11-15,2,47,2,47,3995,0,0,2436.95,39.15,0,0,1,1,0
2127,2025-09-10,3,19,1,12,72,0,0,43.92,19.8,0,0,1,1,0
2128,2025-06-23,1,35,1,58,696,27.84,0.0,424.56,26.7,0,0,1,1,0
2129,2024-04-06,1,4,2,34,408,48.96,0.0,248.88,23.1,0,0,1,1,0
2130,2025-08-12,4,12,2,77,2926,234.08,0.0,1784.86,52.65,0,0,1,1,0
2131,2025-04-26,3,10,1,39,234,28.08,0.0,142.74,23.85,4.12,44.75,0,1,4
2132,2025-09-02,3,34,2,17,102,4.08,0.0,62.22,20.55,0,0,1,1,0
2133,2025-12-08,2,19,2,11,935,0,0,570.35,22.95,18.7,37.75,0,1,2
2134,2025-07-20,4,29,3,67,2546,101.84,0.0,1553.06,48.15,48.88,0,0,1,1
2135,2025-09-01,2,45,3,57,4845,193.8,0.0,2955.45,43.65,93.02,0,0,1,1
2136,2024-11-29,3,20,2,82,492,19.68,0.0,300.12,30.3,0,0,1,0,0
2137,2024-06-20,2,40,2,68,5780,231.2,0.0,3525.8,48.6,0,0,1,1,0
2138,2024-05-16,4,36,3,26,988,39.52,0.0,602.68,29.7,0,0,1,0,0
2139,2025-10-03,3,8,1,33,198,0,0,120.78,22.95,3.96,0,0,1,1
2140,2025-03-01,3,30,3,82,492,19.68,0.0,300.12,30.3,9.45,0,0,1,1
2141,2025-02-22,3,21,1,24,144,11.52,0.0,87.84,21.6,0,0,1,1,0
2142,2024-06-29,2,28,1,22,1870,74.8,0.0,1140.7,27.9,0,0,1,1,0
2143,2024-12-12,1,1,3,89,1068,0,0,651.48,31.35,21.36,0,0,1,1
2144,2025-11-13,4,24,3,71,2698,323.76,0.0,1645.78,49.95,47.48,52.75,0,1,4
2145,2024-01-01,1,34,3,69,828,66.24,0.0,505.08,28.35,0,0,1,1,0
2146,2025-03-09,4,12,2,72,2736,218.88,0.0,1668.96,50.4,0,0,1,1,0
2147,2025-03-01,4,41,3,45,1710,68.4,0.0,1043.1,38.25,0,0,1,1,0
2148,2025-01-20,4,17,1,39,1482,59.28,0.0,904.02,35.55,0,0,1,1,0
2149,2024-01-23,4,32,1,62,2356,94.24,0.0,1437.16,45.9,0,0,1,1,0
2150,2024-03-24,3,47,2,19,114,4.56,0.0,69.54,20.85,0,0,1,1,0
2151,2025-08-31,1,6,3,48,576,69.12,0.0,351.36,25.2,10.14,47.0,0,1,2
2152,2024-01-04,3,2,2,31,186,14.88,0.0,113.46,22.65,3.42,42.75,0,1,4
2153,2025-01-07,4,38,1,98,3724,0,0,2271.64,62.1,0,0,1,1,0
2154,2025-08-23,3,37,2,12,72,0,0,43.92,19.8,0,0,1,1,0
2155,2024-10-26,1,26,1,15,180,0,0,109.8,20.25,0,0,1,1,0
2156,2024-12-31,1,40,1,89,1068,0,0,651.48,31.35,0,0,1,1,0
2157,2024-11-22,4,1,2,98,3724,0,0,2271.64,62.1,74.48,0,0,1,1
2158,2024-03-13,2,37,2,25,2125,170.0,0.0,1296.25,29.25,0,0,1,1,0
2159,2025-09-27,4,33,2,62,2356,0,0,1437.16,45.9,0,0,1,1,0
2160,2025-10-04,3,24,2,82,492,0,0,300.12,30.3,9.84,55.5,0,1,4
2161,2025-08-01,2,22,3,78,6630,530.4,0.0,4044.3,53.1,0,0,1,1,0
2162,2025-09-13,2,47,2,66,5610,0,0,3422.1,47.7,0,0,1,1,0
2163,2024-07-16,3,23,1,10,60,0,0,36.6,19.5,0,0,1,1,0
2164,2025-10-05,2,3,1,78,6630,795.6,0.0,4044.3,53.1,0,0,1,1,0
2165,2024-05-25,4,40,2,79,3002,240.16,0.0,1831.22,53.55,55.24,0,0,1,1
2166,2024-10-27,3,1,3,18,108,4.32,0.0,65.88,20.7,0,0,1,1,0
2167,2024-10-07,1,22,2,17,204,0,0,124.44,20.55,4.08,0,0,0,1
2168,2024-07-20,1,45,1,31,372,29.76,0.0,226.92,22.65,0,0,1,1,0
2169,2025-11-23,1,9,3,58,696,55.68,0.0,424.56,26.7,12.81,49.5,0,1,2
2170,2025-02-05,1,13,3,14,168,20.16,0.0,102.48,20.1,0,0,1,1,0
2171,2025-09-18,1,41,1,77,924,73.92,0.0,563.64,29.55,0,0,1,1,0
2172,2025-09-30,1,10,3,27,324,12.96,0.0,197.64,22.05,6.22,41.75,0,1,2
2173,2024-11-14,1,45,3,54,648,0,0,395.28,26.1,0,0,1,1,0
2174,2025-06-28,1,34,3,76,912,72.96,0.0,556.32,29.4,16.78,54.0,0,1,4
2175,2024-09-18,4,29,1,22,836,0,0,509.96,27.9,0,0,1,1,0
2176,2024-01-01,4,17,1,41,1558,62.32,0.0,950.38,36.45,0,0,1,1,0
2177,2025-04-26,4,43,2,45,1710,0,0,1043.1,38.25,34.2,46.25,0,1,4
2178,2025-02-06,4,40,1,56,2128,170.24,0.0,1298.08,43.2,0,0,1,1,0
2179,2024-10-03,3,42,1,47,282,11.28,0.0,172.02,25.05,5.41,0,0,1,1
2180,2025-07-22,1,1,3,18,216,25.92,0.0,131.76,20.7,0,0,1,1,0
2181,2025-07-11,2,46,2,97,8245,0,0,5029.45,61.65,0,0,1,1,0
2182,2024-09-08,2,16,1,21,1785,142.8,1642.2,1088.85,27.45,0,0,1,1,0
2183,2024-03-01,3,25,3,54,324,0,0,197.64,26.1,0,0,1,1,0
2184,2025-12-13,3,24,1,82,492,19.68,0.0,300.12,30.3,0,0,1,1,0
2185,2024-12-04,1,21,3,63,756,90.72,0.0,461.16,27.45,0,0,1,1,0
2186,2024-04-15,1,45,2,62,744,89.28,0.0,453.84,27.3,0,0,1,1,0
2187,2024-12-30,4,14,2,77,2926,0,0,1784.86,52.65,0,0,1,1,0
2188,2024-04-08,2,2,1,51,4335,346.8,0.0,2644.35,40.95,0,0,1,1,0
2189,2024-12-25,3,42,2,24,144,11.52,0.0,87.84,21.6,0,0,1,1,0
2190,2024-08-07,2,48,3,62,5270,632.4,0.0,3214.7,45.9,92.75,50.5,0,1,2
2191,2025-08-17,1,18,1,20,240,28.8,0.0,146.4,21.0,4.22,40.0,0,0,2
2192,2024-06-07,2,40,1,16,1360,108.8,1251.2,829.6,25.2,0,0,1,1,0
2193,2025-09-10,2,39,1,48,4080,326.4,0.0,2488.8,39.6,0,0,1,1,0
2194,2024-03-20,4,27,1,20,760,30.4,0.0,463.6,27.0,0,0,1,1,0
2195,2024-06-20,2,20,2,55,4675,187.0,0.0,2851.75,42.75,0,0,1,1,0
2196,2025-05-22,1,48,2,46,552,0,0,336.72,24.9,0,0,1,1,0
2197,2025-05-27,2,21,1,61,5185,0,0,3162.85,45.45,103.7,50.25,0,1,4
2198,2025-12-19,1,17,3,16,192,23.04,0.0,117.12,20.4,3.38,39.0,0,1,4
2199,2024-01-18,1,6,1,70,840,0,0,512.4,28.5,16.8,52.5,0,1,2
2200,2025-09-09,2,29,3,91,7735,928.2,0.0,4718.35,58.95,136.14,0,0,1,1
2201,2025-06-07,3,9,3,28,168,13.44,0.0,102.48,22.2,0,0,1,1,0
2202,2025-12-04,2,14,2,25,2125,170.0,0.0,1296.25,29.25,0,0,1,1,0
2203,2025-07-12,3,17,3,45,270,21.6,0.0,164.7,24.75,4.97,46.25,0,1,2
2204,2025-01-07,2,34,1,85,7225,0,0,4407.25,56.25,0,0,1,1,0
2205,2024-06-22,3,4,1,69,414,16.56,0.0,252.54,28.35,7.95,0,0,1,1
2206,2024-08-28,2,13,3,36,3060,122.4,0.0,1866.6,34.2,0,0,1,1,0
2207,2024-10-17,4,31,2,11,418,50.16,0.0,254.98,22.95,0,0,1,0,0
2208,2025-03-06,2,29,3,16,1360,54.4,0.0,829.6,25.2,26.11,39.0,0,1,2
2209,2025-06-10,1,18,2,63,756,60.48,0.0,461.16,27.45,0,0,1,1,0
2210,2025-07-21,1,5,2,73,876,105.12,0.0,534.36,28.95,0,0,1,1,0
2211,2024-03-15,3,34,1,100,600,72.0,0.0,366.0,33.0,10.56,60.0,0,1,2
2212,2025-01-16,2,47,1,44,3740,0,0,2281.4,37.8,74.8,0,0,1,1
2213,2024-10-24,2,3,2,79,6715,805.8,0.0,4096.15,53.55,0,0,1,1,0
2214,2025-09-08,3,44,1,61,366,43.92,0.0,223.26,27.15,6.44,0,0,1,1
2215,2024-05-26,3,25,2,61,366,29.28,0.0,223.26,27.15,0,0,1,1,0
2216,2025-01-14,1,22,2,56,672,26.88,0.0,409.92,26.4,0,0,1,1,0
2217,2025-11-23,3,32,1,34,204,8.16,0.0,124.44,23.1,0,0,1,1,0
2218,2024-02-17,1,37,3,27,324,38.88,0.0,197.64,22.05,5.7,41.75,0,0,4
2219,2025-07-04,1,7,2,82,984,39.36,0.0,600.24,30.3,18.89,0,0,1,1
2220,2025-03-20,2,28,1,72,6120,244.8,0.0,3733.2,50.4,117.5,53.0,0,1,2
2221,2024-09-25,2,32,1,22,1870,224.4,0.0,1140.7,27.9,0,0,1,1,0
2222,2024-07-18,3,24,3,62,372,44.64,0.0,226.92,27.3,0,0,1,1,0
2223,2025-11-28,2,34,1,12,1020,40.8,979.2,622.2,23.4,0,0,1,1,0
2224,2025-03-19,1,43,1,87,1044,41.76,0.0,636.84,31.05,0,0,1,1,0
2225,2024-06-08,1,33,2,83,996,119.52,0.0,607.56,30.45,0,0,1,1,0
2226,2025-05-07,1,11,3,27,324,25.92,0.0,197.64,22.05,0,0,1,1,0
2227,2025-10-03,1,38,1,62,744,89.28,0.0,453.84,27.3,0,0,1,1,0
2228,2025-01-27,1,5,2,87,1044,41.76,0.0,636.84,31.05,0,0,1,1,0
2229,2025-08-24,4,46,2,57,2166,173.28,0.0,1321.26,43.65,0,0,1,1,0
2230,2024-10-13,2,11,3,28,2380,0,0,1451.8,30.6,47.6,0,0,1,1
2231,2025-07-26,2,34,3,31,2635,0,0,1607.35,31.95,52.7,42.75,0,0,2
2232,2024-04-23,2,10,1,57,4845,387.6,0.0,2955.45,43.65,0,0,1,1,0
2233,2024-08-17,4,42,2,46,1748,69.92,0.0,1066.28,38.7,33.56,0,0,1,1
2234,2024-01-08,4,36,3,95,3610,144.4,0.0,2202.1,60.75,0,0,1,1,0
2235,2025-03-12,1,32,2,23,276,0,0,168.36,21.45,0,0,1,1,0
2236,2025-06-05,2,13,1,59,5015,0,0,3059.15,44.55,0,0,1,1,0
2237,2025-01-23,1,30,2,93,1116,0,0,680.76,31.95,0,0,1,1,0
2238,2025-06-03,2,15,1,67,5695,683.4,0.0,3473.95,48.15,0,0,1,1,0
2239,2024-06-19,2,21,1,61,5185,0,0,3162.85,45.45,0,0,1,1,0
2240,2024-08-12,4,44,1,67,2546,203.68,0.0,1553.06,48.15,0,0,1,1,0
2241,2024-10-28,3,12,3,11,66,5.28,0.0,40.26,19.65,1.21,37.75,0,1,2
2242,2025-06-26,4,26,1,64,2432,97.28,0.0,1483.52,46.8,0,0,1,1,0
2243,2025-10-26,1,3,3,11,132,10.56,0.0,80.52,19.65,2.43,0,0,1,1
2244,2025-03-13,3,45,2,56,336,13.44,0.0,204.96,26.4,6.45,0,0,1,1
2245,2025-02-09,1,22,2,81,972,38.88,0.0,592.92,30.15,18.66,0,0,1,1
2246,2025-11-16,4,23,2,10,380,45.6,0.0,231.8,22.5,0,0,1,1,0
2247,2024-07-25,2,47,2,90,7650,612.0,0.0,4666.5,58.5,0,0,1,1,0
2248,2025-07-05,4,37,1,73,2774,0,0,1692.14,50.85,0,0,1,1,0
2249,2024-09-20,1,20,1,81,972,77.76,0.0,592.92,30.15,0,0,1,1,0
2250,2024-11-24,4,30,1,72,2736,0,0,1668.96,50.4,0,0,1,1,0
2251,2024-11-24,1,32,2,64,768,0,0,468.48,27.6,0,0,1,1,0
2252,2025-12-20,1,30,1,58,696,83.52,0.0,424.56,26.7,0,0,1,1,0
2253,2024-10-21,3,3,1,82,492,39.36,452.64,300.12,30.3,9.05,0,0,1,1
2254,2024-07-01,4,21,2,89,3382,405.84,0.0,2063.02,58.05,0,0,1,1,0
2255,2025-09-06,4,42,2,92,3496,139.84,0.0,2132.56,59.4,67.12,58.0,0,1,2
2256,2024-06-20,3,39,2,52,312,12.48,0.0,190.32,25.8,0,0,1,1,0
2257,2024-05-10,3,44,3,18,108,8.64,0.0,65.88,20.7,1.99,0,0,1,1
2258,2025-12-22,2,14,3,53,4505,0,0,2748.05,41.85,0,0,1,1,0
2259,2024-05-17,2,11,3,65,5525,0,0,3370.25,47.25,110.5,0,0,1,1
2260,2025-07-24,4,43,3,81,3078,246.24,0.0,1877.58,54.45,0,0,1,1,0
2261,2024-01-27,1,37,1,60,720,86.4,0.0,439.2,27.0,0,0,1,1,0
2262,2024-06-04,1,41,2,11,132,15.84,0.0,80.52,19.65,0,0,1,1,0
2263,2024-08-27,1,13,1,47,564,22.56,0.0,344.04,25.05,10.83,46.75,0,1,2
2264,2025-04-12,3,35,3,61,366,29.28,0.0,223.26,27.15,6.73,50.25,0,1,2
2265,2025-12-23,3,2,1,42,252,20.16,0.0,153.72,24.3,0,0,1,1,0
2266,2024-12-05,1,20,2,68,816,65.28,0.0,497.76,28.2,0,0,1,1,0
2267,2025-03-03,2,15,2,89,7565,302.6,0.0,4614.65,58.05,0,0,1,1,0
2268,2024-11-13,4,20,3,36,1368,54.72,0.0,834.48,34.2,0,0,1,1,0
2269,2024-01-03,4,9,2,29,1102,0,0,672.22,31.05,0,0,1,1,0
2270,2025-11-21,2,36,2,66,5610,0,0,3422.1,47.7,112.2,51.5,0,1,2
2271,2025-12-15,1,35,1,75,900,108.0,0.0,549.0,29.25,15.84,53.75,0,1,2
2272,2024-05-17,3,37,2,97,582,69.84,0.0,355.02,32.55,0,0,1,1,0
2273,2024-07-27,4,41,3,91,3458,276.64,0.0,2109.38,58.95,0,0,1,1,0
2274,2025-01-30,1,10,1,38,456,54.72,0.0,278.16,23.7,0,0,1,1,0
2275,2024-04-18,4,24,2,60,2280,0,0,1390.8,45.0,0,0,1,1,0
2276,2025-02-15,1,40,2,10,120,14.4,0.0,73.2,19.5,0,0,1,1,0
2277,2024-04-17,4,22,2,44,1672,133.76,0.0,1019.92,37.8,0,0,1,1,0
2278,2025-01-12,1,32,1,21,252,20.16,0.0,153.72,21.15,0,0,1,1,0
2279,2024-07-16,2,40,1,51,4335,346.8,0.0,2644.35,40.95,0,0,1,1,0
2280,2025-06-03,3,45,3,40,240,28.8,0.0,146.4,24.0,0,0,1,1,0
2281,2024-12-01,2,23,3,58,4930,591.6,4338.4,3007.3,44.1,0,0,1,1,0
2282,2025-12-24,1,23,1,14,168,6.72,0.0,102.48,20.1,0,0,1,1,0
2283,2025-07-03,1,23,1,75,900,72.0,0.0,549.0,29.25,0,0,1,1,0
2284,2025-09-09,3,38,2,36,216,0,0,131.76,23.4,0,0,1,1,0
2285,2024-10-09,3,5,1,63,378,30.24,0.0,230.58,27.45,0,0,1,1,0
2286,2024-10-07,2,3,2,16,1360,54.4,0.0,829.6,25.2,0,0,1,1,0
2287,2024-07-11,1,26,3,12,144,0,0,87.84,19.8,0,0,1,1,0
2288,2024-01-02,2,8,2,49,4165,333.2,0.0,2540.65,40.05,0,0,1,1,0
2289,2025-06-24,2,22,3,86,7310,584.8,0.0,4459.1,56.7,0,0,1,1,0
2290,2024-12-06,2,26,1,54,4590,550.8,0.0,2799.9,42.3,0,0,1,1,0
2291,2025-10-12,1,27,3,47,564,45.12,0.0,344.04,25.05,0,0,1,1,0
2292,2025-02-09,4,26,2,65,2470,0,0,1506.7,47.25,0,0,1,1,0
2293,2025-01-31,4,31,2,24,912,0,0,556.32,28.8,0,0,1,1,0
2294,2025-03-31,3,41,3,88,528,21.12,0.0,322.08,31.2,0,0,1,1,0
2295,2025-10-29,1,7,2,36,432,34.56,0.0,263.52,23.4,0,0,1,1,0
2296,2025-06-26,4,48,1,41,1558,124.64,0.0,950.38,36.45,0,0,1,1,0
2297,2024-09-08,1,23,3,72,864,69.12,0.0,527.04,28.8,15.9,0,0,1,1
2298,2025-03-25,4,6,2,30,1140,0,0,695.4,31.5,0,0,1,1,0
2299,2025-03-18,3,1,3,55,330,13.2,0.0,201.3,26.25,6.34,48.75,0,1,2
2300,2024-12-10,1,41,3,36,432,17.28,0.0,263.52,23.4,0,0,1,1,0
2301,2024-04-18,3,33,1,78,468,18.72,0.0,285.48,29.7,0,0,1,1,0
2302,2024-09-30,2,45,2,84,7140,571.2,0.0,4355.4,55.8,0,0,1,1,0
2303,2024-05-24,3,12,2,96,576,46.08,0.0,351.36,32.4,10.6,59.0,0,1,4
2304,2025-03-04,3,31,2,51,306,36.72,0.0,186.66,25.65,0,0,1,1,0
2305,2025-09-25,2,41,3,43,3655,438.6,0.0,2229.55,37.35,64.33,0,0,1,1
2306,2024-09-17,4,3,2,60,2280,273.6,0.0,1390.8,45.0,0,0,1,1,0
2307,2025-06-17,1,28,2,60,720,0,0,439.2,27.0,0,0,1,1,0
2308,2024-07-05,2,3,3,25,2125,170.0,0.0,1296.25,29.25,0,0,1,1,0
2309,2025-07-28,3,27,2,71,426,0,0,259.86,28.65,0,0,1,1,0
2310,2025-12-11,2,48,1,60,5100,408.0,0.0,3111.0,45.0,0,0,1,1,0
2311,2024-07-27,4,19,3,66,2508,200.64,0.0,1529.88,47.7,0,0,1,1,0
2312,2024-08-21,3,43,1,73,438,17.52,0.0,267.18,28.95,8.41,53.25,0,1,2
2313,2025-05-06,4,45,2,65,2470,296.4,0.0,1506.7,47.25,0,0,1,1,0
2314,2025-12-18,4,29,1,79,3002,0,0,1831.22,53.55,0,0,1,1,0
2315,2024-06-26,3,3,1,57,342,13.68,0.0,208.62,26.55,0,0,1,1,0
2316,2025-07-15,4,18,1,58,2204,0,0,1344.44,44.1,0,0,1,1,0
2317,2024-02-25,1,29,3,61,732,29.28,0.0,446.52,27.15,0,0,1,1,0
2318,2024-09-13,3,31,3,73,438,0,0,267.18,28.95,0,0,1,1,0
2319,2025-04-07,3,17,2,22,132,0,0,80.52,21.3,0,0,1,1,0
2320,2025-11-07,3,40,3,72,432,34.56,0.0,263.52,28.8,7.95,0,0,1,1
2321,2025-05-24,3,15,1,100,600,72.0,0.0,366.0,33.0,0,0,1,1,0
2322,2025-11-01,1,8,1,49,588,23.52,0.0,358.68,25.35,0,0,1,1,0
2323,2024-11-17,3,36,1,23,138,0,0,84.18,21.45,0,0,1,1,0
2324,2024-08-14,1,2,2,57,684,82.08,0.0,417.24,26.55,12.04,0,0,1,1
2325,2024-10-26,2,39,3,47,3995,159.8,0.0,2436.95,39.15,0,0,1,1,0
2326,2025-09-03,1,13,2,70,840,67.2,0.0,512.4,28.5,0,0,1,1,0
2327,2025-01-01,4,23,1,83,3154,126.16,0.0,1923.94,55.35,60.56,55.75,0,0,4
2328,2025-12-31,2,25,2,63,5355,428.4,0.0,3266.55,46.35,0,0,1,1,0
2329,2025-05-27,3,41,2,71,426,17.04,0.0,259.86,28.65,8.18,0,0,1,1
2330,2025-04-22,1,32,3,29,348,41.76,0.0,212.28,22.35,6.12,0,0,1,1
2331,2025-01-01,4,30,1,36,1368,109.44,0.0,834.48,34.2,25.17,0,0,1,1
2332,2024-02-10,3,46,2,48,288,23.04,0.0,175.68,25.2,0,0,1,1,0
2333,2025-06-26,4,48,1,44,1672,0,0,1019.92,37.8,0,0,1,1,0
2334,2024-07-13,4,10,2,65,2470,296.4,0.0,1506.7,47.25,0,0,1,1,0
2335,2024-02-25,2,33,1,28,2380,95.2,0.0,1451.8,30.6,0,0,1,1,0
2336,2025-06-09,4,11,1,42,1596,191.52,0.0,973.56,36.9,28.09,45.5,0,1,2
2337,2024-05-31,1,22,1,52,624,74.88,0.0,380.64,25.8,0,0,1,1,0
2338,2025-03-13,4,20,2,22,836,0,0,509.96,27.9,0,0,1,1,0
2339,2024-01-16,1,27,2,74,888,71.04,0.0,541.68,29.1,0,0,1,1,0
2340,2024-05-05,1,26,2,99,1188,95.04,0.0,724.68,32.85,0,0,1,1,0
2341,2025-05-26,3,39,1,83,498,59.76,0.0,303.78,30.45,0,0,1,1,0
2342,2024-11-27,1,19,1,99,1188,95.04,0.0,724.68,32.85,0,0,1,1,0
2343,2024-11-29,4,31,1,83,3154,378.48,0.0,1923.94,55.35,0,0,1,1,0
2344,2025-10-02,2,16,1,90,7650,0,0,4666.5,58.5,0,0,1,1,0
2345,2024-08-10,4,2,1,61,2318,0,0,1413.98,45.45,0,0,1,1,0
2346,2024-09-28,3,41,3,55,330,26.4,0.0,201.3,26.25,0,0,1,1,0
2347,2025-04-27,2,22,2,85,7225,578.0,0.0,4407.25,56.25,0,0,1,1,0
2348,2024-08-15,3,33,3,83,498,59.76,0.0,303.78,30.45,0,0,1,1,0
2349,2024-08-18,1,17,3,36,432,0,0,263.52,23.4,0,0,1,1,0
2350,2025-06-12,2,27,1,85,7225,867.0,0.0,4407.25,56.25,0,0,1,1,0
2351,2025-08-11,3,35,1,26,156,6.24,0.0,95.16,21.9,3.0,0,0,1,1
2352,2025-07-21,2,39,1,14,1190,0,0,725.9,24.3,0,0,1,1,0
2353,2025-09-14,1,46,1,58,696,27.84,0.0,424.56,26.7,13.36,49.5,0,1,2
2354,2025-11-26,1,31,1,75,900,36.0,0.0,549.0,29.25,0,0,1,1,0
2355,2025-02-25,3,31,3,72,432,51.84,0.0,263.52,28.8,0,0,1,1,0
2356,2024-05-16,3,22,3,84,504,40.32,0.0,307.44,30.6,9.27,56.0,0,1,2
2357,2024-06-13,1,39,3,18,216,25.92,0.0,131.76,20.7,0,0,1,1,0
2358,2025-02-23,1,38,2,96,1152,92.16,0.0,702.72,32.4,0,0,1,1,0
2359,2024-07-27,2,11,1,36,3060,367.2,0.0,1866.6,34.2,0,0,1,1,0
2360,2024-02-26,3,23,2,31,186,22.32,0.0,113.46,22.65,0,0,1,1,0
2361,2024-07-07,2,32,3,54,4590,0,0,2799.9,42.3,0,0,1,1,0
2362,2025-05-31,4,32,2,96,3648,145.92,0.0,2225.28,61.2,0,0,1,1,0
2363,2024-12-03,4,18,2,82,3116,124.64,0.0,1900.76,54.9,0,0,1,1,0
2364,2024-02-13,1,21,1,75,900,36.0,0.0,549.0,29.25,0,0,1,1,0
2365,2024-05-01,3,23,1,79,474,37.92,0.0,289.14,29.85,0,0,1,1,0
2366,2025-08-11,2,6,2,51,4335,173.4,0.0,2644.35,40.95,83.23,0,0,1,1
2367,2024-02-28,4,29,3,71,2698,107.92,0.0,1645.78,49.95,0,0,1,1,0
2368,2025-10-21,3,13,3,40,240,0,0,146.4,24.0,0,0,1,1,0
2369,2024-12-13,2,1,2,76,6460,0,0,3940.6,52.2,0,0,1,1,0
2370,2024-01-24,1,40,1,57,684,27.36,0.0,417.24,26.55,13.13,0,0,0,1
2371,2024-07-16,4,4,2,34,1292,103.36,0.0,788.12,33.3,0,0,1,1,0
2372,2024-03-12,3,27,3,51,306,36.72,0.0,186.66,25.65,5.39,47.75,0,1,4
2373,2025-08-03,3,9,3,97,582,69.84,0.0,355.02,32.55,0,0,1,0,0
2374,2025-05-02,4,36,2,25,950,76.0,0.0,579.5,29.25,0,0,1,1,0
2375,2025-04-22,1,45,1,23,276,11.04,0.0,168.36,21.45,0,0,1,1,0
2376,2025-06-08,2,22,2,89,7565,605.2,0.0,4614.65,58.05,139.2,0,0,1,1
2377,2025-09-20,4,38,3,77,2926,234.08,0.0,1784.86,52.65,53.84,54.25,0,1,4
2378,2024-03-28,4,10,3,68,2584,310.08,0.0,1576.24,48.6,0,0,1,0,0
2379,2025-12-05,2,15,2,32,2720,326.4,0.0,1659.2,32.4,0,0,1,1,0
2380,2024-10-06,2,22,2,32,2720,217.6,0.0,1659.2,32.4,0,0,1,1,0
2381,2024-10-31,2,20,2,20,1700,204.0,0.0,1037.0,27.0,0,0,1,1,0
2382,2025-06-24,1,44,1,58,696,0,0,424.56,26.7,0,0,1,1,0
2383,2024-12-24,3,3,1,95,570,45.6,0.0,347.7,32.25,0,0,1,1,0
2384,2025-02-27,4,29,3,62,2356,188.48,0.0,1437.16,45.9,0,0,1,1,0
2385,2024-01-03,3,39,1,50,300,12.0,0.0,183.0,25.5,0,0,1,1,0
2386,2025-12-09,1,17,3,28,336,40.32,0.0,204.96,22.2,0,0,1,1,0
2387,2025-09-22,2,45,3,48,4080,0,4080,2488.8,39.6,0,0,1,1,0
2388,2024-06-12,3,41,2,25,150,6.0,0.0,91.5,21.75,2.88,41.25,0,1,2
2389,2025-01-01,1,10,2,38,456,18.24,0.0,278.16,23.7,0,0,1,1,0
2390,2024-12-23,4,1,2,78,2964,118.56,0.0,1808.04,53.1,0,0,1,1,0
2391,2024-08-25,4,15,1,94,3572,0,0,2178.92,60.3,0,0,1,1,0
2392,2024-09-17,2,22,1,57,4845,0,0,2955.45,43.65,0,0,1,1,0
2393,2025-01-10,3,24,2,91,546,43.68,0.0,333.06,31.65,0,0,1,1,0
2394,2024-01-03,1,26,1,73,876,0,0,534.36,28.95,0,0,1,1,0
2395,2025-02-07,4,22,2,61,2318,278.16,0.0,1413.98,45.45,0,0,1,1,0
2396,2025-06-12,1,25,3,54,648,51.84,0.0,395.28,26.1,11.92,48.5,0,1,2
2397,2025-05-03,3,38,2,10,60,2.4,0.0,36.6,19.5,0,0,1,1,0
2398,2024-04-02,3,39,2,96,576,0,0,351.36,32.4,0,0,1,1,0
2399,2025-06-27,2,1,3,53,4505,0,0,2748.05,41.85,0,0,1,1,0
2400,2024-02-20,1,47,2,66,792,0,0,483.12,27.9,0,0,1,1,0
2401,2025-05-28,3,8,1,54,324,38.88,0.0,197.64,26.1,0,0,1,1,0
2402,2025-11-27,3,20,1,51,306,24.48,0.0,186.66,25.65,0,0,1,1,0
2403,2024-01-11,4,10,1,64,2432,194.56,0.0,1483.52,46.8,0,0,1,1,0
2404,2025-08-26,3,48,3,78,468,18.72,449.28,285.48,29.7,0,0,1,1,0
2405,2024-06-15,4,36,1,34,1292,51.68,0.0,788.12,33.3,0,0,1,1,0
2406,2024-10-28,3,41,1,77,462,0,0,281.82,29.55,0,0,1,1,0
2407,2024-10-05,3,8,3,51,306,24.48,0.0,186.66,25.65,0,0,1,1,0
2408,2024-07-06,1,9,2,45,540,43.2,0.0,329.4,24.75,0,0,1,1,0
2409,2024-08-07,4,34,3,19,722,57.76,0.0,440.42,26.55,0,0,1,1,0
2410,2025-09-06,2,28,1,96,8160,652.8,0.0,4977.6,61.2,150.14,59.0,0,1,2
2411,2024-08-16,3,12,3,19,114,0,0,69.54,20.85,0,0,1,1,0
2412,2025-11-21,2,23,3,100,8500,1020.0,0.0,5185.0,63.0,149.6,60.0,0,1,2
2413,2024-11-30,2,37,3,83,7055,282.2,0.0,4303.55,55.35,0,0,1,1,0
2414,2024-11-27,3,45,2,79,474,37.92,0.0,289.14,29.85,8.72,0,0,1,1
2415,2024-05-30,2,42,2,44,3740,299.2,0.0,2281.4,37.8,0,0,1,1,0
2416,2024-01-31,1,34,2,85,1020,40.8,0.0,622.2,30.75,19.58,56.25,0,1,4
2417,2024-12-19,1,34,2,89,1068,0,0,651.48,31.35,21.36,57.25,0,1,4
2418,2025-06-17,1,7,2,51,612,0,0,373.32,25.65,12.24,0,0,1,1
2419,2024-03-03,4,21,1,29,1102,132.24,0.0,672.22,31.05,0,0,1,1,0
2420,2025-10-20,4,24,1,52,1976,237.12,0.0,1205.36,41.4,0,0,1,0,0
2421,2025-10-15,1,23,3,55,660,52.8,0.0,402.6,26.25,12.14,48.75,0,1,4
2422,2024-04-01,1,43,3,43,516,41.28,0.0,314.76,24.45,0,0,1,1,0
2423,2024-03-16,4,38,3,72,2736,109.44,0.0,1668.96,50.4,0,0,1,1,0
2424,2024-08-30,4,29,3,85,3230,258.4,0.0,1970.3,56.25,59.43,56.25,0,0,4
2425,2024-05-09,4,12,1,48,1824,218.88,0.0,1112.64,39.6,0,0,1,1,0
2426,2024-09-25,2,21,2,61,5185,622.2,0.0,3162.85,45.45,0,0,1,1,0
2427,2024-11-20,3,48,3,43,258,10.32,0.0,157.38,24.45,0,0,1,1,0
2428,2024-07-04,1,39,3,52,624,74.88,0.0,380.64,25.8,0,0,1,1,0
2429,2025-04-03,1,36,2,73,876,0,0,534.36,28.95,0,0,1,1,0
2430,2025-07-27,3,43,2,59,354,42.48,0.0,215.94,26.85,6.23,0,0,1,1
2431,2025-05-03,3,28,2,67,402,0,0,245.22,28.05,0,0,1,1,0
2432,2024-04-04,4,20,1,68,2584,103.36,0.0,1576.24,48.6,0,0,1,1,0
2433,2024-01-12,3,3,1,74,444,35.52,0.0,270.84,29.1,8.17,0,0,1,1
2434,2025-01-01,4,4,1,19,722,86.64,0.0,440.42,26.55,0,0,1,1,0
2435,2025-12-04,4,38,3,79,3002,0,0,1831.22,53.55,0,0,1,1,0
2436,2024-08-27,4,13,3,61,2318,0,0,1413.98,45.45,46.36,50.25,0,1,4
2437,2025-01-09,3,21,1,75,450,0,0,274.5,29.25,0,0,1,1,0
2438,2025-01-13,3,10,3,53,318,38.16,0.0,193.98,25.95,5.6,48.25,0,1,4
2439,2024-02-17,1,11,1,85,1020,40.8,0.0,622.2,30.75,0,0,1,1,0
2440,2025-05-18,2,45,2,29,2465,295.8,0.0,1503.65,31.05,0,0,1,0,0
2441,2025-02-23,3,48,2,66,396,47.52,0.0,241.56,27.9,0,0,1,1,0
2442,2025-07-09,3,17,1,62,372,44.64,0.0,226.92,27.3,0,0,1,1,0
2443,2025-11-07,2,19,2,78,6630,795.6,0.0,4044.3,53.1,0,0,1,1,0
2444,2024-11-26,4,40,1,70,2660,319.2,0.0,1622.6,49.5,0,0,1,0,0
2445,2024-05-26,3,6,2,93,558,44.64,0.0,340.38,31.95,0,0,1,1,0
2446,2024-07-25,2,14,2,21,1785,71.4,0.0,1088.85,27.45,0,0,1,1,0
2447,2025-07-06,4,34,3,49,1862,223.44,0.0,1135.82,40.05,32.77,47.25,0,1,4
2448,2025-12-20,1,10,1,25,300,24.0,0.0,183.0,21.75,0,0,1,1,0
2449,2025-10-26,1,25,1,79,948,75.84,0.0,578.28,29.85,0,0,1,1,0
2450,2024-07-02,4,1,3,55,2090,167.2,0.0,1274.9,42.75,38.46,48.75,0,1,2
2451,2024-04-13,3,45,2,35,210,8.4,0.0,128.1,23.25,4.03,43.75,0,1,4
2452,2025-12-15,2,15,1,62,5270,632.4,0.0,3214.7,45.9,0,0,1,1,0
2453,2025-08-04,2,5,3,84,7140,285.6,0.0,4355.4,55.8,0,0,1,1,0
2454,2024-07-14,1,17,3,66,792,31.68,0.0,483.12,27.9,15.21,0,0,1,1
2455,2025-01-06,4,38,2,69,2622,209.76,0.0,1599.42,49.05,0,0,1,1,0
2456,2025-06-25,4,7,1,50,1900,152.0,0.0,1159.0,40.5,0,0,1,1,0
2457,2025-06-10,2,23,2,43,3655,146.2,0.0,2229.55,37.35,0,0,1,1,0
2458,2024-06-21,4,29,1,87,3306,132.24,3173.76,2016.66,57.15,0,0,1,1,0
2459,2024-07-28,2,27,1,29,2465,295.8,0.0,1503.65,31.05,43.38,0,0,1,1
2460,2024-12-19,2,21,2,67,5695,683.4,0.0,3473.95,48.15,0,0,1,1,0
2461,2025-04-06,1,15,1,43,516,61.92,0.0,314.76,24.45,0,0,1,1,0
2462,2024-02-02,2,45,1,74,6290,251.6,0.0,3836.9,51.3,0,0,1,1,0
2463,2024-04-19,4,15,2,83,3154,378.48,0.0,1923.94,55.35,0,0,1,0,0
2464,2024-09-08,1,20,2,42,504,60.48,0.0,307.44,24.3,0,0,1,1,0
2465,2025-06-09,2,10,2,29,2465,98.6,0.0,1503.65,31.05,0,0,1,1,0
2466,2025-03-05,3,28,1,34,204,24.48,0.0,124.44,23.1,3.59,0,0,1,1
2467,2024-02-02,2,4,3,25,2125,85.0,0.0,1296.25,29.25,0,0,1,1,0
2468,2024-08-25,4,16,2,10,380,30.4,0.0,231.8,22.5,0,0,1,1,0
2469,2025-04-10,2,42,2,38,3230,0,0,1970.3,35.1,0,0,1,1,0
2470,2025-11-16,4,22,1,52,1976,158.08,0.0,1205.36,41.4,0,0,1,1,0
2471,2024-03-17,4,33,2,38,1444,0,0,880.84,35.1,28.88,44.5,0,1,2
2472,2024-02-03,3,20,1,60,360,28.8,0.0,219.6,27.0,0,0,1,1,0
2473,2024-01-20,4,24,3,52,1976,237.12,0.0,1205.36,41.4,0,0,1,1,0
2474,2025-01-07,2,42,2,87,7395,0,0,4510.95,57.15,147.9,56.75,0,1,2
2475,2025-04-12,1,25,2,61,732,87.84,0.0,446.52,27.15,0,0,1,1,0
2476,2024-10-14,3,15,2,92,552,22.08,0.0,336.72,31.8,10.6,0,0,1,1
2477,2025-03-18,4,28,2,43,1634,196.08,0.0,996.74,37.35,0,0,1,1,0
2478,2024-06-26,4,24,1,79,3002,360.24,0.0,1831.22,53.55,0,0,1,1,0
2479,2024-09-29,1,26,1,72,864,0,0,527.04,28.8,0,0,1,1,0
2480,2024-07-11,3,3,1,35,210,0,0,128.1,23.25,0,0,1,1,0
2481,2024-03-07,3,2,1,21,126,0,0,76.86,21.15,2.52,0,0,1,1
2482,2025-02-07,4,27,3,44,1672,0,0,1019.92,37.8,33.44,0,0,1,1
2483,2025-10-29,2,18,3,60,5100,612.0,0.0,3111.0,45.0,89.76,0,0,1,1
2484,2025-05-21,3,17,1,21,126,0,0,76.86,21.15,0,0,1,1,0
2485,2025-12-01,2,28,2,24,2040,81.6,0.0,1244.4,28.8,0,0,1,1,0
2486,2024-01-10,2,37,3,77,6545,261.8,0.0,3992.45,52.65,125.66,54.25,0,1,2
2487,2025-11-30,2,5,3,31,2635,210.8,0.0,1607.35,31.95,0,0,1,1,0
2488,2025-05-15,1,14,1,46,552,22.08,0.0,336.72,24.9,0,0,1,1,0
2489,2025-04-26,4,39,1,48,1824,218.88,0.0,1112.64,39.6,32.1,0,0,1,1
2490,2024-11-18,1,41,3,29,348,27.84,0.0,212.28,22.35,6.4,0,0,1,1
2491,2024-10-06,4,36,2,66,2508,300.96,0.0,1529.88,47.7,0,0,1,1,0
2492,2025-04-08,3,10,2,18,108,12.96,0.0,65.88,20.7,0,0,1,1,0
2493,2024-05-13,4,25,2,45,1710,68.4,0.0,1043.1,38.25,32.83,0,0,1,1
2494,2024-06-25,3,19,2,11,66,7.92,0.0,40.26,19.65,0,0,1,1,0
2495,2024-08-26,4,8,3,92,3496,419.52,0.0,2132.56,59.4,0,0,1,1,0
2496,2024-02-19,3,37,3,53,318,25.44,292.56,193.98,25.95,0,0,1,1,0
2497,2025-01-24,1,35,2,37,444,0,0,270.84,23.55,0,0,1,1,0
2498,2025-07-28,1,13,3,54,648,25.92,0.0,395.28,26.1,0,0,1,1,0
2499,2025-04-24,3,17,2,33,198,15.84,0.0,120.78,22.95,0,0,1,1,0
2500,2025-04-17,3,43,2,65,390,31.2,0.0,237.9,27.75,0,0,1,1,0
2501,2024-11-14,1,35,1,73,876,0,0,534.36,28.95,0,0,1,1,0
2502,2025-09-06,2,40,3,40,3400,272.0,0.0,2074.0,36.0,0,0,1,1,0
2503,2025-11-21,1,45,2,23,276,22.08,0.0,168.36,21.45,5.08,40.75,0,1,2
2504,2025-11-22,3,47,1,98,588,0,0,358.68,32.7,0,0,1,1,0
2505,2024-03-22,1,33,1,24,288,34.56,0.0,175.68,21.6,0,0,1,1,0
2506,2024-01-11,1,26,1,13,156,0,0,95.16,19.95,3.12,0,0,1,1
2507,2025-03-22,3,41,2,62,372,14.88,0.0,226.92,27.3,7.14,0,0,1,1
2508,2025-01-21,4,2,2,84,3192,0,0,1947.12,55.8,0,0,1,1,0
2509,2025-08-25,4,33,1,33,1254,150.48,0.0,764.94,32.85,0,0,1,1,0
2510,2025-02-24,1,2,2,63,756,30.24,0.0,461.16,27.45,0,0,1,1,0
2511,2024-03-28,2,16,2,100,8500,680.0,0.0,5185.0,63.0,0,0,1,1,0
2512,2024-09-17,4,32,3,11,418,33.44,0.0,254.98,22.95,7.69,37.75,0,1,2
2513,2025-12-20,4,29,2,73,2774,221.92,0.0,1692.14,50.85,0,0,1,1,0
2514,2024-02-26,4,35,1,65,2470,0,0,1506.7,47.25,0,0,1,1,0
2515,2025-11-20,4,25,2,86,3268,392.16,0.0,1993.48,56.7,0,0,1,1,0
2516,2025-09-16,1,15,2,83,996,119.52,0.0,607.56,30.45,0,0,1,1,0
2517,2024-09-16,2,6,1,70,5950,714.0,0.0,3629.5,49.5,104.72,0,0,1,1
2518,2024-11-17,1,47,2,17,204,24.48,0.0,124.44,20.55,0,0,1,1,0
2519,2024-11-25,4,28,1,53,2014,80.56,0.0,1228.54,41.85,0,0,1,1,0
2520,2024-12-23,3,21,1,42,252,30.24,0.0,153.72,24.3,0,0,1,1,0
2521,2025-01-24,3,33,3,26,156,18.72,0.0,95.16,21.9,2.75,0,0,1,1
2522,2024-02-29,2,7,3,54,4590,367.2,0.0,2799.9,42.3,0,0,1,1,0
2523,2024-12-27,1,22,2,13,156,0,0,95.16,19.95,0,0,1,1,0
2524,2024-12-06,1,7,2,63,756,90.72,0.0,461.16,27.45,0,0,1,1,0
2525,2024-08-15,4,30,1,93,3534,424.08,0.0,2155.74,59.85,0,0,1,1,0
2526,2024-09-06,4,20,1,43,1634,130.72,0.0,996.74,37.35,0,0,1,1,0
2527,2025-03-08,2,30,3,97,8245,329.8,0.0,5029.45,61.65,158.3,0,0,1,1
2528,2025-08-28,4,5,1,83,3154,0,3154,1923.94,55.35,0,0,1,1,0
2529,2024-09-20,3,9,1,49,294,0,0,179.34,25.35,0,0,1,1,0
2530,2024-12-30,1,4,3,81,972,0,0,592.92,30.15,0,0,1,1,0
2531,2025-01-16,4,7,2,78,2964,355.68,0.0,1808.04,53.1,0,0,1,1,0
2532,2024-10-05,4,28,1,90,3420,136.8,0.0,2086.2,58.5,0,0,1,1,0
2533,2024-07-22,1,17,1,39,468,0,0,285.48,23.85,0,0,1,1,0
2534,2025-09-25,1,29,3,73,876,105.12,0.0,534.36,28.95,0,0,1,1,0
2535,2024-12-05,1,18,3,33,396,15.84,0.0,241.56,22.95,7.6,0,0,1,1
2536,2024-05-02,4,37,1,49,1862,148.96,0.0,1135.82,40.05,0,0,1,1,0
2537,2024-03-28,1,9,2,90,1080,0,0,658.8,31.5,0,0,1,1,0
2538,2025-05-30,1,17,2,47,564,22.56,0.0,344.04,25.05,0,0,1,1,0
2539,2024-08-13,2,43,3,82,6970,557.6,6412.4,4251.7,54.9,0,0,1,1,0
2540,2025-09-05,2,2,3,51,4335,346.8,0.0,2644.35,40.95,0,0,1,1,0
2541,2025-08-04,4,37,1,58,2204,88.16,0.0,1344.44,44.1,0,0,1,1,0
2542,2024-05-01,1,44,1,28,336,26.88,0.0,204.96,22.2,0,0,1,1,0
2543,2024-09-08,4,36,3,15,570,68.4,0.0,347.7,24.75,10.03,0,0,1,1
2544,2025-06-12,1,14,1,38,456,36.48,0.0,278.16,23.7,0,0,1,1,0
2545,2025-06-06,2,48,3,10,850,34.0,0.0,518.5,22.5,0,0,1,1,0
2546,2024-12-07,1,44,2,78,936,112.32,0.0,570.96,29.7,0,0,1,1,0
2547,2025-08-01,2,13,3,20,1700,204.0,0.0,1037.0,27.0,29.92,40.0,0,1,4
2548,2024-11-23,4,19,1,27,1026,0,0,625.86,30.15,0,0,1,1,0
2549,2024-02-14,1,6,2,80,960,0,0,585.6,30.0,0,0,1,1,0
2550,2024-10-25,3,41,1,70,420,33.6,0.0,256.2,28.5,0,0,1,1,0
2551,2024-11-22,3,27,3,39,234,18.72,0.0,142.74,23.85,0,0,1,1,0
2552,2025-10-13,4,26,1,95,3610,144.4,0.0,2202.1,60.75,0,0,1,1,0
2553,2025-05-10,4,15,3,41,1558,62.32,0.0,950.38,36.45,0,0,1,1,0
2554,2025-09-12,4,30,1,34,1292,103.36,0.0,788.12,33.3,0,0,1,1,0
2555,2024-11-30,2,8,3,33,2805,224.4,0.0,1711.05,32.85,51.61,43.25,0,1,4
2556,2024-07-07,3,6,3,30,180,7.2,0.0,109.8,22.5,0,0,1,1,0
2557,2024-01-30,3,22,2,44,264,21.12,242.88,161.04,24.6,4.86,46.0,0,1,4
2558,2025-09-01,2,9,3,93,7905,632.4,0.0,4822.05,59.85,145.45,0,0,1,1
2559,2025-01-04,2,8,3,98,8330,666.4,7663.6,5081.3,62.1,153.27,59.5,0,1,2
2560,2025-06-08,4,2,3,45,1710,136.8,0.0,1043.1,38.25,31.46,46.25,0,1,2
2561,2024-05-01,3,9,3,85,510,20.4,0.0,311.1,30.75,9.79,56.25,0,1,2
2562,2024-07-10,3,8,1,70,420,16.8,0.0,256.2,28.5,0,0,1,1,0
2563,2025-07-11,4,23,2,62,2356,282.72,0.0,1437.16,45.9,41.47,50.5,0,1,4
2564,2024-07-13,2,46,3,26,2210,176.8,0.0,1348.1,29.7,0,0,1,1,0
2565,2025-06-28,4,30,1,68,2584,103.36,0.0,1576.24,48.6,0,0,1,1,0
2566,2025-10-19,1,30,3,66,792,0,0,483.12,27.9,0,0,1,1,0
2567,2025-01-08,3,26,2,26,156,18.72,0.0,95.16,21.9,2.75,0,0,1,1
2568,2025-10-06,2,4,1,68,5780,693.6,0.0,3525.8,48.6,101.73,0,0,1,1
2569,2024-08-18,1,3,3,86,1032,41.28,0.0,629.52,30.9,19.81,56.5,0,1,2
2570,2025-09-04,3,36,2,19,114,9.12,0.0,69.54,20.85,0,0,1,1,0
2571,2025-10-29,4,43,1,59,2242,269.04,0.0,1367.62,44.55,0,0,1,1,0
2572,2025-08-21,2,37,2,23,1955,234.6,0.0,1192.55,28.35,34.41,40.75,0,1,2
2573,2024-03-07,4,38,2,91,3458,414.96,0.0,2109.38,58.95,60.86,0,0,1,1
2574,2024-08-29,3,30,3,29,174,6.96,0.0,106.14,22.35,0,0,1,1,0
2575,2024-07-25,4,14,1,25,950,38.0,0.0,579.5,29.25,18.24,41.25,0,1,2
2576,2024-01-02,2,26,3,86,7310,584.8,0.0,4459.1,56.7,0,0,1,1,0
2577,2024-06-24,1,19,3,10,120,4.8,0.0,73.2,19.5,2.3,0,0,1,1
2578,2025-02-03,2,31,1,40,3400,0,0,2074.0,36.0,68.0,45.0,0,1,2
2579,2024-10-27,3,24,3,29,174,0,0,106.14,22.35,0,0,1,1,0
2580,2024-10-23,4,34,2,24,912,0,0,556.32,28.8,0,0,1,1,0
2581,2024-05-16,3,48,3,17,102,4.08,0.0,62.22,20.55,1.96,0,0,1,1
2582,2024-02-08,4,38,2,59,2242,0,0,1367.62,44.55,44.84,49.75,0,1,2
2583,2024-06-06,2,5,3,52,4420,0,0,2696.2,41.4,0,0,1,1,0
2584,2025-02-17,3,35,3,56,336,0,0,204.96,26.4,0,0,1,1,0
2585,2024-07-24,2,48,3,98,8330,666.4,0.0,5081.3,62.1,0,0,1,1,0
2586,2025-04-06,3,42,1,81,486,19.44,0.0,296.46,30.15,9.33,55.25,0,1,4
2587,2024-07-25,3,15,3,24,144,17.28,0.0,87.84,21.6,2.53,0,0,1,1
2588,2024-02-23,3,37,2,51,306,0,0,186.66,25.65,0,0,1,1,0
2589,2025-10-05,1,9,2,20,240,0,0,146.4,21.0,0,0,1,1,0
2590,2025-10-16,2,18,2,64,5440,652.8,0.0,3318.4,46.8,0,0,1,1,0
2591,2025-12-14,3,45,2,46,276,33.12,0.0,168.36,24.9,0,0,1,1,0
2592,2025-11-14,2,44,3,83,7055,564.4,0.0,4303.55,55.35,0,0,1,1,0
2593,2025-08-28,3,6,2,22,132,10.56,0.0,80.52,21.3,0,0,1,1,0
2594,2025-03-26,1,28,1,66,792,95.04,0.0,483.12,27.9,0,0,1,1,0
2595,2025-06-02,1,31,2,50,600,48.0,0.0,366.0,25.5,0,0,1,1,0
2596,2024-02-28,3,17,2,63,378,30.24,0.0,230.58,27.45,0,0,1,1,0
2597,2025-06-28,1,7,1,72,864,0,0,527.04,28.8,0,0,1,1,0
2598,2025-02-25,4,22,3,56,2128,170.24,0.0,1298.08,43.2,39.16,0,0,1,1
2599,2025-09-24,4,43,3,62,2356,282.72,0.0,1437.16,45.9,41.47,0,0,1,1
2600,2025-07-23,1,5,3,49,588,47.04,0.0,358.68,25.35,10.82,0,0,1,1
2601,2024-10-24,4,14,2,47,1786,142.88,0.0,1089.46,39.15,0,0,1,0,0
2602,2025-08-25,2,21,3,66,5610,0,0,3422.1,47.7,0,0,1,1,0
2603,2024-10-30,3,34,3,88,528,0,0,322.08,31.2,0,0,1,1,0
2604,2025-10-18,4,20,1,50,1900,152.0,0.0,1159.0,40.5,34.96,0,0,1,1
2605,2025-07-14,4,33,2,76,2888,0,0,1761.68,52.2,0,0,1,1,0
2606,2025-05-09,4,48,3,26,988,79.04,0.0,602.68,29.7,18.18,0,0,1,1
2607,2025-11-12,4,31,3,36,1368,164.16,0.0,834.48,34.2,24.08,0,0,1,1
2608,2024-11-02,2,45,2,92,7820,938.4,0.0,4770.2,59.4,0,0,1,1,0
2609,2024-05-13,1,30,2,100,1200,96.0,0.0,732.0,33.0,0,0,1,1,0
2610,2024-07-01,2,9,3,56,4760,380.8,0.0,2903.6,43.2,0,0,1,1,0
2611,2025-11-06,3,45,3,25,150,0,0,91.5,21.75,0,0,1,1,0
2612,2025-07-22,1,8,1,89,1068,128.16,0.0,651.48,31.35,0,0,1,1,0
2613,2024-11-10,2,44,1,80,6800,0,0,4148.0,54.0,0,0,1,1,0
2614,2025-06-10,2,41,2,72,6120,244.8,0.0,3733.2,50.4,0,0,1,1,0
2615,2025-01-30,1,11,1,69,828,33.12,0.0,505.08,28.35,0,0,1,1,0
2616,2025-07-03,2,22,1,44,3740,0,0,2281.4,37.8,0,0,1,1,0
2617,2024-09-28,4,43,1,42,1596,63.84,0.0,973.56,36.9,0,0,1,1,0
2618,2025-08-24,1,39,2,13,156,12.48,0.0,95.16,19.95,0,0,1,1,0
2619,2025-11-09,3,41,2,99,594,71.28,0.0,362.34,32.85,10.45,0,0,1,1
2620,2024-03-05,4,30,1,79,3002,120.08,0.0,1831.22,53.55,0,0,1,1,0
2621,2024-01-15,3,8,3,67,402,32.16,0.0,245.22,28.05,7.4,51.75,0,1,2
2622,2024-09-18,1,42,2,14,168,13.44,0.0,102.48,20.1,0,0,1,1,0
2623,2025-02-17,1,29,2,93,1116,89.28,0.0,680.76,31.95,20.53,58.25,0,1,2
2624,2024-07-04,2,21,2,42,3570,428.4,0.0,2177.7,36.9,0,0,1,1,0
2625,2025-05-20,4,26,1,72,2736,0,0,1668.96,50.4,54.72,0,0,1,1
2626,2025-02-23,1,43,2,70,840,100.8,0.0,512.4,28.5,0,0,1,1,0
2627,2024-04-01,3,15,2,51,306,0,0,186.66,25.65,6.12,47.75,0,1,2
2628,2024-01-14,4,8,1,58,2204,264.48,0.0,1344.44,44.1,0,0,1,1,0
2629,2024-07-10,4,45,2,47,1786,142.88,0.0,1089.46,39.15,0,0,1,1,0
2630,2024-04-26,1,39,1,18,216,17.28,0.0,131.76,20.7,0,0,1,1,0
2631,2025-01-29,3,33,3,39,234,9.36,0.0,142.74,23.85,4.49,44.75,0,1,4
2632,2024-07-14,3,27,1,72,432,34.56,0.0,263.52,28.8,0,0,1,1,0
2633,2025-07-06,4,38,2,100,3800,0,0,2318.0,63.0,0,0,1,1,0
2634,2024-05-20,1,16,1,10,120,4.8,0.0,73.2,19.5,2.3,0,0,1,1
2635,2025-06-12,3,26,2,42,252,10.08,0.0,153.72,24.3,0,0,1,1,0
2636,2025-01-02,3,40,3,56,336,26.88,0.0,204.96,26.4,6.18,0,0,1,1
2637,2024-10-01,2,9,2,78,6630,530.4,0.0,4044.3,53.1,0,0,1,0,0
2638,2025-01-08,4,30,2,74,2812,0,0,1715.32,51.3,0,0,1,1,0
2639,2024-07-19,3,33,1,45,270,0,0,164.7,24.75,0,0,1,1,0
2640,2024-05-23,4,17,1,49,1862,74.48,0.0,1135.82,40.05,0,0,1,1,0
2641,2025-09-25,2,7,3,74,6290,251.6,0.0,3836.9,51.3,120.77,53.5,0,1,2
2642,2025-08-06,2,42,3,57,4845,387.6,0.0,2955.45,43.65,89.15,49.25,0,0,4
2643,2024-10-10,3,42,2,24,144,17.28,0.0,87.84,21.6,0,0,1,1,0
2644,2025-09-29,2,6,2,41,3485,418.2,0.0,2125.85,36.45,0,0,1,1,0
2645,2025-03-14,3,42,2,11,66,2.64,0.0,40.26,19.65,0,0,1,1,0
2646,2024-11-18,4,23,2,34,1292,0,0,788.12,33.3,0,0,1,1,0
2647,2025-08-27,3,38,2,28,168,6.72,0.0,102.48,22.2,3.23,42.0,0,1,4
2648,2024-11-03,3,2,2,92,552,66.24,0.0,336.72,31.8,0,0,1,1,0
2649,2024-05-25,2,19,1,72,6120,489.6,0.0,3733.2,50.4,112.61,0,0,0,1
2650,2024-05-19,2,4,3,74,6290,754.8,0.0,3836.9,51.3,0,0,1,1,0
2651,2025-03-08,3,41,2,56,336,26.88,0.0,204.96,26.4,0,0,1,1,0
2652,2024-03-05,4,8,2,94,3572,142.88,0.0,2178.92,60.3,0,0,1,1,0
2653,2024-06-02,2,29,2,19,1615,64.6,0.0,985.15,26.55,31.01,0,0,1,1
2654,2025-08-14,2,11,1,78,6630,265.2,0.0,4044.3,53.1,0,0,1,1,0
2655,2025-10-14,4,47,3,28,1064,85.12,0.0,649.04,30.6,0,0,1,1,0
2656,2024-02-23,1,25,3,60,720,0,0,439.2,27.0,0,0,1,1,0
2657,2025-05-09,2,44,1,60,5100,612.0,0.0,3111.0,45.0,0,0,1,1,0
2658,2024-03-01,1,28,3,89,1068,0,0,651.48,31.35,21.36,0,0,1,1
2659,2024-07-01,1,38,2,71,852,34.08,0.0,519.72,28.65,0,0,1,0,0
2660,2025-01-22,4,22,1,23,874,34.96,0.0,533.14,28.35,0,0,1,1,0
2661,2024-11-23,3,13,2,37,222,0,0,135.42,23.55,4.44,44.25,0,1,4
2662,2024-03-09,2,5,2,35,2975,0,2975,1814.75,33.75,0,0,1,1,0
2663,2025-11-05,3,16,2,55,330,39.6,0.0,201.3,26.25,0,0,1,1,0
2664,2025-12-03,3,13,2,67,402,16.08,0.0,245.22,28.05,0,0,1,1,0
2665,2024-04-10,2,15,2,43,3655,0,0,2229.55,37.35,0,0,1,1,0
2666,2025-10-23,2,6,1,26,2210,0,0,1348.1,29.7,0,0,1,0,0
2667,2025-04-26,3,20,2,57,342,41.04,0.0,208.62,26.55,6.02,49.25,0,1,2
2668,2024-02-19,4,34,2,17,646,25.84,0.0,394.06,25.65,0,0,1,1,0
2669,2024-09-20,2,2,1,56,4760,571.2,0.0,2903.6,43.2,0,0,1,1,0
2670,2024-06-19,1,11,2,85,1020,122.4,897.6,622.2,30.75,17.95,0,0,1,1
2671,2024-09-02,4,30,1,12,456,54.72,0.0,278.16,23.4,0,0,1,1,0
2672,2024-01-27,3,9,3,24,144,0,0,87.84,21.6,0,0,1,1,0
2673,2024-12-18,1,4,1,51,612,0,0,373.32,25.65,0,0,1,1,0
2674,2025-06-23,3,19,3,27,162,0,0,98.82,22.05,3.24,41.75,0,1,2
2675,2024-04-17,2,26,2,73,6205,496.4,0.0,3785.05,50.85,0,0,1,1,0
2676,2024-06-30,2,40,1,39,3315,132.6,0.0,2022.15,35.55,0,0,1,1,0
2677,2025-12-31,2,16,1,63,5355,214.2,0.0,3266.55,46.35,0,0,1,1,0
2678,2025-09-07,2,6,3,38,3230,0,0,1970.3,35.1,0,0,1,1,0
2679,2025-03-11,2,22,2,27,2295,275.4,0.0,1399.95,30.15,40.39,0,0,1,1
2680,2024-07-02,3,47,2,43,258,0,0,157.38,24.45,0,0,1,1,0
2681,2025-08-31,1,12,1,35,420,50.4,0.0,256.2,23.25,0,0,1,1,0
2682,2024-08-03,4,4,2,60,2280,273.6,0.0,1390.8,45.0,0,0,1,1,0
2683,2024-05-08,3,2,2,70,420,16.8,0.0,256.2,28.5,0,0,1,1,0
2684,2025-03-14,1,16,3,97,1164,139.68,0.0,710.04,32.55,20.49,0,0,1,1
2685,2025-11-11,3,6,1,18,108,0,0,65.88,20.7,0,0,1,1,0
2686,2024-01-11,2,32,1,63,5355,214.2,0.0,3266.55,46.35,0,0,1,1,0
2687,2024-05-26,4,12,1,73,2774,221.92,0.0,1692.14,50.85,0,0,1,1,0
2688,2024-05-26,1,18,1,71,852,34.08,0.0,519.72,28.65,0,0,1,1,0
2689,2025-06-13,3,23,1,62,372,14.88,0.0,226.92,27.3,0,0,1,1,0
2690,2024-01-13,3,20,2,57,342,13.68,0.0,208.62,26.55,0,0,1,1,0
2691,2025-09-18,2,13,2,15,1275,153.0,0.0,777.75,24.75,22.44,0,0,1,1
2692,2024-05-12,2,38,1,61,5185,207.4,0.0,3162.85,45.45,0,0,1,1,0
2693,2024-06-22,1,6,1,42,504,40.32,0.0,307.44,24.3,0,0,1,1,0
2694,2025-11-06,3,35,2,78,468,0,0,285.48,29.7,9.36,54.5,0,1,2
2695,2024-07-27,4,30,3,17,646,77.52,0.0,394.06,25.65,0,0,1,1,0
2696,2025-11-20,3,34,3,36,216,0,0,131.76,23.4,0,0,1,1,0
2697,2025-02-05,2,30,1,72,6120,0,0,3733.2,50.4,0,0,1,1,0
2698,2025-08-21,2,15,3,47,3995,479.4,0.0,2436.95,39.15,70.31,46.75,0,1,4
2699,2024-01-24,2,29,3,34,2890,0,0,1762.9,33.3,57.8,0,0,1,1
2700,2025-06-19,3,26,2,52,312,24.96,0.0,190.32,25.8,5.74,48.0,0,1,2
2701,2025-10-02,4,2,2,11,418,0,0,254.98,22.95,8.36,0,0,1,1
2702,2024-06-13,2,10,2,13,1105,88.4,0.0,674.05,23.85,0,0,1,1,0
2703,2025-08-16,3,3,1,33,198,7.92,0.0,120.78,22.95,3.8,0,0,1,1
2704,2025-01-14,2,39,3,96,8160,0,0,4977.6,61.2,0,0,1,1,0
2705,2025-04-17,3,19,3,55,330,13.2,0.0,201.3,26.25,0,0,1,1,0
2706,2024-02-10,1,33,1,48,576,23.04,0.0,351.36,25.2,0,0,1,0,0
2707,2025-10-24,3,1,3,24,144,17.28,0.0,87.84,21.6,0,0,1,1,0
2708,2024-04-24,1,19,3,16,192,23.04,0.0,117.12,20.4,3.38,39.0,0,1,2
2709,2025-03-19,4,10,1,72,2736,0,0,1668.96,50.4,0,0,1,1,0
2710,2025-10-22,1,47,3,27,324,25.92,0.0,197.64,22.05,0,0,1,1,0
2711,2024-05-10,3,33,2,49,294,0,0,179.34,25.35,0,0,1,1,0
2712,2025-02-06,2,40,3,100,8500,680.0,0.0,5185.0,63.0,0,0,1,1,0
2713,2025-11-21,3,22,3,65,390,15.6,0.0,237.9,27.75,0,0,1,1,0
2714,2024-08-25,2,6,3,59,5015,401.2,0.0,3059.15,44.55,0,0,1,1,0
2715,2025-09-29,1,27,2,75,900,108.0,0.0,549.0,29.25,0,0,1,1,0
2716,2025-04-27,1,29,3,66,792,95.04,0.0,483.12,27.9,13.94,51.5,0,1,2
2717,2024-09-29,4,44,2,37,1406,56.24,0.0,857.66,34.65,0,0,1,1,0
2718,2024-11-05,2,25,3,100,8500,1020.0,0.0,5185.0,63.0,149.6,60.0,0,1,4
2719,2024-08-28,1,13,1,34,408,16.32,0.0,248.88,23.1,7.83,0,0,1,1
2720,2024-04-10,4,11,1,37,1406,0,0,857.66,34.65,28.12,0,0,1,1
2721,2025-10-15,1,37,2,100,1200,96.0,0.0,732.0,33.0,22.08,0,0,0,1
2722,2024-01-29,1,5,2,100,1200,48.0,0.0,732.0,33.0,0,0,1,1,0
2723,2025-12-21,2,13,1,58,4930,197.2,0.0,3007.3,44.1,0,0,1,1,0
2724,2025-04-09,2,17,1,83,7055,0,0,4303.55,55.35,0,0,1,1,0
2725,2025-03-22,1,9,1,46,552,66.24,0.0,336.72,24.9,0,0,1,1,0
2726,2025-01-21,2,18,3,98,8330,666.4,0.0,5081.3,62.1,153.27,0,0,1,1
2727,2025-02-22,3,25,2,75,450,18.0,0.0,274.5,29.25,8.64,53.75,0,1,2
2728,2024-12-17,3,45,3,23,138,16.56,0.0,84.18,21.45,2.43,40.75,0,1,2
2729,2025-09-24,4,6,2,56,2128,85.12,0.0,1298.08,43.2,0,0,1,1,0
2730,2024-05-04,2,32,1,70,5950,238.0,0.0,3629.5,49.5,0,0,1,1,0
2731,2025-12-03,2,35,2,39,3315,397.8,0.0,2022.15,35.55,58.34,44.75,0,1,2
2732,2024-12-16,2,25,2,73,6205,0,6205,3785.05,50.85,0,0,1,1,0
2733,2025-11-21,4,44,1,71,2698,0,0,1645.78,49.95,0,0,1,1,0
2734,2024-01-22,3,47,2,100,600,0,0,366.0,33.0,0,0,1,1,0
2735,2024-11-10,1,1,2,84,1008,40.32,0.0,614.88,30.6,19.35,56.0,0,1,4
2736,2025-06-01,2,37,1,15,1275,153.0,0.0,777.75,24.75,0,0,1,1,0
2737,2024-04-22,4,48,2,64,2432,97.28,0.0,1483.52,46.8,0,0,1,1,0
2738,2025-12-03,1,47,3,25,300,0,0,183.0,21.75,6.0,0,0,1,1
2739,2024-10-16,3,6,2,78,468,56.16,0.0,285.48,29.7,0,0,1,1,0
2740,2024-08-03,1,20,1,38,456,18.24,0.0,278.16,23.7,0,0,1,1,0
2741,2025-08-21,1,6,3,95,1140,136.8,0.0,695.4,32.25,20.06,58.75,0,1,2
2742,2025-10-29,4,45,3,24,912,72.96,0.0,556.32,28.8,0,0,1,1,0
2743,2024-08-07,3,12,3,36,216,25.92,0.0,131.76,23.4,0,0,1,1,0
2744,2025-02-26,2,19,2,56,4760,571.2,0.0,2903.6,43.2,0,0,1,1,0
2745,2024-01-15,4,17,3,40,1520,60.8,0.0,927.2,36.0,0,0,1,1,0
2746,2024-07-07,4,15,1,35,1330,159.6,0.0,811.3,33.75,0,0,1,0,0
2747,2024-11-04,4,7,3,81,3078,369.36,0.0,1877.58,54.45,0,0,1,1,0
2748,2024-09-23,1,16,2,53,636,76.32,0.0,387.96,25.95,0,0,1,1,0
2749,2024-03-30,1,48,2,73,876,35.04,0.0,534.36,28.95,0,0,1,1,0
2750,2024-07-14,3,10,2,98,588,23.52,0.0,358.68,32.7,0,0,1,1,0
2751,2025-02-19,3,38,3,86,516,0,0,314.76,30.9,0,0,1,1,0
2752,2025-08-12,3,40,1,26,156,6.24,0.0,95.16,21.9,0,0,1,1,0
2753,2024-05-14,4,9,3,86,3268,261.44,0.0,1993.48,56.7,0,0,1,1,0
2754,2024-01-14,2,25,3,34,2890,231.2,0.0,1762.9,33.3,0,0,1,1,0
2755,2025-04-30,1,2,1,31,372,44.64,0.0,226.92,22.65,0,0,1,1,0
2756,2025-09-26,3,20,1,32,192,23.04,0.0,117.12,22.8,0,0,1,1,0
2757,2025-09-03,1,32,1,97,1164,139.68,0.0,710.04,32.55,0,0,1,1,0
2758,2024-08-25,3,26,1,40,240,28.8,0.0,146.4,24.0,0,0,1,1,0
2759,2025-12-27,2,25,2,23,1955,78.2,0.0,1192.55,28.35,0,0,1,1,0
2760,2025-09-20,1,48,3,98,1176,0,0,717.36,32.7,23.52,0,0,1,1
2761,2025-04-12,2,6,1,60,5100,408.0,0.0,3111.0,45.0,0,0,1,1,0
2762,2024-04-29,1,22,2,91,1092,0,0,666.12,31.65,0,0,1,1,0
2763,2024-02-01,1,14,1,81,972,38.88,0.0,592.92,30.15,0,0,1,1,0
2764,2024-03-21,1,19,2,43,516,41.28,0.0,314.76,24.45,9.49,45.75,0,0,2
2765,2024-11-25,4,21,3,47,1786,142.88,0.0,1089.46,39.15,0,0,1,1,0
2766,2024-05-18,1,9,2,46,552,66.24,0.0,336.72,24.9,0,0,1,1,0
2767,2024-05-22,4,30,1,11,418,0,0,254.98,22.95,0,0,1,1,0
2768,2025-10-16,4,40,1,49,1862,223.44,0.0,1135.82,40.05,32.77,47.25,0,1,2
2769,2025-03-23,2,42,1,39,3315,0,0,2022.15,35.55,0,0,1,1,0
2770,2025-04-05,1,7,1,16,192,15.36,0.0,117.12,20.4,0,0,1,1,0
2771,2025-08-27,1,30,1,30,360,43.2,0.0,219.6,22.5,6.34,0,0,1,1
2772,2025-10-05,1,10,2,19,228,9.12,0.0,139.08,20.85,0,0,1,1,0
2773,2025-09-22,2,17,2,66,5610,673.2,0.0,3422.1,47.7,0,0,1,1,0
2774,2025-05-12,1,17,3,18,216,17.28,0.0,131.76,20.7,3.97,39.5,0,1,4
2775,2024-04-14,1,43,2,37,444,0,0,270.84,23.55,0,0,1,1,0
2776,2024-06-20,2,44,3,24,2040,244.8,0.0,1244.4,28.8,0,0,1,1,0
2777,2025-11-17,2,41,1,73,6205,496.4,0.0,3785.05,50.85,0,0,1,1,0
2778,2024-01-03,4,3,2,60,2280,182.4,0.0,1390.8,45.0,41.95,0,0,1,1
2779,2024-02-06,4,11,3,84,3192,383.04,0.0,1947.12,55.8,0,0,1,1,0
2780,2025-02-26,3,26,3,80,480,38.4,0.0,292.8,30.0,0,0,1,1,0
2781,2025-07-13,3,22,3,80,480,0,0,292.8,30.0,9.6,0,0,1,1
2782,2024-09-04,3,30,1,36,216,25.92,0.0,131.76,23.4,0,0,1,1,0
2783,2025-01-22,4,16,3,53,2014,0,0,1228.54,41.85,40.28,0,0,1,1
2784,2025-08-03,2,40,1,87,7395,591.6,0.0,4510.95,57.15,136.07,0,0,1,1
2785,2024-02-13,2,27,3,39,3315,265.2,0.0,2022.15,35.55,61.0,44.75,0,1,2
2786,2024-10-06,3,30,1,14,84,3.36,0.0,51.24,20.1,0,0,1,1,0
2787,2024-02-24,3,46,1,65,390,46.8,0.0,237.9,27.75,0,0,1,1,0
2788,2024-01-12,1,20,3,12,144,17.28,0.0,87.84,19.8,2.53,38.0,0,1,2
2789,2025-12-22,2,5,3,43,3655,438.6,0.0,2229.55,37.35,0,0,1,1,0
2790,2025-07-09,2,40,1,32,2720,326.4,0.0,1659.2,32.4,0,0,1,1,0
2791,2025-01-25,1,3,1,84,1008,80.64,0.0,614.88,30.6,0,0,1,1,0
2792,2025-09-26,3,43,1,95,570,0,0,347.7,32.25,0,0,1,1,0
2793,2025-10-28,1,5,2,20,240,0,0,146.4,21.0,0,0,1,1,0
2794,2025-08-06,4,21,3,32,1216,48.64,0.0,741.76,32.4,23.35,43.0,0,1,2
2795,2024-01-08,2,27,1,85,7225,867.0,0.0,4407.25,56.25,0,0,1,1,0
2796,2024-05-14,3,5,1,29,174,13.92,0.0,106.14,22.35,0,0,1,1,0
2797,2024-10-28,2,13,2,55,4675,561.0,0.0,2851.75,42.75,82.28,0,0,1,1
2798,2024-06-27,4,9,1,78,2964,355.68,0.0,1808.04,53.1,0,0,1,1,0
2799,2024-11-24,2,48,2,87,7395,295.8,0.0,4510.95,57.15,141.98,56.75,0,1,2
2800,2024-08-07,4,48,1,86,3268,130.72,0.0,1993.48,56.7,0,0,1,1,0
2801,2024-11-07,4,2,2,92,3496,139.84,0.0,2132.56,59.4,0,0,1,1,0
2802,2024-05-03,2,8,1,98,8330,999.6,0.0,5081.3,62.1,0,0,1,1,0
2803,2024-02-29,2,35,3,51,4335,346.8,3988.2,2644.35,40.95,0,0,1,1,0
2804,2025-02-28,4,42,3,80,3040,0,0,1854.4,54.0,0,0,1,1,0
2805,2025-10-19,3,24,1,17,102,12.24,0.0,62.22,20.55,0,0,1,1,0
2806,2025-07-11,1,12,2,15,180,21.6,0.0,109.8,20.25,0,0,1,1,0
2807,2024-09-12,3,17,1,94,564,45.12,0.0,344.04,32.1,0,0,1,1,0
2808,2025-07-30,1,44,1,29,348,41.76,0.0,212.28,22.35,0,0,1,1,0
2809,2025-03-02,3,44,3,52,312,37.44,0.0,190.32,25.8,5.49,0,0,1,1
2810,2025-11-13,1,41,1,65,780,62.4,0.0,475.8,27.75,0,0,1,0,0
2811,2024-03-03,3,30,3,76,456,18.24,0.0,278.16,29.4,0,0,1,1,0
2812,2025-05-21,3,46,2,34,204,0,0,124.44,23.1,0,0,1,1,0
2813,2025-06-12,2,12,2,24,2040,0,0,1244.4,28.8,0,0,1,1,0
2814,2025-04-17,2,14,1,95,8075,0,0,4925.75,60.75,0,0,1,1,0
2815,2025-11-14,4,45,2,50,1900,228.0,0.0,1159.0,40.5,33.44,47.5,0,1,4
2816,2025-12-06,4,15,3,32,1216,0,0,741.76,32.4,0,0,1,1,0
2817,2025-08-21,4,17,3,79,3002,360.24,0.0,1831.22,53.55,0,0,1,1,0
2818,2025-08-10,2,23,1,55,4675,187.0,0.0,2851.75,42.75,0,0,1,1,0
2819,2024-08-19,3,29,1,76,456,54.72,0.0,278.16,29.4,8.03,54.0,0,1,4
2820,2025-02-16,4,26,3,36,1368,0,0,834.48,34.2,27.36,0,0,1,1
2821,2025-08-16,1,12,1,87,1044,0,0,636.84,31.05,0,0,1,1,0
2822,2024-03-08,3,23,2,79,474,18.96,0.0,289.14,29.85,0,0,1,1,0
2823,2024-07-23,4,25,2,79,3002,240.16,0.0,1831.22,53.55,0,0,1,1,0
2824,2024-02-16,4,6,2,58,2204,264.48,0.0,1344.44,44.1,0,0,1,1,0
2825,2025-10-22,2,44,1,76,6460,516.8,0.0,3940.6,52.2,118.86,0,0,1,1
2826,2025-12-03,2,37,2,51,4335,0,0,2644.35,40.95,0,0,1,1,0
2827,2025-09-05,2,6,3,97,8245,659.6,0.0,5029.45,61.65,151.71,59.25,0,1,4
2828,2025-09-07,4,3,1,50,1900,228.0,0.0,1159.0,40.5,0,0,1,1,0
2829,2025-03-28,1,45,1,26,312,0,0,190.32,21.9,6.24,41.5,0,1,2
2830,2024-12-20,1,39,1,98,1176,94.08,0.0,717.36,32.7,0,0,1,1,0
2831,2024-10-02,3,1,2,82,492,39.36,0.0,300.12,30.3,0,0,1,1,0
2832,2025-10-11,1,21,2,74,888,35.52,0.0,541.68,29.1,0,0,1,1,0
2833,2025-12-19,4,36,2,86,3268,0,0,1993.48,56.7,0,0,1,1,0
2834,2025-06-09,2,11,1,50,4250,340.0,0.0,2592.5,40.5,0,0,1,1,0
2835,2024-12-22,2,24,3,12,1020,40.8,0.0,622.2,23.4,19.58,0,0,1,1
2836,2025-09-03,2,39,1,80,6800,272.0,0.0,4148.0,54.0,0,0,1,1,0
2837,2024-07-18,1,47,3,100,1200,0,0,732.0,33.0,0,0,1,1,0
2838,2025-04-24,3,7,1,50,300,36.0,0.0,183.0,25.5,0,0,1,1,0
2839,2025-01-28,1,22,2,33,396,47.52,0.0,241.56,22.95,0,0,1,1,0
2840,2024-05-29,3,45,3,14,84,6.72,0.0,51.24,20.1,0,0,1,1,0
2841,2025-10-29,1,29,3,61,732,58.56,0.0,446.52,27.15,0,0,1,1,0
2842,2025-08-03,4,7,3,10,380,0,380,231.8,22.5,7.6,0,0,1,1
2843,2024-01-04,4,18,1,76,2888,115.52,0.0,1761.68,52.2,0,0,1,1,0
2844,2024-05-04,4,25,3,22,836,66.88,0.0,509.96,27.9,0,0,1,1,0
2845,2025-11-11,3,27,3,78,468,0,0,285.48,29.7,0,0,1,1,0
2846,2024-12-07,1,30,1,30,360,28.8,0.0,219.6,22.5,0,0,1,1,0
2847,2024-08-02,3,5,2,14,84,3.36,0.0,51.24,20.1,0,0,1,1,0
2848,2025-11-27,1,40,1,53,636,50.88,0.0,387.96,25.95,0,0,1,1,0
2849,2024-01-31,2,42,1,63,5355,0,0,3266.55,46.35,0,0,1,1,0
2850,2025-09-14,1,31,2,79,948,37.92,0.0,578.28,29.85,0,0,1,1,0
2851,2024-07-02,4,45,1,36,1368,54.72,0.0,834.48,34.2,0,0,1,1,0
2852,2024-02-07,4,46,1,83,3154,378.48,0.0,1923.94,55.35,0,0,1,1,0
2853,2024-02-04,3,43,2,25,150,6.0,0.0,91.5,21.75,2.88,41.25,0,1,4
2854,2024-05-24,2,23,3,24,2040,163.2,0.0,1244.4,28.8,37.54,0,0,1,1
2855,2025-09-09,4,20,3,19,722,28.88,0.0,440.42,26.55,0,0,1,1,0
2856,2025-04-11,4,27,3,53,2014,241.68,0.0,1228.54,41.85,35.45,0,0,1,1
2857,2025-11-21,2,9,2,13,1105,132.6,0.0,674.05,23.85,0,0,1,1,0
2858,2025-12-26,4,19,2,93,3534,282.72,3251.28,2155.74,59.85,0,0,1,1,0
2859,2025-10-04,1,45,2,91,1092,0,0,666.12,31.65,0,0,1,1,0
2860,2024-05-28,4,31,2,18,684,54.72,0.0,417.24,26.1,0,0,1,1,0
2861,2025-03-16,4,1,1,89,3382,405.84,0.0,2063.02,58.05,0,0,1,1,0
2862,2024-03-12,3,19,1,29,174,20.88,0.0,106.14,22.35,0,0,1,1,0
2863,2024-08-07,3,12,2,67,402,16.08,0.0,245.22,28.05,7.72,51.75,0,1,4
2864,2024-02-08,1,1,1,16,192,15.36,0.0,117.12,20.4,0,0,1,1,0
2865,2025-12-28,1,5,3,72,864,69.12,0.0,527.04,28.8,15.9,0,0,1,1
2866,2025-03-22,2,7,3,21,1785,71.4,0.0,1088.85,27.45,0,0,1,1,0
2867,2024-09-27,3,15,1,51,306,12.24,0.0,186.66,25.65,0,0,1,1,0
2868,2024-06-19,4,3,1,11,418,50.16,0.0,254.98,22.95,0,0,1,1,0
2869,2024-09-07,4,29,3,21,798,95.76,0.0,486.78,27.45,0,0,1,1,0
2870,2025-09-28,2,26,2,38,3230,387.6,0.0,1970.3,35.1,0,0,1,1,0
2871,2025-03-05,1,8,1,89,1068,128.16,0.0,651.48,31.35,0,0,1,1,0
2872,2024-09-28,3,40,2,66,396,0,0,241.56,27.9,0,0,1,1,0
2873,2025-03-11,2,38,1,92,7820,938.4,0.0,4770.2,59.4,0,0,1,1,0
2874,2025-07-16,2,23,2,67,5695,0,0,3473.95,48.15,0,0,1,0,0
2875,2024-02-16,3,4,2,46,276,33.12,0.0,168.36,24.9,0,0,1,1,0
2876,2025-08-20,1,23,2,97,1164,93.12,0.0,710.04,32.55,0,0,1,1,0
2877,2024-02-16,4,17,3,87,3306,264.48,0.0,2016.66,57.15,0,0,1,1,0
2878,2025-07-22,4,2,1,82,3116,124.64,0.0,1900.76,54.9,0,0,1,1,0
2879,2025-04-12,2,7,1,82,6970,557.6,0.0,4251.7,54.9,0,0,1,1,0
2880,2024-09-20,2,1,1,83,7055,564.4,0.0,4303.55,55.35,0,0,1,1,0
2881,2025-08-09,2,28,1,41,3485,139.4,0.0,2125.85,36.45,0,0,1,1,0
2882,2025-04-27,4,32,1,58,2204,88.16,0.0,1344.44,44.1,42.32,0,0,1,1
2883,2024-08-02,1,26,1,63,756,0,0,461.16,27.45,0,0,1,1,0
2884,2024-09-21,3,28,3,68,408,48.96,0.0,248.88,28.2,0,0,1,1,0
2885,2025-09-01,2,7,3,95,8075,646.0,0.0,4925.75,60.75,0,0,1,1,0
2886,2025-03-03,2,44,1,65,5525,221.0,0.0,3370.25,47.25,0,0,1,1,0
2887,2025-12-07,2,17,1,38,3230,0,0,1970.3,35.1,0,0,1,1,0
2888,2024-04-27,1,10,2,78,936,74.88,0.0,570.96,29.7,0,0,1,1,0
2889,2024-02-01,2,5,3,15,1275,153.0,0.0,777.75,24.75,22.44,0,0,1,1
2890,2024-11-07,1,12,1,19,228,0,0,139.08,20.85,0,0,1,1,0
2891,2025-10-08,3,39,1,87,522,41.76,0.0,318.42,31.05,0,0,1,1,0
2892,2025-01-14,4,31,3,45,1710,136.8,0.0,1043.1,38.25,0,0,1,1,0
2893,2024-07-08,4,40,2,92,3496,279.68,0.0,2132.56,59.4,0,0,1,1,0
2894,2024-07-28,4,3,3,31,1178,0,0,718.58,31.95,23.56,42.75,0,1,4
2895,2024-12-06,4,37,3,85,3230,258.4,0.0,1970.3,56.25,59.43,0,0,1,1
2896,2025-06-10,1,37,1,91,1092,87.36,0.0,666.12,31.65,0,0,1,1,0
2897,2025-11-20,3,8,3,34,204,24.48,0.0,124.44,23.1,3.59,43.5,0,1,4
2898,2024-02-09,2,29,1,92,7820,938.4,0.0,4770.2,59.4,0,0,1,1,0
2899,2025-03-15,4,15,3,78,2964,118.56,2845.44,1808.04,53.1,0,0,1,1,0
2900,2024-06-30,2,2,3,55,4675,374.0,0.0,2851.75,42.75,0,0,1,1,0
2901,2024-07-18,2,41,1,86,7310,292.4,0.0,4459.1,56.7,0,0,1,1,0
2902,2025-03-18,1,25,2,96,1152,0,0,702.72,32.4,0,0,1,1,0
2903,2024-08-28,1,32,2,66,792,31.68,0.0,483.12,27.9,0,0,1,1,0
2904,2025-06-21,2,33,2,47,3995,319.6,0.0,2436.95,39.15,0,0,1,1,0
2905,2024-12-20,1,27,1,66,792,0,0,483.12,27.9,0,0,1,1,0
2906,2024-10-19,3,21,2,88,528,0,0,322.08,31.2,10.56,0,0,1,1
2907,2025-01-07,2,20,3,24,2040,81.6,0.0,1244.4,28.8,0,0,1,1,0
2908,2024-08-05,1,5,1,32,384,15.36,0.0,234.24,22.8,0,0,1,1,0
2909,2024-10-20,1,44,2,87,1044,41.76,0.0,636.84,31.05,0,0,1,1,0
2910,2025-04-09,1,17,3,49,588,47.04,540.96,358.68,25.35,10.82,47.25,0,1,4
2911,2024-05-08,3,48,3,88,528,42.24,0.0,322.08,31.2,0,0,1,1,0
2912,2025-09-26,4,36,3,96,3648,0,0,2225.28,61.2,0,0,1,1,0
2913,2024-07-10,1,25,1,37,444,35.52,0.0,270.84,23.55,0,0,1,1,0
2914,2024-02-27,2,5,1,58,4930,394.4,0.0,3007.3,44.1,90.71,49.5,0,1,2
2915,2025-05-17,3,30,3,52,312,24.96,0.0,190.32,25.8,5.74,48.0,0,1,4
2916,2024-02-26,1,41,3,35,420,33.6,0.0,256.2,23.25,0,0,1,1,0
2917,2024-06-15,4,13,2,70,2660,212.8,0.0,1622.6,49.5,0,0,1,1,0
2918,2024-06-06,3,8,3,20,120,9.6,0.0,73.2,21.0,2.21,40.0,0,1,2
2919,2024-08-20,2,28,2,48,4080,326.4,0.0,2488.8,39.6,0,0,1,1,0
2920,2025-07-19,1,12,1,41,492,19.68,0.0,300.12,24.15,9.45,0,0,1,1
2921,2024-05-13,3,25,1,30,180,0,0,109.8,22.5,0,0,1,1,0
2922,2024-12-22,3,16,2,62,372,44.64,0.0,226.92,27.3,0,0,1,1,0
2923,2024-12-19,3,5,1,18,108,12.96,0.0,65.88,20.7,0,0,1,1,0
2924,2025-11-08,1,41,1,36,432,34.56,0.0,263.52,23.4,0,0,1,1,0
2925,2025-09-08,3,26,3,38,228,9.12,0.0,139.08,23.7,0,0,1,1,0
2926,2025-03-30,1,41,1,49,588,23.52,0.0,358.68,25.35,11.29,47.25,0,1,2
2927,2024-05-24,3,38,3,26,156,18.72,0.0,95.16,21.9,0,0,1,1,0
2928,2025-05-30,4,16,1,79,3002,0,0,1831.22,53.55,60.04,0,0,1,1
2929,2024-08-29,2,42,3,36,3060,0,0,1866.6,34.2,0,0,1,0,0
2930,2025-02-06,1,38,3,15,180,0,0,109.8,20.25,3.6,38.75,0,1,2
2931,2024-11-24,4,24,1,93,3534,0,0,2155.74,59.85,0,0,1,1,0
2932,2024-02-19,4,46,2,14,532,21.28,0.0,324.52,24.3,0,0,1,1,0
2933,2024-04-14,1,9,1,67,804,96.48,0.0,490.44,28.05,0,0,1,1,0
2934,2024-08-21,4,48,2,13,494,19.76,0.0,301.34,23.85,9.48,38.25,0,1,4
2935,2024-04-25,2,37,3,59,5015,601.8,0.0,3059.15,44.55,0,0,1,1,0
2936,2024-07-19,1,23,1,12,144,5.76,0.0,87.84,19.8,0,0,1,1,0
2937,2025-10-02,1,45,3,75,900,72.0,0.0,549.0,29.25,16.56,0,0,0,1
2938,2024-07-19,4,37,3,89,3382,135.28,0.0,2063.02,58.05,64.93,57.25,0,1,4
2939,2024-03-27,4,40,2,20,760,0,0,463.6,27.0,15.2,0,0,1,1
2940,2024-09-16,2,32,2,93,7905,948.6,0.0,4822.05,59.85,0,0,1,1,0
2941,2025-11-25,4,13,2,59,2242,89.68,0.0,1367.62,44.55,0,0,1,1,0
2942,2025-12-25,3,36,1,90,540,64.8,0.0,329.4,31.5,0,0,1,1,0
2943,2025-07-28,3,42,3,49,294,11.76,0.0,179.34,25.35,0,0,1,1,0
2944,2024-03-12,2,8,2,79,6715,0,0,4096.15,53.55,0,0,1,1,0
2945,2024-11-25,2,11,2,53,4505,540.6,3964.4,2748.05,41.85,79.29,0,0,1,1
2946,2025-06-07,3,19,1,28,168,0,0,102.48,22.2,0,0,1,1,0
2947,2024-03-11,1,11,2,28,336,13.44,0.0,204.96,22.2,0,0,1,1,0
2948,2025-04-16,1,9,2,92,1104,44.16,0.0,673.44,31.8,0,0,1,1,0
2949,2025-07-12,2,34,1,64,5440,435.2,0.0,3318.4,46.8,100.1,51.0,0,1,2
2950,2024-09-15,4,4,2,82,3116,0,0,1900.76,54.9,0,0,1,1,0
2951,2024-09-19,3,31,1,54,324,25.92,0.0,197.64,26.1,0,0,1,1,0
2952,2025-07-28,4,1,1,60,2280,273.6,0.0,1390.8,45.0,40.13,0,0,1,1
2953,2025-06-07,1,38,3,53,636,50.88,0.0,387.96,25.95,0,0,1,1,0
2954,2024-11-09,3,36,2,36,216,17.28,0.0,131.76,23.4,0,0,1,1,0
2955,2024-07-15,1,17,2,21,252,20.16,0.0,153.72,21.15,0,0,1,1,0
2956,2025-11-28,2,47,3,40,3400,136.0,0.0,2074.0,36.0,0,0,1,1,0
2957,2024-02-10,3,29,3,37,222,0,0,135.42,23.55,0,0,1,1,0
2958,2025-07-21,4,38,3,71,2698,215.84,0.0,1645.78,49.95,0,0,1,1,0
2959,2024-10-28,1,35,2,96,1152,138.24,0.0,702.72,32.4,0,0,1,1,0
2960,2024-03-09,2,42,2,63,5355,428.4,0.0,3266.55,46.35,0,0,1,1,0
2961,2025-12-18,4,2,2,45,1710,68.4,0.0,1043.1,38.25,0,0,1,0,0
2962,2025-10-19,1,34,3,73,876,105.12,0.0,534.36,28.95,15.42,0,0,1,1
2963,2025-11-28,3,23,2,53,318,0,0,193.98,25.95,0,0,1,1,0
2964,2024-11-02,3,16,2,91,546,21.84,0.0,333.06,31.65,10.48,57.75,0,1,4
2965,2025-03-03,2,5,3,57,4845,193.8,0.0,2955.45,43.65,0,0,1,1,0
2966,2024-11-20,3,5,2,89,534,64.08,0.0,325.74,31.35,0,0,1,1,0
2967,2025-01-20,3,2,3,53,318,25.44,0.0,193.98,25.95,5.85,0,0,1,1
2968,2024-05-13,2,28,2,23,1955,78.2,0.0,1192.55,28.35,0,0,1,1,0
2969,2025-07-09,1,1,3,87,1044,41.76,0.0,636.84,31.05,0,0,1,1,0
2970,2025-02-11,4,10,1,84,3192,127.68,0.0,1947.12,55.8,0,0,1,1,0
2971,2024-05-27,1,23,2,79,948,113.76,0.0,578.28,29.85,0,0,1,1,0
2972,2025-01-19,4,28,2,69,2622,314.64,0.0,1599.42,49.05,0,0,1,1,0
2973,2024-11-01,4,34,1,62,2356,0,0,1437.16,45.9,0,0,1,1,0
2974,2025-06-26,2,26,1,92,7820,312.8,0.0,4770.2,59.4,0,0,1,1,0
2975,2025-12-25,4,6,2,89,3382,405.84,0.0,2063.02,58.05,59.52,57.25,0,1,4
2976,2024-02-08,4,35,1,24,912,36.48,0.0,556.32,28.8,0,0,1,1,0
2977,2024-12-09,2,17,1,75,6375,510.0,0.0,3888.75,51.75,0,0,1,1,0
2978,2024-08-22,4,5,2,49,1862,223.44,0.0,1135.82,40.05,0,0,1,1,0
2979,2024-12-06,2,34,1,41,3485,0,0,2125.85,36.45,0,0,1,1,0
2980,2025-08-10,3,19,3,58,348,13.92,0.0,212.28,26.7,6.68,0,0,1,1
2981,2024-04-11,2,10,2,17,1445,173.4,0.0,881.45,25.65,0,0,1,1,0
2982,2024-04-20,3,5,1,26,156,6.24,0.0,95.16,21.9,3.0,0,0,1,1
2983,2025-11-20,2,43,1,72,6120,0,0,3733.2,50.4,0,0,1,1,0
2984,2024-04-01,3,18,1,14,84,6.72,0.0,51.24,20.1,0,0,1,1,0
2985,2025-09-03,4,5,2,59,2242,179.36,0.0,1367.62,44.55,41.25,0,0,1,1
2986,2024-05-18,3,7,1,24,144,17.28,0.0,87.84,21.6,0,0,1,1,0
2987,2024-10-19,1,40,1,69,828,0,0,505.08,28.35,0,0,1,1,0
2988,2025-11-09,2,9,1,99,8415,1009.8,0.0,5133.15,62.55,0,0,1,1,0
2989,2024-08-11,1,33,1,73,876,0,0,534.36,28.95,0,0,1,1,0
2990,2024-01-04,1,46,1,54,648,25.92,0.0,395.28,26.1,0,0,1,1,0
2991,2024-06-01,3,2,3,47,282,33.84,0.0,172.02,25.05,4.96,46.75,0,1,4
2992,2025-02-22,3,30,2,63,378,30.24,0.0,230.58,27.45,0,0,1,1,0
2993,2024-04-28,4,6,1,47,1786,0,0,1089.46,39.15,35.72,46.75,0,1,4
2994,2025-04-10,1,29,1,94,1128,135.36,0.0,688.08,32.1,0,0,1,1,0
2995,2025-08-15,4,37,1,81,3078,369.36,0.0,1877.58,54.45,0,0,1,1,0
2996,2024-06-08,1,4,2,95,1140,91.2,0.0,695.4,32.25,0,0,1,1,0
2997,2024-09-19,1,17,2,97,1164,46.56,0.0,710.04,32.55,0,0,1,1,0
2998,2025-02-17,4,12,3,65,2470,0,0,1506.7,47.25,49.4,51.25,0,1,4
2999,2025-02-04,3,45,2,51,306,12.24,0.0,186.66,25.65,0,0,1,1,0
3000,2024-08-23,4,47,3,41,1558,124.64,0.0,950.38,36.45,28.67,0,0,1,1
3001,2025-02-01,4,3,2,80,3040,121.6,0.0,1854.4,54.0,0,0,1,0,0
3002,2025-03-02,2,41,1,57,4845,193.8,0.0,2955.45,43.65,93.02,0,0,0,1
3003,2024-04-03,2,31,3,82,6970,0,0,4251.7,54.9,0,0,1,1,0
3004,2025-10-28,4,23,1,89,3382,135.28,0.0,2063.02,58.05,0,0,1,1,0
3005,2024-12-21,3,38,2,46,276,22.08,0.0,168.36,24.9,0,0,1,1,0
3006,2025-10-18,2,43,2,28,2380,285.6,0.0,1451.8,30.6,0,0,1,1,0
3007,2025-03-23,4,6,2,73,2774,332.88,0.0,1692.14,50.85,0,0,1,1,0
3008,2024-05-06,4,40,2,44,1672,66.88,0.0,1019.92,37.8,0,0,1,1,0
3009,2024-05-11,3,1,1,81,486,38.88,0.0,296.46,30.15,0,0,1,1,0
3010,2025-04-13,1,6,1,92,1104,44.16,0.0,673.44,31.8,0,0,1,1,0
3011,2025-07-12,3,27,3,86,516,20.64,0.0,314.76,30.9,9.91,0,0,1,1
3012,2025-11-04,2,42,1,33,2805,336.6,0.0,1711.05,32.85,0,0,1,1,0
3013,2025-08-03,3,24,2,51,306,12.24,0.0,186.66,25.65,0,0,1,1,0
3014,2025-03-07,2,13,3,79,6715,805.8,0.0,4096.15,53.55,118.18,0,0,1,1
3015,2024-12-07,3,33,3,41,246,9.84,0.0,150.06,24.15,0,0,1,1,0
3016,2024-09-10,2,40,2,14,1190,0,0,725.9,24.3,0,0,1,1,0
3017,2025-09-06,3,10,1,41,246,19.68,0.0,150.06,24.15,0,0,1,1,0
3018,2024-09-09,3,36,1,37,222,17.76,0.0,135.42,23.55,0,0,1,1,0
3019,2024-11-10,2,29,3,61,5185,414.8,0.0,3162.85,45.45,95.4,50.25,0,1,2
3020,2025-06-30,4,10,1,24,912,109.44,0.0,556.32,28.8,16.05,0,0,1,1
3021,2025-04-17,3,2,2,82,492,0,0,300.12,30.3,0,0,1,1,0
3022,2025-08-27,3,41,3,71,426,0,0,259.86,28.65,0,0,1,1,0
3023,2024-06-03,2,21,2,13,1105,88.4,0.0,674.05,23.85,20.33,0,0,1,1
3024,2024-05-23,3,27,1,92,552,66.24,0.0,336.72,31.8,9.72,58.0,0,1,2
3025,2024-06-16,3,32,1,10,60,2.4,0.0,36.6,19.5,0,0,1,1,0
3026,2024-08-20,4,38,3,85,3230,129.2,0.0,1970.3,56.25,62.02,56.25,0,1,4
3027,2025-09-08,1,19,1,83,996,0,0,607.56,30.45,0,0,1,1,0
3028,2024-04-01,1,29,1,81,972,38.88,0.0,592.92,30.15,18.66,0,0,1,1
3029,2024-12-06,4,27,2,89,3382,270.56,0.0,2063.02,58.05,0,0,1,1,0
3030,2025-08-08,3,25,1,17,102,0,0,62.22,20.55,0,0,1,1,0
3031,2024-09-18,1,36,1,41,492,39.36,0.0,300.12,24.15,0,0,1,1,0
3032,2024-02-28,4,37,3,85,3230,387.6,0.0,1970.3,56.25,56.85,0,0,1,1
3033,2025-02-11,3,21,1,40,240,28.8,0.0,146.4,24.0,0,0,1,1,0
3034,2024-10-27,4,48,3,38,1444,115.52,0.0,880.84,35.1,0,0,1,1,0
3035,2025-08-28,1,31,3,15,180,0,0,109.8,20.25,0,0,1,1,0
3036,2024-08-01,4,38,3,93,3534,424.08,0.0,2155.74,59.85,62.2,58.25,0,1,2
3037,2024-04-10,1,14,2,74,888,35.52,0.0,541.68,29.1,17.05,53.5,0,1,2
3038,2025-08-28,3,38,3,69,414,0,0,252.54,28.35,0,0,1,1,0
3039,2025-06-07,4,21,3,72,2736,109.44,0.0,1668.96,50.4,52.53,0,0,1,1
3040,2024-09-23,1,11,1,40,480,0,0,292.8,24.0,0,0,1,1,0
3041,2025-08-06,2,23,1,39,3315,397.8,0.0,2022.15,35.55,58.34,0,0,1,1
3042,2024-01-09,3,44,1,41,246,29.52,0.0,150.06,24.15,0,0,1,1,0
3043,2025-08-18,2,41,2,51,4335,520.2,0.0,2644.35,40.95,0,0,1,1,0
3044,2025-01-24,3,27,1,16,96,11.52,0.0,58.56,20.4,1.69,39.0,0,1,2
3045,2025-07-09,3,28,3,28,168,20.16,0.0,102.48,22.2,0,0,1,1,0
3046,2024-01-26,3,6,1,28,168,6.72,0.0,102.48,22.2,0,0,1,1,0
3047,2025-08-11,2,20,3,13,1105,0,0,674.05,23.85,0,0,1,1,0
3048,2024-12-30,2,20,2,85,7225,578.0,0.0,4407.25,56.25,132.94,0,0,1,1
3049,2024-01-16,4,34,3,22,836,100.32,0.0,509.96,27.9,0,0,1,1,0
3050,2025-03-12,3,3,2,80,480,19.2,0.0,292.8,30.0,0,0,1,1,0
3051,2025-11-02,2,14,2,39,3315,265.2,0.0,2022.15,35.55,61.0,44.75,0,1,2
3052,2025-09-22,1,2,2,69,828,33.12,0.0,505.08,28.35,15.9,0,0,1,1
3053,2025-02-06,3,11,1,33,198,7.92,0.0,120.78,22.95,0,0,1,1,0
3054,2024-04-08,4,30,3,79,3002,0,0,1831.22,53.55,60.04,0,0,1,1
3055,2024-07-25,4,11,2,57,2166,86.64,0.0,1321.26,43.65,0,0,1,1,0
3056,2025-09-27,2,5,2,32,2720,217.6,0.0,1659.2,32.4,0,0,1,1,0
3057,2024-06-02,2,1,1,96,8160,0,0,4977.6,61.2,0,0,1,1,0
3058,2024-11-21,4,31,1,38,1444,173.28,0.0,880.84,35.1,0,0,1,1,0
3059,2025-04-29,2,15,2,62,5270,0,0,3214.7,45.9,0,0,1,1,0
3060,2024-07-16,4,39,1,56,2128,255.36,0.0,1298.08,43.2,0,0,1,1,0
3061,2024-08-15,1,12,2,53,636,76.32,0.0,387.96,25.95,0,0,1,1,0
3062,2024-09-03,1,21,1,37,444,17.76,0.0,270.84,23.55,0,0,1,1,0
3063,2024-06-27,1,33,3,99,1188,47.52,0.0,724.68,32.85,22.81,59.75,0,1,4
3064,2024-05-01,1,37,3,64,768,61.44,0.0,468.48,27.6,14.13,51.0,0,1,4
3065,2024-02-03,2,5,3,10,850,0,850,518.5,22.5,0,0,1,1,0
3066,2024-01-24,1,29,2,99,1188,95.04,0.0,724.68,32.85,0,0,1,1,0
3067,2024-08-12,1,15,2,82,984,118.08,0.0,600.24,30.3,17.32,0,0,1,1
3068,2024-01-12,1,43,2,58,696,83.52,0.0,424.56,26.7,0,0,1,0,0
3069,2024-03-05,3,19,1,62,372,14.88,0.0,226.92,27.3,0,0,1,1,0
3070,2025-04-01,1,1,2,31,372,44.64,0.0,226.92,22.65,0,0,1,1,0
3071,2025-01-17,3,4,3,29,174,0,0,106.14,22.35,0,0,1,1,0
3072,2025-03-20,2,35,3,69,5865,0,0,3577.65,49.05,0,0,1,1,0
3073,2025-07-25,2,35,2,23,1955,78.2,0.0,1192.55,28.35,0,0,1,1,0
3074,2025-01-28,4,9,2,44,1672,66.88,0.0,1019.92,37.8,0,0,1,1,0
3075,2024-05-03,2,24,3,45,3825,0,0,2333.25,38.25,76.5,46.25,0,1,2
3076,2025-03-22,4,22,2,19,722,57.76,0.0,440.42,26.55,13.28,0,0,1,1
3077,2024-06-27,3,12,3,99,594,47.52,0.0,362.34,32.85,0,0,1,1,0
3078,2024-01-23,4,1,1,73,2774,110.96,0.0,1692.14,50.85,53.26,0,0,1,1
3079,2024-03-31,2,35,2,93,7905,316.2,0.0,4822.05,59.85,0,0,1,1,0
3080,2025-10-14,3,37,3,61,366,0,0,223.26,27.15,7.32,50.25,0,1,4
3081,2024-12-07,2,15,2,63,5355,428.4,0.0,3266.55,46.35,0,0,1,1,0
3082,2024-02-27,2,31,1,34,2890,231.2,0.0,1762.9,33.3,0,0,1,1,0
3083,2025-12-22,4,18,3,24,912,72.96,0.0,556.32,28.8,16.78,41.0,0,1,4
3084,2025-10-09,4,22,2,71,2698,323.76,0.0,1645.78,49.95,0,0,1,1,0
3085,2024-12-18,1,18,2,66,792,95.04,0.0,483.12,27.9,0,0,1,1,0
3086,2025-12-08,3,46,2,49,294,23.52,0.0,179.34,25.35,0,0,1,1,0
3087,2025-06-02,1,26,3,36,432,0,0,263.52,23.4,0,0,1,1,0
3088,2024-11-01,4,47,2,89,3382,270.56,0.0,2063.02,58.05,0,0,1,1,0
3089,2024-07-15,4,2,3,42,1596,191.52,0.0,973.56,36.9,28.09,0,0,1,1
3090,2025-06-13,3,35,3,25,150,12.0,0.0,91.5,21.75,0,0,1,1,0
3091,2024-09-29,3,26,3,57,342,27.36,0.0,208.62,26.55,6.29,0,0,1,1
3092,2024-10-25,2,21,3,26,2210,176.8,0.0,1348.1,29.7,0,0,1,1,0
3093,2024-08-25,2,33,2,51,4335,173.4,0.0,2644.35,40.95,0,0,1,1,0
3094,2025-03-03,4,41,2,49,1862,74.48,0.0,1135.82,40.05,0,0,1,1,0
3095,2024-10-06,1,36,1,31,372,29.76,0.0,226.92,22.65,6.84,42.75,0,1,2
3096,2025-07-10,1,29,3,15,180,7.2,0.0,109.8,20.25,3.46,0,0,1,1
3097,2025-06-09,3,9,2,38,228,27.36,0.0,139.08,23.7,0,0,1,1,0
3098,2025-02-16,3,6,1,39,234,28.08,0.0,142.74,23.85,4.12,44.75,0,1,2
3099,2025-03-07,4,40,1,95,3610,433.2,0.0,2202.1,60.75,0,0,1,1,0
3100,2024-04-07,1,6,2,63,756,90.72,0.0,461.16,27.45,0,0,1,1,0
3101,2025-04-09,1,11,2,73,876,0,0,534.36,28.95,0,0,1,1,0
3102,2024-09-21,4,23,1,62,2356,188.48,0.0,1437.16,45.9,0,0,1,1,0
3103,2024-02-04,3,7,1,27,162,0,0,98.82,22.05,0,0,1,1,0
3104,2024-04-30,3,8,1,63,378,15.12,0.0,230.58,27.45,7.26,0,0,1,1
3105,2025-08-25,4,15,3,33,1254,150.48,0.0,764.94,32.85,22.07,43.25,0,1,2
3106,2025-07-05,4,28,2,93,3534,282.72,0.0,2155.74,59.85,0,0,1,1,0
3107,2025-08-21,4,10,2,13,494,59.28,0.0,301.34,23.85,0,0,1,1,0
3108,2024-08-07,4,38,3,46,1748,69.92,0.0,1066.28,38.7,0,0,1,1,0
3109,2025-10-01,3,48,2,17,102,12.24,0.0,62.22,20.55,0,0,1,1,0
3110,2024-08-13,4,25,2,51,1938,232.56,0.0,1182.18,40.95,0,0,1,1,0
3111,2025-10-10,4,31,2,18,684,82.08,0.0,417.24,26.1,0,0,1,1,0
3112,2024-03-09,2,34,1,94,7990,319.6,0.0,4873.9,60.3,0,0,1,1,0
3113,2025-05-07,1,23,2,44,528,0,0,322.08,24.6,10.56,46.0,0,1,4
3114,2025-04-07,1,43,1,68,816,65.28,0.0,497.76,28.2,0,0,1,1,0
3115,2025-02-18,2,29,3,70,5950,476.0,0.0,3629.5,49.5,109.48,0,0,1,1
3116,2025-09-16,1,27,2,84,1008,80.64,0.0,614.88,30.6,0,0,1,0,0
3117,2024-09-04,1,2,2,13,156,12.48,0.0,95.16,19.95,0,0,1,1,0
3118,2025-02-24,3,9,2,90,540,64.8,0.0,329.4,31.5,9.5,57.5,0,1,2
3119,2024-02-20,3,25,1,68,408,0,0,248.88,28.2,0,0,1,1,0
3120,2024-09-21,4,12,2,26,988,39.52,0.0,602.68,29.7,0,0,1,1,0
3121,2024-11-20,2,25,2,29,2465,295.8,0.0,1503.65,31.05,0,0,1,1,0
3122,2024-04-12,4,37,3,51,1938,232.56,0.0,1182.18,40.95,34.11,0,0,1,1
3123,2025-10-28,3,44,3,43,258,20.64,0.0,157.38,24.45,4.75,0,0,1,1
3124,2024-05-01,3,29,1,27,162,6.48,0.0,98.82,22.05,0,0,1,1,0
3125,2024-10-17,1,13,1,55,660,52.8,0.0,402.6,26.25,0,0,1,1,0
3126,2024-02-28,4,28,3,87,3306,264.48,0.0,2016.66,57.15,0,0,1,1,0
3127,2025-12-10,1,29,2,95,1140,0,0,695.4,32.25,0,0,1,1,0
3128,2024-09-25,4,24,1,58,2204,264.48,0.0,1344.44,44.1,38.79,49.5,0,1,2
3129,2025-08-15,4,47,1,100,3800,152.0,0.0,2318.0,63.0,0,0,1,1,0
3130,2024-11-13,4,5,2,42,1596,127.68,0.0,973.56,36.9,0,0,1,1,0
3131,2025-06-18,2,3,1,11,935,0,0,570.35,22.95,18.7,0,0,1,1
3132,2024-11-15,1,41,2,62,744,0,0,453.84,27.3,14.88,50.5,0,1,4
3133,2024-03-16,1,5,2,58,696,55.68,0.0,424.56,26.7,12.81,0,0,1,1
3134,2025-01-05,4,35,2,93,3534,141.36,0.0,2155.74,59.85,0,0,1,1,0
3135,2024-10-15,3,43,2,38,228,27.36,0.0,139.08,23.7,0,0,1,1,0
3136,2025-01-20,3,20,2,28,168,6.72,0.0,102.48,22.2,0,0,1,1,0
3137,2025-06-22,2,39,1,45,3825,153.0,0.0,2333.25,38.25,0,0,1,1,0
3138,2024-08-21,2,42,1,95,8075,0,0,4925.75,60.75,161.5,58.75,0,1,2
3139,2025-10-18,1,34,3,88,1056,126.72,0.0,644.16,31.2,0,0,1,0,0
3140,2024-10-13,1,8,3,29,348,41.76,0.0,212.28,22.35,0,0,1,1,0
3141,2025-12-08,4,2,1,44,1672,200.64,0.0,1019.92,37.8,29.43,46.0,0,1,2
3142,2024-02-15,1,46,2,50,600,72.0,0.0,366.0,25.5,10.56,0,0,1,1
3143,2024-07-02,1,26,1,45,540,64.8,0.0,329.4,24.75,0,0,1,1,0
3144,2025-05-21,2,43,2,28,2380,285.6,0.0,1451.8,30.6,0,0,1,1,0
3145,2024-11-09,4,18,3,29,1102,88.16,0.0,672.22,31.05,0,0,1,1,0
3146,2025-12-28,1,15,3,35,420,0,0,256.2,23.25,8.4,0,0,1,1
3147,2024-11-13,2,27,3,45,3825,0,0,2333.25,38.25,76.5,46.25,0,1,2
3148,2025-02-17,3,10,2,21,126,10.08,0.0,76.86,21.15,0,0,1,1,0
3149,2024-04-23,4,18,3,30,1140,91.2,0.0,695.4,31.5,0,0,1,1,0
3150,2025-03-13,4,19,3,20,760,30.4,0.0,463.6,27.0,0,0,1,1,0
3151,2025-02-26,1,11,1,25,300,36.0,0.0,183.0,21.75,5.28,41.25,0,1,2
3152,2025-10-21,2,23,2,83,7055,564.4,0.0,4303.55,55.35,129.81,55.75,0,1,4
3153,2024-02-24,2,38,3,21,1785,142.8,0.0,1088.85,27.45,32.84,0,0,1,1
3154,2025-11-21,4,40,1,14,532,63.84,468.16,324.52,24.3,9.36,38.5,0,1,2
3155,2025-08-05,4,2,3,47,1786,214.32,0.0,1089.46,39.15,0,0,1,1,0
3156,2025-08-10,3,20,1,58,348,27.84,0.0,212.28,26.7,0,0,1,1,0
3157,2024-01-09,2,40,2,82,6970,836.4,0.0,4251.7,54.9,122.67,55.5,0,1,2
3158,2025-03-22,1,33,1,47,564,22.56,0.0,344.04,25.05,0,0,1,1,0
3159,2025-10-29,4,8,2,57,2166,173.28,0.0,1321.26,43.65,0,0,1,1,0
3160,2025-04-18,4,40,1,42,1596,63.84,0.0,973.56,36.9,30.64,45.5,0,1,2
3161,2024-11-25,2,25,2,73,6205,0,0,3785.05,50.85,0,0,1,1,0
3162,2025-07-04,3,15,3,16,96,3.84,0.0,58.56,20.4,1.84,0,0,1,1
3163,2024-12-12,1,9,1,66,792,63.36,0.0,483.12,27.9,0,0,1,1,0
3164,2025-08-09,3,40,1,91,546,43.68,0.0,333.06,31.65,0,0,1,1,0
3165,2024-07-09,2,25,3,44,3740,149.6,3590.4,2281.4,37.8,0,0,1,1,0
3166,2024-12-09,3,17,2,69,414,0,0,252.54,28.35,0,0,1,1,0
3167,2024-09-06,3,21,3,43,258,20.64,0.0,157.38,24.45,0,0,1,1,0
3168,2025-05-14,1,34,3,28,336,0,0,204.96,22.2,0,0,1,1,0
3169,2025-10-12,1,21,1,13,156,0,0,95.16,19.95,0,0,1,1,0
3170,2024-05-30,2,23,1,91,7735,618.8,0.0,4718.35,58.95,142.32,57.75,0,1,4
3171,2024-01-27,1,40,1,36,432,34.56,0.0,263.52,23.4,0,0,1,1,0
3172,2024-03-17,4,28,3,94,3572,428.64,0.0,2178.92,60.3,0,0,1,1,0
3173,2024-12-11,4,28,3,13,494,39.52,0.0,301.34,23.85,0,0,1,1,0
3174,2024-01-17,1,19,2,100,1200,144.0,0.0,732.0,33.0,0,0,1,1,0
3175,2024-09-09,4,43,2,74,2812,224.96,0.0,1715.32,51.3,0,0,1,1,0
3176,2025-12-18,2,23,1,35,2975,0,0,1814.75,33.75,0,0,1,1,0
3177,2024-01-31,1,30,2,93,1116,89.28,0.0,680.76,31.95,0,0,1,1,0
3178,2024-04-12,4,11,1,78,2964,355.68,0.0,1808.04,53.1,0,0,1,1,0
3179,2025-01-20,4,41,1,57,2166,173.28,0.0,1321.26,43.65,0,0,1,1,0
3180,2025-12-25,2,45,2,40,3400,408.0,0.0,2074.0,36.0,0,0,1,1,0
3181,2025-11-19,4,42,3,83,3154,252.32,0.0,1923.94,55.35,0,0,1,1,0
3182,2025-02-18,3,24,2,24,144,5.76,0.0,87.84,21.6,0,0,1,1,0
3183,2025-03-03,4,45,2,92,3496,279.68,0.0,2132.56,59.4,0,0,1,1,0
3184,2025-08-24,3,48,1,22,132,10.56,0.0,80.52,21.3,0,0,1,1,0
3185,2025-10-23,4,34,1,46,1748,0,0,1066.28,38.7,0,0,1,1,0
3186,2024-02-10,4,3,3,80,3040,364.8,2675.2,1854.4,54.0,0,0,1,1,0
3187,2024-01-11,2,22,3,83,7055,564.4,0.0,4303.55,55.35,129.81,55.75,0,1,2
3188,2025-12-03,3,21,1,12,72,8.64,0.0,43.92,19.8,1.27,0,0,1,1
3189,2025-07-21,1,36,3,15,180,0,0,109.8,20.25,0,0,1,1,0
3190,2025-01-31,3,42,2,36,216,17.28,0.0,131.76,23.4,0,0,1,1,0
3191,2024-01-29,1,32,1,20,240,9.6,0.0,146.4,21.0,0,0,1,1,0
3192,2025-12-06,3,34,3,10,60,0,0,36.6,19.5,0,0,1,1,0
3193,2025-04-11,4,48,1,95,3610,0,0,2202.1,60.75,0,0,1,1,0
3194,2025-04-23,4,13,2,21,798,31.92,0.0,486.78,27.45,0,0,1,1,0
3195,2024-02-10,4,20,1,68,2584,310.08,0.0,1576.24,48.6,0,0,1,1,0
3196,2025-01-13,4,44,2,88,3344,401.28,0.0,2039.84,57.6,0,0,1,0,0
3197,2025-09-27,1,48,3,71,852,34.08,0.0,519.72,28.65,16.36,52.75,0,1,4
3198,2025-06-28,2,9,1,92,7820,625.6,0.0,4770.2,59.4,0,0,1,1,0
3199,2025-02-08,1,8,1,72,864,0,0,527.04,28.8,17.28,53.0,0,1,2
3200,2024-09-25,3,2,1,100,600,48.0,0.0,366.0,33.0,0,0,1,1,0
3201,2025-09-25,2,9,3,21,1785,0,0,1088.85,27.45,0,0,1,1,0
3202,2024-07-18,1,34,2,90,1080,86.4,0.0,658.8,31.5,0,0,1,1,0
3203,2024-06-08,4,46,1,24,912,72.96,839.04,556.32,28.8,0,0,1,1,0
3204,2024-07-11,1,14,3,32,384,15.36,0.0,234.24,22.8,0,0,1,1,0
3205,2025-06-12,4,42,2,59,2242,269.04,1972.96,1367.62,44.55,39.46,0,0,1,1
3206,2024-10-02,2,8,1,80,6800,0,0,4148.0,54.0,0,0,1,1,0
3207,2025-02-03,1,10,2,70,840,0,0,512.4,28.5,0,0,1,1,0
3208,2025-09-17,1,1,2,78,936,0,0,570.96,29.7,0,0,1,1,0
3209,2025-11-23,2,35,3,49,4165,0,0,2540.65,40.05,0,0,1,1,0
3210,2025-09-30,4,48,1,78,2964,237.12,0.0,1808.04,53.1,0,0,1,0,0
3211,2025-08-18,3,45,2,85,510,61.2,0.0,311.1,30.75,8.98,56.25,0,0,2
3212,2024-03-23,2,27,3,57,4845,387.6,0.0,2955.45,43.65,89.15,49.25,0,1,4
3213,2025-10-09,1,4,2,44,528,21.12,0.0,322.08,24.6,10.14,46.0,0,1,4
3214,2024-10-02,4,20,3,46,1748,209.76,0.0,1066.28,38.7,30.76,46.5,0,1,4
3215,2025-02-06,3,27,3,43,258,0,0,157.38,24.45,5.16,45.75,0,1,4
3216,2025-02-06,3,23,1,71,426,17.04,0.0,259.86,28.65,0,0,1,1,0
3217,2025-09-29,1,40,1,93,1116,133.92,0.0,680.76,31.95,0,0,1,1,0
3218,2025-09-11,3,12,3,22,132,10.56,0.0,80.52,21.3,0,0,1,1,0
3219,2025-11-29,3,16,1,78,468,37.44,0.0,285.48,29.7,0,0,1,1,0
3220,2024-12-16,3,15,2,99,594,0,0,362.34,32.85,0,0,1,1,0
3221,2024-10-06,4,3,2,61,2318,278.16,0.0,1413.98,45.45,0,0,1,1,0
3222,2024-04-15,4,10,2,63,2394,95.76,0.0,1460.34,46.35,0,0,1,1,0
3223,2025-08-01,4,36,2,63,2394,191.52,0.0,1460.34,46.35,44.05,0,0,0,1
3224,2025-03-12,1,43,3,88,1056,126.72,0.0,644.16,31.2,18.59,57.0,0,1,2
3225,2024-07-08,2,30,2,25,2125,255.0,0.0,1296.25,29.25,0,0,1,1,0
3226,2025-11-01,2,5,1,41,3485,278.8,0.0,2125.85,36.45,64.12,0,0,1,1
3227,2024-02-25,3,32,3,10,60,4.8,0.0,36.6,19.5,0,0,1,1,0
3228,2024-07-11,4,7,2,72,2736,0,0,1668.96,50.4,0,0,1,1,0
3229,2025-10-27,4,40,1,97,3686,0,0,2248.46,61.65,73.72,0,0,1,1
3230,2025-05-29,3,29,2,38,228,18.24,0.0,139.08,23.7,0,0,1,1,0
3231,2025-07-27,3,1,2,53,318,0,0,193.98,25.95,6.36,48.25,0,1,2
3232,2025-06-14,2,35,3,33,2805,224.4,0.0,1711.05,32.85,0,0,1,1,0
3233,2025-08-28,1,13,3,36,432,0,0,263.52,23.4,0,0,1,1,0
3234,2024-06-01,3,24,1,57,342,0,0,208.62,26.55,6.84,49.25,0,1,2
3235,2025-05-05,1,36,1,61,732,58.56,0.0,446.52,27.15,0,0,1,1,0
3236,2025-11-29,4,22,1,37,1406,168.72,0.0,857.66,34.65,0,0,1,1,0
3237,2025-04-12,1,13,2,22,264,10.56,0.0,161.04,21.3,0,0,1,1,0
3238,2024-05-11,2,24,1,32,2720,326.4,0.0,1659.2,32.4,0,0,1,1,0
3239,2025-09-18,1,25,3,42,504,20.16,0.0,307.44,24.3,0,0,1,1,0
3240,2024-12-07,3,1,2,41,246,9.84,0.0,150.06,24.15,0,0,1,1,0
3241,2025-12-01,1,11,2,69,828,99.36,0.0,505.08,28.35,0,0,1,1,0
3242,2024-04-26,2,12,3,41,3485,418.2,0.0,2125.85,36.45,61.34,0,0,1,1
3243,2024-01-10,4,18,3,81,3078,123.12,0.0,1877.58,54.45,0,0,1,1,0
3244,2025-01-12,2,38,1,58,4930,591.6,0.0,3007.3,44.1,0,0,1,1,0
3245,2024-12-25,4,23,3,15,570,68.4,0.0,347.7,24.75,0,0,1,1,0
3246,2024-10-16,4,40,2,11,418,16.72,0.0,254.98,22.95,0,0,1,1,0
3247,2024-12-03,4,34,3,95,3610,288.8,0.0,2202.1,60.75,66.42,0,0,1,1
3248,2024-09-04,4,8,2,24,912,0,0,556.32,28.8,0,0,1,1,0
3249,2024-03-27,2,42,3,66,5610,0,0,3422.1,47.7,112.2,51.5,0,1,4
3250,2025-05-19,4,6,3,83,3154,252.32,0.0,1923.94,55.35,0,0,1,1,0
3251,2025-04-17,2,27,1,44,3740,0,0,2281.4,37.8,0,0,1,1,0
3252,2024-06-06,3,24,2,26,156,6.24,0.0,95.16,21.9,0,0,1,1,0
3253,2025-08-31,1,23,2,81,972,38.88,0.0,592.92,30.15,0,0,1,1,0
3254,2025-02-11,3,44,2,58,348,27.84,0.0,212.28,26.7,0,0,1,1,0
3255,2024-04-08,2,4,3,75,6375,510.0,0.0,3888.75,51.75,117.3,53.75,0,0,2
3256,2025-10-20,4,39,2,98,3724,148.96,0.0,2271.64,62.1,71.5,0,0,1,1
3257,2025-07-31,2,18,3,54,4590,367.2,0.0,2799.9,42.3,84.46,0,0,1,1
3258,2025-08-30,1,4,1,39,468,0,0,285.48,23.85,0,0,1,1,0
3259,2024-08-18,2,39,3,97,8245,659.6,0.0,5029.45,61.65,0,0,1,1,0
3260,2024-10-19,4,25,3,65,2470,0,0,1506.7,47.25,0,0,1,1,0
3261,2025-08-31,3,22,3,41,246,19.68,0.0,150.06,24.15,4.53,45.25,0,1,2
3262,2024-02-18,4,28,3,11,418,16.72,0.0,254.98,22.95,8.03,0,0,1,1
3263,2024-03-24,2,37,2,35,2975,119.0,0.0,1814.75,33.75,0,0,1,1,0
3264,2024-07-05,3,26,2,84,504,0,0,307.44,30.6,10.08,56.0,0,1,4
3265,2024-04-29,4,42,2,93,3534,141.36,0.0,2155.74,59.85,67.85,0,0,1,1
3266,2024-04-25,3,27,2,63,378,0,0,230.58,27.45,0,0,1,1,0
3267,2024-06-14,2,29,2,63,5355,428.4,0.0,3266.55,46.35,0,0,1,1,0
3268,2025-11-07,4,42,2,28,1064,127.68,0.0,649.04,30.6,18.73,0,0,1,1
3269,2024-12-09,2,45,1,78,6630,0,0,4044.3,53.1,0,0,1,1,0
3270,2025-12-17,2,19,2,98,8330,0,0,5081.3,62.1,0,0,1,1,0
3271,2025-01-13,3,48,1,77,462,0,0,281.82,29.55,0,0,1,1,0
3272,2025-12-27,2,42,3,62,5270,0,0,3214.7,45.9,105.4,50.5,0,1,2
3273,2024-04-16,2,2,3,53,4505,540.6,0.0,2748.05,41.85,0,0,1,1,0
3274,2025-08-21,3,32,3,17,102,12.24,0.0,62.22,20.55,0,0,1,1,0
3275,2025-07-13,2,18,2,85,7225,0,0,4407.25,56.25,144.5,0,0,1,1
3276,2024-09-29,4,48,2,95,3610,288.8,0.0,2202.1,60.75,0,0,1,0,0
3277,2024-07-02,4,31,1,71,2698,215.84,0.0,1645.78,49.95,0,0,1,1,0
3278,2025-05-20,3,34,2,50,300,36.0,0.0,183.0,25.5,0,0,1,1,0
3279,2025-09-26,4,40,3,28,1064,85.12,0.0,649.04,30.6,19.58,42.0,0,1,4
3280,2025-12-19,2,48,1,14,1190,142.8,0.0,725.9,24.3,20.94,0,0,1,1
3281,2024-11-17,3,5,3,73,438,52.56,0.0,267.18,28.95,0,0,1,1,0
3282,2025-08-04,1,6,2,97,1164,0,0,710.04,32.55,0,0,1,1,0
3283,2025-09-30,1,46,1,88,1056,42.24,0.0,644.16,31.2,0,0,1,1,0
3284,2025-06-16,2,13,2,96,8160,979.2,0.0,4977.6,61.2,0,0,1,1,0
3285,2024-07-03,2,33,3,34,2890,231.2,0.0,1762.9,33.3,0,0,1,1,0
3286,2024-06-02,3,7,2,94,564,45.12,0.0,344.04,32.1,0,0,1,1,0
3287,2024-05-05,1,14,1,15,180,21.6,0.0,109.8,20.25,0,0,1,1,0
3288,2024-10-29,2,40,1,96,8160,652.8,0.0,4977.6,61.2,0,0,1,1,0
3289,2024-12-10,3,39,2,75,450,54.0,0.0,274.5,29.25,7.92,0,0,1,1
3290,2025-10-04,4,21,3,12,456,18.24,0.0,278.16,23.4,8.76,38.0,0,1,2
3291,2025-04-17,3,2,2,40,240,19.2,0.0,146.4,24.0,4.42,45.0,0,1,2
3292,2024-09-25,4,14,3,56,2128,0,0,1298.08,43.2,0,0,1,1,0
3293,2024-05-11,2,39,1,20,1700,204.0,0.0,1037.0,27.0,29.92,40.0,0,1,2
3294,2025-11-28,1,31,2,20,240,0,0,146.4,21.0,0,0,1,1,0
3295,2025-08-08,4,32,1,59,2242,269.04,0.0,1367.62,44.55,39.46,49.75,0,1,2
3296,2025-12-03,2,12,3,31,2635,0,0,1607.35,31.95,52.7,0,0,1,1
3297,2025-07-28,3,11,1,23,138,11.04,0.0,84.18,21.45,0,0,1,1,0
3298,2025-12-08,2,14,1,80,6800,0,0,4148.0,54.0,0,0,1,1,0
3299,2025-11-12,2,30,3,55,4675,561.0,0.0,2851.75,42.75,82.28,48.75,0,0,2
3300,2025-09-29,3,3,3,93,558,22.32,0.0,340.38,31.95,0,0,1,1,0
3301,2024-02-15,3,2,2,70,420,0,0,256.2,28.5,0,0,1,1,0
3302,2025-08-25,1,37,2,30,360,43.2,0.0,219.6,22.5,0,0,1,1,0
3303,2025-04-09,1,5,3,66,792,31.68,0.0,483.12,27.9,0,0,1,1,0
3304,2025-04-12,2,20,1,24,2040,0,0,1244.4,28.8,40.8,41.0,0,1,4
3305,2024-06-14,1,36,2,35,420,50.4,0.0,256.2,23.25,0,0,1,1,0
3306,2024-07-14,3,5,3,91,546,0,0,333.06,31.65,0,0,1,1,0
3307,2024-07-25,2,16,3,66,5610,224.4,0.0,3422.1,47.7,107.71,51.5,0,1,2
3308,2025-01-14,4,9,2,89,3382,405.84,0.0,2063.02,58.05,0,0,1,1,0
3309,2024-04-24,1,33,3,83,996,119.52,0.0,607.56,30.45,0,0,1,1,0
3310,2024-09-16,4,23,3,39,1482,0,0,904.02,35.55,29.64,0,0,1,1
3311,2025-06-25,1,34,2,49,588,0,0,358.68,25.35,11.76,47.25,0,1,2
3312,2025-03-07,4,40,3,66,2508,0,0,1529.88,47.7,50.16,0,0,1,1
3313,2025-03-22,3,1,2,41,246,0,0,150.06,24.15,0,0,1,1,0
3314,2025-12-13,3,30,3,71,426,51.12,0.0,259.86,28.65,7.5,52.75,0,1,2
3315,2025-02-02,1,1,3,77,924,110.88,0.0,563.64,29.55,0,0,1,1,0
3316,2024-12-27,4,23,1,26,988,79.04,0.0,602.68,29.7,0,0,1,1,0
3317,2025-07-21,4,35,3,73,2774,332.88,0.0,1692.14,50.85,48.82,0,0,1,1
3318,2025-08-16,1,32,3,92,1104,44.16,0.0,673.44,31.8,0,0,1,1,0
3319,2024-07-13,3,19,1,17,102,12.24,0.0,62.22,20.55,1.8,0,0,1,1
3320,2024-07-05,4,11,2,86,3268,261.44,0.0,1993.48,56.7,0,0,1,1,0
3321,2024-07-04,2,8,2,40,3400,272.0,0.0,2074.0,36.0,0,0,1,1,0
3322,2025-03-22,3,27,3,11,66,5.28,0.0,40.26,19.65,1.21,37.75,0,1,2
3323,2024-07-18,4,31,3,52,1976,0,0,1205.36,41.4,0,0,1,0,0
3324,2024-11-01,1,26,3,82,984,118.08,0.0,600.24,30.3,17.32,55.5,0,1,2
3325,2025-12-19,1,1,1,64,768,92.16,0.0,468.48,27.6,0,0,1,1,0
3326,2025-08-06,2,43,2,75,6375,765.0,0.0,3888.75,51.75,0,0,1,1,0
3327,2025-11-16,4,11,2,53,2014,0,0,1228.54,41.85,0,0,1,1,0
3328,2025-11-26,3,39,2,63,378,45.36,0.0,230.58,27.45,0,0,1,1,0
3329,2024-12-07,1,44,1,22,264,10.56,0.0,161.04,21.3,0,0,1,1,0
3330,2025-10-29,3,6,2,79,474,37.92,0.0,289.14,29.85,0,0,1,1,0
3331,2024-03-17,2,40,2,51,4335,520.2,0.0,2644.35,40.95,0,0,1,0,0
3332,2024-05-25,2,8,2,83,7055,282.2,0.0,4303.55,55.35,135.46,55.75,0,1,2
3333,2024-10-26,2,25,2,85,7225,289.0,0.0,4407.25,56.25,0,0,1,1,0
3334,2024-08-23,3,16,3,78,468,56.16,0.0,285.48,29.7,8.24,0,0,1,1
3335,2024-11-13,1,19,3,49,588,70.56,0.0,358.68,25.35,0,0,1,1,0
3336,2025-09-30,2,17,1,42,3570,285.6,0.0,2177.7,36.9,65.69,45.5,0,1,2
3337,2025-06-25,2,11,2,18,1530,122.4,0.0,933.3,26.1,0,0,1,1,0
3338,2025-08-15,3,26,3,65,390,46.8,0.0,237.9,27.75,6.86,0,0,1,1
3339,2024-04-18,4,40,1,40,1520,0,0,927.2,36.0,30.4,0,0,1,1
3340,2024-12-23,4,32,1,88,3344,267.52,0.0,2039.84,57.6,0,0,1,1,0
3341,2024-02-27,1,26,2,48,576,23.04,0.0,351.36,25.2,0,0,1,0,0
3342,2025-04-01,4,20,1,82,3116,249.28,0.0,1900.76,54.9,0,0,1,1,0
3343,2024-04-22,1,16,1,93,1116,133.92,0.0,680.76,31.95,0,0,1,0,0
3344,2025-12-26,1,29,3,94,1128,135.36,0.0,688.08,32.1,0,0,1,1,0
3345,2025-09-19,3,23,1,60,360,28.8,0.0,219.6,27.0,0,0,1,1,0
3346,2024-04-12,4,29,2,12,456,18.24,0.0,278.16,23.4,8.76,38.0,0,1,2
3347,2024-05-08,3,38,2,94,564,22.56,0.0,344.04,32.1,0,0,1,1,0
3348,2025-04-10,4,28,2,37,1406,56.24,0.0,857.66,34.65,0,0,1,1,0
3349,2024-03-16,4,41,1,51,1938,77.52,0.0,1182.18,40.95,0,0,1,1,0
3350,2025-02-05,4,13,1,59,2242,0,0,1367.62,44.55,0,0,1,1,0
3351,2024-08-08,2,18,1,31,2635,0,0,1607.35,31.95,0,0,1,1,0
3352,2025-10-16,1,21,1,65,780,0,0,475.8,27.75,0,0,1,1,0
3353,2025-07-23,4,3,3,97,3686,294.88,0.0,2248.46,61.65,0,0,1,1,0
3354,2024-01-03,4,20,3,33,1254,150.48,1103.52,764.94,32.85,22.07,43.25,0,1,2
3355,2025-12-04,3,20,3,54,324,0,0,197.64,26.1,6.48,0,0,1,1
3356,2025-12-16,1,14,2,88,1056,126.72,0.0,644.16,31.2,0,0,1,1,0
3357,2024-09-13,1,2,2,11,132,0,0,80.52,19.65,0,0,1,1,0
3358,2025-04-17,4,6,3,72,2736,218.88,0.0,1668.96,50.4,50.34,53.0,0,1,4
3359,2024-06-23,4,5,1,76,2888,0,0,1761.68,52.2,0,0,1,1,0
3360,2024-03-15,3,3,2,27,162,0,0,98.82,22.05,0,0,1,1,0
3361,2024-10-09,2,7,1,81,6885,550.8,0.0,4199.85,54.45,0,0,1,1,0
3362,2024-12-10,3,33,2,70,420,16.8,0.0,256.2,28.5,0,0,1,1,0
3363,2025-10-13,4,46,3,93,3534,424.08,0.0,2155.74,59.85,62.2,58.25,0,1,2
3364,2025-01-17,4,34,1,99,3762,150.48,0.0,2294.82,62.55,0,0,1,1,0
3365,2024-06-07,3,13,3,53,318,25.44,0.0,193.98,25.95,5.85,0,0,1,1
3366,2025-05-27,2,44,3,29,2465,197.2,0.0,1503.65,31.05,0,0,1,1,0
3367,2025-08-30,3,12,3,50,300,36.0,0.0,183.0,25.5,0,0,1,1,0
3368,2024-05-10,1,41,2,34,408,0,0,248.88,23.1,0,0,1,1,0
3369,2024-04-15,2,21,1,78,6630,265.2,0.0,4044.3,53.1,0,0,1,1,0
3370,2025-05-06,2,21,3,67,5695,227.8,0.0,3473.95,48.15,0,0,1,1,0
3371,2025-01-11,4,13,3,48,1824,145.92,0.0,1112.64,39.6,33.56,47.0,0,1,2
3372,2025-02-18,2,35,2,85,7225,578.0,0.0,4407.25,56.25,0,0,1,1,0
3373,2024-04-04,3,9,3,30,180,14.4,0.0,109.8,22.5,0,0,1,1,0
3374,2025-12-27,3,11,1,13,78,3.12,0.0,47.58,19.95,0,0,1,1,0
3375,2025-09-18,1,16,2,63,756,30.24,0.0,461.16,27.45,0,0,1,1,0
3376,2024-08-21,1,20,2,80,960,115.2,0.0,585.6,30.0,0,0,1,1,0
3377,2025-06-08,4,12,2,47,1786,71.44,0.0,1089.46,39.15,0,0,1,1,0
3378,2025-08-06,1,4,1,15,180,14.4,0.0,109.8,20.25,0,0,1,1,0
3379,2024-02-03,1,2,2,70,840,100.8,0.0,512.4,28.5,0,0,1,1,0
3380,2024-08-26,3,43,1,100,600,72.0,0.0,366.0,33.0,0,0,1,1,0
3381,2025-04-03,2,29,2,32,2720,0,0,1659.2,32.4,54.4,43.0,0,1,2
3382,2024-03-02,1,3,1,61,732,87.84,0.0,446.52,27.15,0,0,1,0,0
3383,2024-11-04,4,21,2,76,2888,115.52,0.0,1761.68,52.2,0,0,1,1,0
3384,2025-12-01,3,48,2,96,576,23.04,0.0,351.36,32.4,0,0,1,1,0
3385,2024-11-02,4,5,1,53,2014,0,0,1228.54,41.85,0,0,1,1,0
3386,2024-06-05,4,14,1,19,722,86.64,0.0,440.42,26.55,0,0,1,1,0
3387,2024-03-31,3,46,3,34,204,0,0,124.44,23.1,4.08,0,0,1,1
3388,2025-01-30,3,1,3,33,198,23.76,0.0,120.78,22.95,3.48,43.25,0,1,4
3389,2025-09-27,3,45,2,38,228,9.12,0.0,139.08,23.7,0,0,1,1,0
3390,2025-10-26,3,30,1,14,84,0,0,51.24,20.1,0,0,1,1,0
3391,2024-09-08,3,41,1,24,144,0,0,87.84,21.6,0,0,1,1,0
3392,2024-07-18,3,18,2,79,474,18.96,0.0,289.14,29.85,0,0,1,1,0
3393,2025-02-11,1,43,1,54,648,51.84,0.0,395.28,26.1,0,0,1,1,0
3394,2025-03-20,2,28,1,29,2465,295.8,0.0,1503.65,31.05,0,0,1,1,0
3395,2025-06-22,3,12,1,54,324,0,0,197.64,26.1,0,0,1,1,0
3396,2024-01-13,1,9,1,13,156,12.48,0.0,95.16,19.95,2.87,38.25,0,1,4
3397,2024-11-13,4,34,2,11,418,0,0,254.98,22.95,8.36,37.75,0,1,2
3398,2025-07-23,2,16,2,22,1870,74.8,0.0,1140.7,27.9,35.9,40.5,0,1,4
3399,2025-12-28,1,20,2,21,252,20.16,0.0,153.72,21.15,4.64,0,0,1,1
3400,2025-02-21,2,9,3,58,4930,394.4,0.0,3007.3,44.1,90.71,49.5,0,1,2
3401,2025-03-21,2,28,3,36,3060,244.8,0.0,1866.6,34.2,0,0,1,1,0
3402,2024-01-04,1,11,1,41,492,19.68,0.0,300.12,24.15,0,0,1,1,0
3403,2025-08-24,2,44,3,26,2210,0,2210,1348.1,29.7,0,0,1,1,0
3404,2025-08-29,3,43,1,46,276,33.12,0.0,168.36,24.9,0,0,1,1,0
3405,2025-11-22,1,25,2,61,732,58.56,0.0,446.52,27.15,0,0,1,1,0
3406,2024-07-03,4,45,2,40,1520,60.8,0.0,927.2,36.0,0,0,1,1,0
3407,2025-03-29,1,43,2,13,156,12.48,0.0,95.16,19.95,0,0,1,1,0
3408,2024-07-05,1,11,1,12,144,11.52,0.0,87.84,19.8,0,0,1,1,0
3409,2025-03-17,4,23,3,57,2166,173.28,0.0,1321.26,43.65,39.85,49.25,0,1,4
3410,2025-09-14,2,24,3,95,8075,646.0,0.0,4925.75,60.75,148.58,58.75,0,1,4
3411,2024-06-11,4,34,1,20,760,0,0,463.6,27.0,0,0,1,1,0
3412,2024-10-23,2,15,2,100,8500,340.0,0.0,5185.0,63.0,0,0,1,1,0
3413,2025-04-20,1,20,3,10,120,0,0,73.2,19.5,2.4,37.5,0,1,4
3414,2024-12-07,3,13,3,72,432,51.84,0.0,263.52,28.8,0,0,1,1,0
3415,2024-09-17,2,20,1,13,1105,88.4,0.0,674.05,23.85,0,0,1,1,0
3416,2024-10-07,2,8,2,82,6970,0,0,4251.7,54.9,0,0,1,1,0
3417,2024-05-22,1,3,2,45,540,64.8,0.0,329.4,24.75,0,0,1,1,0
3418,2024-12-13,2,23,1,82,6970,836.4,0.0,4251.7,54.9,0,0,1,1,0
3419,2025-12-08,3,16,2,98,588,47.04,0.0,358.68,32.7,0,0,1,1,0
3420,2024-07-28,1,19,1,34,408,48.96,0.0,248.88,23.1,7.18,0,0,1,1
3421,2025-12-12,3,8,3,85,510,0,0,311.1,30.75,10.2,0,0,1,1
3422,2024-04-23,4,2,3,33,1254,0,0,764.94,32.85,25.08,43.25,0,1,2
3423,2025-02-15,4,16,2,77,2926,0,0,1784.86,52.65,0,0,1,1,0
3424,2025-11-13,4,4,3,30,1140,0,0,695.4,31.5,22.8,0,0,1,1
3425,2024-03-24,4,18,2,21,798,0,0,486.78,27.45,15.96,40.25,0,1,2
3426,2025-02-04,1,34,3,89,1068,0,0,651.48,31.35,21.36,0,0,1,1
3427,2024-01-20,3,37,3,68,408,16.32,0.0,248.88,28.2,0,0,1,1,0
3428,2024-05-28,2,39,2,95,8075,0,0,4925.75,60.75,0,0,1,1,0
3429,2025-03-25,2,26,2,64,5440,652.8,0.0,3318.4,46.8,95.74,51.0,0,1,2
3430,2025-08-29,1,12,3,51,612,73.44,0.0,373.32,25.65,10.77,47.75,0,1,2
3431,2024-05-11,4,28,2,94,3572,142.88,0.0,2178.92,60.3,0,0,1,1,0
3432,2024-05-17,2,36,3,26,2210,0,0,1348.1,29.7,0,0,1,1,0
3433,2025-11-30,3,9,2,17,102,8.16,0.0,62.22,20.55,0,0,1,1,0
3434,2025-03-25,1,29,3,23,276,11.04,0.0,168.36,21.45,5.3,0,0,1,1
3435,2025-01-29,3,38,2,94,564,0,0,344.04,32.1,0,0,1,1,0
3436,2024-02-02,2,43,3,29,2465,197.2,0.0,1503.65,31.05,0,0,1,1,0
3437,2025-05-31,2,32,3,57,4845,387.6,0.0,2955.45,43.65,89.15,0,0,1,1
3438,2025-05-25,4,34,2,58,2204,88.16,0.0,1344.44,44.1,42.32,0,0,1,1
3439,2025-08-22,2,14,3,33,2805,224.4,0.0,1711.05,32.85,51.61,43.25,0,1,2
3440,2025-06-09,4,33,2,56,2128,0,0,1298.08,43.2,0,0,1,1,0
3441,2024-02-28,2,24,3,54,4590,367.2,0.0,2799.9,42.3,84.46,48.5,0,1,2
3442,2025-08-15,4,13,3,33,1254,0,0,764.94,32.85,25.08,43.25,0,1,2
3443,2024-11-06,2,27,3,84,7140,856.8,0.0,4355.4,55.8,125.66,56.0,0,1,4
3444,2025-12-24,3,29,1,62,372,14.88,0.0,226.92,27.3,0,0,1,1,0
3445,2024-10-06,2,14,3,77,6545,785.4,0.0,3992.45,52.65,0,0,1,1,0
3446,2025-01-15,1,6,3,63,756,90.72,0.0,461.16,27.45,13.31,50.75,0,1,4
3447,2025-04-02,3,2,3,70,420,16.8,0.0,256.2,28.5,8.06,0,0,1,1
3448,2024-05-24,4,23,3,60,2280,0,0,1390.8,45.0,0,0,1,1,0
3449,2024-04-23,2,34,3,74,6290,0,0,3836.9,51.3,125.8,53.5,0,1,2
3450,2024-06-05,3,4,2,26,156,12.48,0.0,95.16,21.9,0,0,1,1,0
3451,2025-01-04,1,33,2,86,1032,0,0,629.52,30.9,20.64,56.5,0,1,4
3452,2025-07-13,1,27,1,44,528,21.12,0.0,322.08,24.6,0,0,1,1,0
3453,2025-12-05,3,43,1,86,516,41.28,0.0,314.76,30.9,9.49,0,0,1,1
3454,2025-08-01,2,31,2,36,3060,0,0,1866.6,34.2,0,0,1,1,0
3455,2024-09-25,2,7,3,29,2465,197.2,0.0,1503.65,31.05,0,0,1,1,0
3456,2024-07-07,2,43,2,49,4165,0,0,2540.65,40.05,83.3,47.25,0,1,2
3457,2025-03-08,1,38,1,56,672,0,0,409.92,26.4,0,0,1,1,0
3458,2024-05-17,3,30,1,27,162,12.96,0.0,98.82,22.05,0,0,1,1,0
3459,2025-01-16,1,10,1,99,1188,0,0,724.68,32.85,23.76,0,0,1,1
3460,2024-07-04,1,14,1,79,948,75.84,0.0,578.28,29.85,0,0,1,1,0
3461,2024-10-10,1,13,1,78,936,0,0,570.96,29.7,0,0,1,1,0
3462,2024-03-31,3,44,1,29,174,13.92,0.0,106.14,22.35,0,0,1,1,0
3463,2025-03-01,4,31,3,87,3306,132.24,0.0,2016.66,57.15,0,0,1,1,0
3464,2025-01-25,3,5,1,78,468,0,0,285.48,29.7,9.36,54.5,0,1,4
3465,2024-06-01,2,21,1,12,1020,122.4,0.0,622.2,23.4,0,0,1,1,0
3466,2024-09-21,1,11,3,83,996,39.84,0.0,607.56,30.45,0,0,1,1,0
3467,2024-12-23,3,7,2,46,276,0,0,168.36,24.9,0,0,1,1,0
3468,2025-09-10,1,14,1,25,300,0,0,183.0,21.75,0,0,1,1,0
3469,2024-01-13,3,44,2,20,120,9.6,0.0,73.2,21.0,0,0,1,1,0
3470,2025-09-29,3,23,1,20,120,14.4,0.0,73.2,21.0,0,0,1,1,0
3471,2024-08-10,3,46,3,22,132,15.84,0.0,80.52,21.3,2.32,40.5,0,1,2
3472,2024-04-07,2,47,3,83,7055,282.2,0.0,4303.55,55.35,135.46,55.75,0,1,2
3473,2025-07-11,3,19,1,15,90,3.6,0.0,54.9,20.25,0,0,1,1,0
3474,2025-09-07,4,12,1,77,2926,351.12,0.0,1784.86,52.65,0,0,1,1,0
3475,2024-10-31,2,36,3,13,1105,0,0,674.05,23.85,0,0,1,1,0
3476,2024-07-23,2,28,2,46,3910,312.8,0.0,2385.1,38.7,71.94,0,0,1,1
3477,2024-03-19,4,24,2,28,1064,85.12,0.0,649.04,30.6,0,0,1,1,0
3478,2024-04-09,4,6,2,66,2508,100.32,0.0,1529.88,47.7,48.15,0,0,1,1
3479,2025-03-31,4,47,2,74,2812,224.96,2587.04,1715.32,51.3,51.74,53.5,0,1,2
3480,2024-08-30,4,36,2,93,3534,0,0,2155.74,59.85,70.68,0,0,1,1
3481,2025-03-20,4,17,1,54,2052,82.08,0.0,1251.72,42.3,0,0,1,1,0
3482,2024-11-29,4,42,3,43,1634,65.36,0.0,996.74,37.35,0,0,1,1,0
3483,2025-08-17,1,6,2,81,972,116.64,0.0,592.92,30.15,0,0,1,1,0
3484,2024-07-31,1,14,3,43,516,61.92,0.0,314.76,24.45,0,0,1,1,0
3485,2024-05-01,3,33,3,57,342,13.68,0.0,208.62,26.55,0,0,1,1,0
3486,2025-05-19,1,43,1,21,252,0,0,153.72,21.15,0,0,1,1,0
3487,2024-03-10,3,2,3,47,282,33.84,0.0,172.02,25.05,4.96,0,0,1,1
3488,2025-03-18,3,10,3,78,468,18.72,0.0,285.48,29.7,8.99,54.5,0,1,2
3489,2024-01-14,3,24,3,66,396,15.84,0.0,241.56,27.9,7.6,51.5,0,1,2
3490,2025-01-18,2,37,1,53,4505,540.6,0.0,2748.05,41.85,0,0,1,1,0
3491,2025-09-20,4,9,3,73,2774,0,0,1692.14,50.85,0,0,1,1,0
3492,2025-02-11,2,10,2,43,3655,0,0,2229.55,37.35,0,0,1,1,0
3493,2024-12-10,1,18,3,98,1176,94.08,0.0,717.36,32.7,0,0,1,1,0
3494,2025-03-12,3,14,2,98,588,23.52,0.0,358.68,32.7,0,0,1,1,0
3495,2025-07-14,3,7,1,15,90,10.8,0.0,54.9,20.25,0,0,1,1,0
3496,2024-05-28,4,41,3,47,1786,0,0,1089.46,39.15,0,0,1,1,0
3497,2024-04-18,2,4,2,80,6800,272.0,0.0,4148.0,54.0,0,0,1,1,0
3498,2024-03-14,1,5,3,84,1008,40.32,0.0,614.88,30.6,0,0,1,1,0
3499,2025-02-11,3,22,1,44,264,31.68,0.0,161.04,24.6,4.65,46.0,0,1,2
3500,2025-05-13,1,48,1,94,1128,135.36,0.0,688.08,32.1,0,0,1,1,0
3501,2024-03-17,4,11,3,44,1672,66.88,0.0,1019.92,37.8,32.1,0,0,1,1
3502,2024-03-07,1,46,1,32,384,46.08,0.0,234.24,22.8,0,0,1,1,0
3503,2024-08-29,3,41,3,52,312,12.48,0.0,190.32,25.8,5.99,48.0,0,1,2
3504,2024-10-19,1,33,1,94,1128,90.24,0.0,688.08,32.1,0,0,1,1,0
3505,2024-01-11,4,14,3,30,1140,91.2,0.0,695.4,31.5,0,0,1,1,0
3506,2025-12-08,1,4,1,21,252,30.24,0.0,153.72,21.15,0,0,1,1,0
3507,2025-10-30,1,2,3,45,540,64.8,0.0,329.4,24.75,9.5,0,0,1,1
3508,2025-08-16,4,10,2,80,3040,364.8,0.0,1854.4,54.0,53.5,55.0,0,1,2
3509,2024-10-24,3,28,1,79,474,56.88,0.0,289.14,29.85,0,0,1,1,0
3510,2024-01-20,2,21,3,22,1870,74.8,0.0,1140.7,27.9,0,0,1,1,0
3511,2024-10-27,3,13,1,84,504,40.32,0.0,307.44,30.6,0,0,1,1,0
3512,2025-07-16,3,29,1,34,204,0,0,124.44,23.1,4.08,43.5,0,1,4
3513,2024-10-21,2,29,1,82,6970,0,0,4251.7,54.9,0,0,1,1,0
3514,2025-01-19,3,2,2,69,414,0,0,252.54,28.35,0,0,1,1,0
3515,2025-04-06,3,22,3,31,186,7.44,0.0,113.46,22.65,3.57,0,0,1,1
3516,2024-08-10,2,32,1,96,8160,0,0,4977.6,61.2,0,0,1,1,0
3517,2024-03-18,4,6,2,77,2926,0,0,1784.86,52.65,0,0,1,0,0
3518,2024-02-01,3,5,2,19,114,4.56,0.0,69.54,20.85,0,0,1,1,0
3519,2025-01-13,2,19,3,79,6715,805.8,0.0,4096.15,53.55,0,0,1,1,0
3520,2025-06-18,3,32,3,52,312,12.48,0.0,190.32,25.8,5.99,0,0,1,1
3521,2025-11-17,2,31,3,46,3910,156.4,0.0,2385.1,38.7,0,0,1,1,0
3522,2024-09-30,3,13,1,73,438,35.04,0.0,267.18,28.95,8.06,53.25,0,1,4
3523,2025-02-14,2,29,3,66,5610,224.4,0.0,3422.1,47.7,107.71,0,0,1,1
3524,2025-05-23,3,29,1,43,258,30.96,0.0,157.38,24.45,0,0,1,1,0
3525,2024-01-29,3,20,3,83,498,0,0,303.78,30.45,0,0,1,1,0
3526,2025-08-31,3,10,1,11,66,5.28,0.0,40.26,19.65,0,0,1,1,0
3527,2025-06-24,1,39,2,93,1116,0,0,680.76,31.95,0,0,1,1,0
3528,2025-12-23,4,46,2,76,2888,0,0,1761.68,52.2,0,0,1,1,0
3529,2025-04-20,2,40,2,91,7735,928.2,0.0,4718.35,58.95,136.14,57.75,0,1,2
3530,2025-06-15,1,44,3,86,1032,82.56,0.0,629.52,30.9,18.99,0,0,1,1
3531,2024-03-15,3,8,3,38,228,18.24,0.0,139.08,23.7,4.2,44.5,0,1,2
3532,2024-10-22,1,6,1,80,960,0,0,585.6,30.0,0,0,1,1,0
3533,2024-03-11,4,20,3,88,3344,0,0,2039.84,57.6,66.88,57.0,0,1,2
3534,2024-02-12,4,16,2,28,1064,127.68,0.0,649.04,30.6,0,0,1,1,0
3535,2024-06-02,2,24,1,68,5780,693.6,0.0,3525.8,48.6,0,0,1,1,0
3536,2025-07-27,2,45,3,88,7480,0,0,4562.8,57.6,0,0,1,1,0
3537,2024-02-21,3,22,1,92,552,22.08,0.0,336.72,31.8,10.6,58.0,0,1,2
3538,2024-06-05,4,30,3,69,2622,314.64,0.0,1599.42,49.05,0,0,1,1,0
3539,2025-01-19,3,9,2,15,90,10.8,0.0,54.9,20.25,0,0,1,1,0
3540,2024-10-21,1,19,1,68,816,32.64,0.0,497.76,28.2,0,0,1,1,0
3541,2025-10-30,1,21,2,19,228,18.24,0.0,139.08,20.85,0,0,1,1,0
3542,2024-08-01,3,6,1,58,348,27.84,0.0,212.28,26.7,0,0,1,0,0
3543,2025-08-07,2,8,1,13,1105,88.4,1016.6,674.05,23.85,0,0,1,1,0
3544,2024-04-09,2,31,1,75,6375,255.0,0.0,3888.75,51.75,0,0,1,1,0
3545,2025-03-26,3,22,1,75,450,54.0,0.0,274.5,29.25,0,0,1,1,0
3546,2025-10-20,1,34,2,11,132,10.56,0.0,80.52,19.65,0,0,1,0,0
3547,2024-06-12,4,1,1,65,2470,98.8,0.0,1506.7,47.25,47.42,51.25,0,1,2
3548,2024-10-20,1,31,1,27,324,38.88,0.0,197.64,22.05,0,0,1,1,0
3549,2024-06-30,4,23,3,98,3724,446.88,0.0,2271.64,62.1,0,0,1,1,0
3550,2025-09-25,1,46,1,82,984,78.72,0.0,600.24,30.3,0,0,1,1,0
3551,2025-12-21,2,34,2,47,3995,0,0,2436.95,39.15,0,0,1,1,0
3552,2025-12-18,4,18,2,16,608,24.32,0.0,370.88,25.2,0,0,1,1,0
3553,2024-08-10,4,36,3,42,1596,191.52,0.0,973.56,36.9,28.09,45.5,0,1,2
3554,2025-04-11,2,37,3,34,2890,115.6,0.0,1762.9,33.3,55.49,43.5,0,1,4
3555,2024-09-30,4,3,3,35,1330,106.4,0.0,811.3,33.75,0,0,1,1,0
3556,2025-01-06,4,40,3,49,1862,74.48,0.0,1135.82,40.05,0,0,1,1,0
3557,2024-04-30,4,35,2,81,3078,123.12,0.0,1877.58,54.45,0,0,1,1,0
3558,2025-12-21,2,34,3,75,6375,765.0,0.0,3888.75,51.75,112.2,0,0,0,1
3559,2025-03-19,3,37,1,31,186,22.32,0.0,113.46,22.65,0,0,1,1,0
3560,2025-03-07,1,4,3,82,984,39.36,0.0,600.24,30.3,0,0,1,1,0
3561,2025-05-11,3,14,1,11,66,7.92,0.0,40.26,19.65,0,0,1,1,0
3562,2024-11-05,1,30,3,13,156,6.24,0.0,95.16,19.95,0,0,1,1,0
3563,2024-02-09,4,41,1,79,3002,0,0,1831.22,53.55,60.04,54.75,0,1,2
3564,2024-01-02,3,15,1,67,402,16.08,0.0,245.22,28.05,0,0,1,1,0
3565,2024-02-22,1,29,2,64,768,0,0,468.48,27.6,0,0,1,1,0
3566,2025-01-07,2,11,2,16,1360,54.4,0.0,829.6,25.2,0,0,1,1,0
3567,2024-10-11,1,43,1,17,204,8.16,0.0,124.44,20.55,0,0,1,0,0
3568,2025-03-21,4,36,2,57,2166,0,0,1321.26,43.65,0,0,1,1,0
3569,2025-06-28,4,42,2,84,3192,127.68,0.0,1947.12,55.8,0,0,1,1,0
3570,2024-06-23,4,37,1,92,3496,139.84,3356.16,2132.56,59.4,0,0,1,1,0
3571,2025-10-05,2,45,1,73,6205,248.2,0.0,3785.05,50.85,119.14,0,0,1,1
3572,2024-06-24,2,34,1,53,4505,180.2,4324.8,2748.05,41.85,86.5,48.25,0,1,4
3573,2024-01-19,3,12,3,23,138,16.56,0.0,84.18,21.45,0,0,1,1,0
3574,2024-08-26,3,23,3,91,546,43.68,0.0,333.06,31.65,0,0,1,1,0
3575,2024-09-10,2,35,3,41,3485,0,0,2125.85,36.45,69.7,0,0,1,1
3576,2025-10-07,1,38,3,77,924,110.88,0.0,563.64,29.55,16.26,0,0,1,1
3577,2025-10-18,4,28,3,21,798,95.76,702.24,486.78,27.45,14.04,40.25,0,1,2
3578,2024-05-29,3,19,3,43,258,10.32,0.0,157.38,24.45,4.95,45.75,0,1,2
3579,2025-05-02,1,45,2,41,492,0,0,300.12,24.15,0,0,1,1,0
3580,2025-10-24,2,38,2,21,1785,214.2,0.0,1088.85,27.45,31.42,40.25,0,1,2
3581,2025-01-20,4,17,3,34,1292,51.68,0.0,788.12,33.3,0,0,1,1,0
3582,2025-05-19,4,4,3,40,1520,60.8,0.0,927.2,36.0,0,0,1,1,0
3583,2025-10-20,3,42,1,85,510,61.2,0.0,311.1,30.75,0,0,1,1,0
3584,2025-04-01,3,36,1,17,102,12.24,0.0,62.22,20.55,0,0,1,1,0
3585,2025-04-14,3,12,1,15,90,7.2,0.0,54.9,20.25,0,0,1,1,0
3586,2025-06-15,3,37,3,10,60,0,0,36.6,19.5,0,0,1,1,0
3587,2025-08-17,4,4,1,69,2622,0,0,1599.42,49.05,0,0,1,1,0
3588,2025-11-09,3,34,3,70,420,50.4,0.0,256.2,28.5,0,0,1,1,0
3589,2024-12-03,1,12,2,13,156,12.48,0.0,95.16,19.95,2.87,0,0,1,1
3590,2024-12-17,3,7,3,78,468,0,0,285.48,29.7,9.36,0,0,1,1
3591,2025-12-21,2,11,1,24,2040,244.8,0.0,1244.4,28.8,0,0,1,1,0
3592,2025-07-07,3,26,3,34,204,8.16,0.0,124.44,23.1,0,0,1,1,0
3593,2025-02-17,4,31,2,15,570,45.6,0.0,347.7,24.75,0,0,1,1,0
3594,2024-09-26,2,12,3,57,4845,193.8,0.0,2955.45,43.65,0,0,1,1,0
3595,2025-08-21,2,41,3,83,7055,564.4,0.0,4303.55,55.35,129.81,55.75,0,1,2
3596,2024-06-25,2,23,3,31,2635,0,0,1607.35,31.95,0,0,1,1,0
3597,2025-03-05,1,11,3,33,396,31.68,0.0,241.56,22.95,0,0,1,1,0
3598,2024-11-01,3,43,1,85,510,20.4,0.0,311.1,30.75,0,0,1,1,0
3599,2024-04-14,4,8,3,47,1786,0,0,1089.46,39.15,0,0,1,1,0
3600,2025-09-02,2,45,2,98,8330,666.4,0.0,5081.3,62.1,0,0,1,1,0
3601,2025-07-19,3,18,2,55,330,39.6,0.0,201.3,26.25,0,0,1,1,0
3602,2024-08-15,3,40,3,45,270,10.8,0.0,164.7,24.75,5.18,46.25,0,1,2
3603,2025-05-31,1,36,3,78,936,74.88,0.0,570.96,29.7,0,0,1,1,0
3604,2024-11-11,1,36,2,35,420,50.4,0.0,256.2,23.25,7.39,0,0,1,1
3605,2025-02-27,3,28,2,56,336,40.32,0.0,204.96,26.4,0,0,1,1,0
3606,2024-01-31,4,36,3,32,1216,0,0,741.76,32.4,0,0,1,1,0
3607,2025-07-15,3,5,2,15,90,10.8,0.0,54.9,20.25,0,0,1,0,0
3608,2024-05-23,2,44,3,10,850,0,0,518.5,22.5,0,0,1,1,0
3609,2024-10-06,2,42,3,80,6800,0,0,4148.0,54.0,0,0,1,1,0
3610,2024-08-29,4,13,2,37,1406,168.72,0.0,857.66,34.65,0,0,1,1,0
3611,2025-07-04,3,46,3,65,390,31.2,0.0,237.9,27.75,7.18,0,0,1,1
3612,2024-11-28,3,1,3,45,270,10.8,0.0,164.7,24.75,5.18,0,0,1,1
3613,2025-08-18,1,45,3,46,552,22.08,0.0,336.72,24.9,0,0,1,1,0
3614,2025-11-30,1,11,2,97,1164,46.56,0.0,710.04,32.55,0,0,1,1,0
3615,2024-10-06,1,11,3,52,624,0,0,380.64,25.8,12.48,48.0,0,0,2
3616,2025-08-14,3,35,1,29,174,20.88,0.0,106.14,22.35,0,0,1,1,0
3617,2024-11-05,2,18,2,66,5610,673.2,0.0,3422.1,47.7,0,0,1,1,0
3618,2024-04-02,2,21,1,27,2295,91.8,0.0,1399.95,30.15,0,0,1,1,0
3619,2024-11-04,2,21,2,14,1190,95.2,0.0,725.9,24.3,0,0,1,0,0
3620,2024-12-07,3,9,1,68,408,32.64,0.0,248.88,28.2,0,0,1,1,0
3621,2025-11-05,1,16,2,71,852,102.24,0.0,519.72,28.65,0,0,1,1,0
3622,2024-08-24,1,25,3,55,660,52.8,0.0,402.6,26.25,0,0,1,1,0
3623,2025-01-26,1,3,2,85,1020,40.8,0.0,622.2,30.75,0,0,1,1,0
3624,2024-04-04,2,37,2,24,2040,244.8,0.0,1244.4,28.8,0,0,1,1,0
3625,2025-07-25,4,23,2,10,380,0,0,231.8,22.5,0,0,1,1,0
3626,2025-01-09,4,11,2,65,2470,197.6,0.0,1506.7,47.25,0,0,1,1,0
3627,2025-12-23,4,15,3,54,2052,82.08,0.0,1251.72,42.3,0,0,1,1,0
3628,2025-08-21,2,34,2,63,5355,0,0,3266.55,46.35,107.1,0,0,1,1
3629,2025-06-25,4,20,1,40,1520,0,1520,927.2,36.0,0,0,1,1,0
3630,2025-01-13,3,19,2,93,558,22.32,535.68,340.38,31.95,0,0,1,1,0
3631,2025-05-30,1,13,1,66,792,63.36,0.0,483.12,27.9,0,0,1,1,0
3632,2024-02-10,4,25,2,25,950,38.0,0.0,579.5,29.25,0,0,1,1,0
3633,2024-04-02,1,13,3,57,684,0,0,417.24,26.55,13.68,49.25,0,1,2
3634,2025-11-03,2,18,1,93,7905,948.6,0.0,4822.05,59.85,0,0,1,1,0
3635,2025-08-16,4,3,2,80,3040,121.6,0.0,1854.4,54.0,0,0,1,1,0
3636,2025-12-27,1,47,1,34,408,0,0,248.88,23.1,8.16,0,0,1,1
3637,2025-06-04,2,31,1,15,1275,0,0,777.75,24.75,0,0,1,1,0
3638,2025-04-29,2,5,1,93,7905,948.6,0.0,4822.05,59.85,0,0,1,1,0
3639,2024-07-11,1,19,3,53,636,76.32,0.0,387.96,25.95,0,0,1,1,0
3640,2024-12-05,3,3,1,40,240,28.8,0.0,146.4,24.0,0,0,1,1,0
3641,2024-05-27,3,34,3,28,168,20.16,0.0,102.48,22.2,2.96,0,0,1,1
3642,2024-08-08,4,22,1,65,2470,296.4,0.0,1506.7,47.25,0,0,1,1,0
3643,2025-12-04,4,45,1,68,2584,310.08,0.0,1576.24,48.6,0,0,1,1,0
3644,2024-03-09,2,39,3,65,5525,221.0,0.0,3370.25,47.25,0,0,1,1,0
3645,2024-06-05,3,11,2,84,504,20.16,0.0,307.44,30.6,0,0,1,1,0
3646,2024-05-14,4,21,3,53,2014,241.68,0.0,1228.54,41.85,0,0,1,1,0
3647,2024-06-07,3,25,3,95,570,0,0,347.7,32.25,0,0,1,1,0
3648,2024-10-28,2,45,3,72,6120,734.4,0.0,3733.2,50.4,107.71,0,0,1,1
3649,2025-10-31,3,3,1,37,222,0,0,135.42,23.55,0,0,1,1,0
3650,2024-12-16,1,33,1,22,264,0,0,161.04,21.3,5.28,0,0,1,1
3651,2024-11-12,3,25,2,98,588,23.52,0.0,358.68,32.7,0,0,1,1,0
3652,2025-11-26,4,5,2,64,2432,0,0,1483.52,46.8,0,0,1,1,0
3653,2025-04-22,3,32,1,65,390,46.8,0.0,237.9,27.75,0,0,1,1,0
3654,2024-12-29,4,1,3,25,950,38.0,0.0,579.5,29.25,18.24,41.25,0,1,2
3655,2025-07-24,3,3,1,46,276,22.08,0.0,168.36,24.9,0,0,1,1,0
3656,2024-08-12,3,3,3,35,210,16.8,0.0,128.1,23.25,0,0,1,1,0
3657,2024-03-28,4,28,2,14,532,0,0,324.52,24.3,0,0,1,1,0
3658,2025-09-19,1,36,3,46,552,22.08,0.0,336.72,24.9,0,0,1,1,0
3659,2025-03-04,2,25,1,66,5610,0,0,3422.1,47.7,0,0,1,1,0
3660,2024-10-06,1,3,2,76,912,72.96,0.0,556.32,29.4,16.78,0,0,1,1
3661,2024-06-06,3,13,1,17,102,4.08,0.0,62.22,20.55,0,0,1,1,0
3662,2025-06-11,4,15,2,64,2432,194.56,0.0,1483.52,46.8,0,0,1,1,0
3663,2024-03-17,4,14,3,60,2280,91.2,0.0,1390.8,45.0,43.78,0,0,0,1
3664,2025-01-15,4,29,3,17,646,51.68,0.0,394.06,25.65,0,0,1,1,0
3665,2024-12-11,1,6,2,100,1200,0,0,732.0,33.0,0,0,1,1,0
3666,2025-07-01,1,43,3,33,396,47.52,0.0,241.56,22.95,0,0,1,1,0
3667,2025-07-26,3,46,2,49,294,23.52,0.0,179.34,25.35,5.41,47.25,0,1,2
3668,2025-04-10,3,21,3,26,156,12.48,0.0,95.16,21.9,0,0,1,1,0
3669,2025-03-15,4,23,3,46,1748,0,0,1066.28,38.7,34.96,0,0,1,1
3670,2025-06-30,4,42,2,69,2622,104.88,0.0,1599.42,49.05,0,0,1,1,0
3671,2024-05-13,1,14,3,55,660,0,0,402.6,26.25,0,0,1,1,0
3672,2024-08-03,4,33,1,80,3040,121.6,0.0,1854.4,54.0,0,0,1,1,0
3673,2024-07-15,4,9,3,39,1482,118.56,0.0,904.02,35.55,27.27,44.75,0,0,2
3674,2024-12-29,3,33,3,41,246,19.68,0.0,150.06,24.15,0,0,1,1,0
3675,2024-08-25,1,16,1,18,216,8.64,0.0,131.76,20.7,0,0,1,1,0
3676,2025-06-19,2,15,3,89,7565,302.6,0.0,4614.65,58.05,145.25,57.25,0,1,2
3677,2025-05-01,4,32,2,37,1406,56.24,0.0,857.66,34.65,0,0,1,1,0
3678,2024-05-11,4,42,1,26,988,39.52,0.0,602.68,29.7,0,0,1,1,0
3679,2024-12-09,3,4,2,78,468,37.44,0.0,285.48,29.7,8.61,54.5,0,1,2
3680,2024-06-26,2,33,2,85,7225,0,0,4407.25,56.25,144.5,0,0,1,1
3681,2025-04-20,3,5,1,98,588,70.56,0.0,358.68,32.7,0,0,1,1,0
3682,2025-06-21,3,32,3,34,204,16.32,0.0,124.44,23.1,3.75,43.5,0,1,2
3683,2025-05-21,3,11,1,34,204,24.48,0.0,124.44,23.1,0,0,1,1,0
3684,2025-01-08,1,2,1,80,960,38.4,0.0,585.6,30.0,0,0,1,1,0
3685,2025-07-30,1,15,3,87,1044,83.52,0.0,636.84,31.05,19.21,0,0,1,1
3686,2025-08-21,1,47,2,63,756,0,0,461.16,27.45,0,0,1,1,0
3687,2025-12-28,3,48,3,23,138,16.56,0.0,84.18,21.45,2.43,40.75,0,0,2
3688,2025-03-14,3,27,1,13,78,6.24,0.0,47.58,19.95,0,0,1,1,0
3689,2025-09-29,1,7,3,50,600,48.0,0.0,366.0,25.5,0,0,1,1,0
3690,2025-03-05,2,39,1,85,7225,578.0,0.0,4407.25,56.25,0,0,1,1,0
3691,2025-10-25,1,22,1,78,936,112.32,0.0,570.96,29.7,0,0,1,1,0
3692,2025-02-25,2,24,3,75,6375,255.0,0.0,3888.75,51.75,0,0,1,1,0
3693,2024-12-04,2,48,2,64,5440,652.8,0.0,3318.4,46.8,0,0,1,1,0
3694,2024-07-23,1,44,3,48,576,46.08,0.0,351.36,25.2,0,0,1,1,0
3695,2024-01-02,4,30,1,58,2204,264.48,0.0,1344.44,44.1,0,0,1,1,0
3696,2025-03-02,4,15,1,77,2926,351.12,0.0,1784.86,52.65,0,0,1,1,0
3697,2024-08-28,2,3,3,17,1445,57.8,0.0,881.45,25.65,27.74,39.25,0,1,2
3698,2025-05-05,3,31,2,91,546,0,0,333.06,31.65,0,0,1,0,0
3699,2024-03-29,4,30,2,22,836,100.32,0.0,509.96,27.9,0,0,1,1,0
3700,2025-03-05,4,19,1,84,3192,383.04,0.0,1947.12,55.8,0,0,1,1,0
3701,2024-03-25,1,45,1,44,528,63.36,0.0,322.08,24.6,9.29,46.0,0,1,2
3702,2024-10-28,2,6,2,30,2550,102.0,0.0,1555.5,31.5,0,0,1,1,0
3703,2025-05-06,1,44,1,73,876,35.04,0.0,534.36,28.95,0,0,1,1,0
3704,2025-07-26,4,23,2,80,3040,121.6,0.0,1854.4,54.0,0,0,1,1,0
3705,2025-10-20,3,22,2,92,552,44.16,0.0,336.72,31.8,0,0,1,1,0
3706,2025-10-12,3,1,1,77,462,55.44,0.0,281.82,29.55,0,0,1,1,0
3707,2025-08-04,1,21,1,11,132,10.56,0.0,80.52,19.65,0,0,1,1,0
3708,2024-06-07,4,44,3,66,2508,300.96,0.0,1529.88,47.7,0,0,1,1,0
3709,2024-07-26,3,46,2,53,318,12.72,0.0,193.98,25.95,6.11,48.25,0,1,2
3710,2025-09-03,3,6,3,46,276,33.12,0.0,168.36,24.9,4.86,46.5,0,1,2
3711,2024-12-03,2,34,2,21,1785,0,0,1088.85,27.45,0,0,1,1,0
3712,2024-05-11,1,14,1,65,780,62.4,0.0,475.8,27.75,0,0,1,1,0
3713,2024-04-21,1,29,1,16,192,23.04,0.0,117.12,20.4,3.38,0,0,1,1
3714,2024-09-23,1,39,1,78,936,0,0,570.96,29.7,0,0,1,1,0
3715,2025-05-16,4,38,3,84,3192,383.04,0.0,1947.12,55.8,56.18,56.0,0,1,2
3716,2024-10-24,3,6,3,61,366,14.64,0.0,223.26,27.15,0,0,1,1,0
3717,2025-04-30,2,20,1,13,1105,88.4,0.0,674.05,23.85,0,0,1,1,0
3718,2025-06-23,4,47,2,30,1140,0,0,695.4,31.5,22.8,42.5,0,1,2
3719,2024-12-10,4,26,3,98,3724,297.92,0.0,2271.64,62.1,0,0,1,0,0
3720,2024-09-24,1,2,1,62,744,59.52,0.0,453.84,27.3,0,0,1,1,0
3721,2025-05-25,2,13,3,44,3740,299.2,0.0,2281.4,37.8,0,0,1,1,0
3722,2024-09-08,4,47,3,55,2090,250.8,0.0,1274.9,42.75,36.78,48.75,0,1,4
3723,2025-10-21,4,30,3,76,2888,346.56,0.0,1761.68,52.2,50.83,54.0,0,1,2
3724,2025-12-14,1,35,3,26,312,24.96,0.0,190.32,21.9,0,0,1,1,0
3725,2024-06-20,3,48,3,69,414,33.12,0.0,252.54,28.35,0,0,1,1,0
3726,2024-07-09,3,14,3,76,456,54.72,0.0,278.16,29.4,8.03,54.0,0,1,2
3727,2025-06-03,4,47,1,46,1748,0,0,1066.28,38.7,34.96,46.5,0,1,4
3728,2024-03-15,2,19,1,99,8415,673.2,0.0,5133.15,62.55,0,0,1,1,0
3729,2024-07-04,4,31,1,89,3382,0,0,2063.02,58.05,67.64,0,0,1,1
3730,2024-10-08,1,28,1,50,600,0,0,366.0,25.5,0,0,1,1,0
3731,2024-08-10,4,9,2,21,798,95.76,0.0,486.78,27.45,0,0,1,1,0
3732,2025-09-06,3,21,2,85,510,61.2,0.0,311.1,30.75,0,0,1,1,0
3733,2024-05-24,3,47,2,67,402,48.24,0.0,245.22,28.05,0,0,1,1,0
3734,2025-12-14,1,48,1,95,1140,136.8,0.0,695.4,32.25,0,0,1,1,0
3735,2025-06-14,1,46,3,75,900,72.0,0.0,549.0,29.25,0,0,1,1,0
3736,2024-05-14,1,10,2,19,228,27.36,0.0,139.08,20.85,0,0,1,1,0
3737,2025-04-30,2,13,1,89,7565,0,0,4614.65,58.05,0,0,1,1,0
3738,2025-05-20,1,27,3,76,912,109.44,0.0,556.32,29.4,0,0,1,1,0
3739,2024-11-03,4,45,1,40,1520,121.6,0.0,927.2,36.0,0,0,1,1,0
3740,2024-04-06,4,22,1,45,1710,0,0,1043.1,38.25,0,0,1,1,0
3741,2024-01-21,1,47,2,96,1152,0,0,702.72,32.4,0,0,1,1,0
3742,2025-09-29,2,36,3,86,7310,0,0,4459.1,56.7,0,0,1,1,0
3743,2025-02-19,4,3,3,33,1254,50.16,0.0,764.94,32.85,0,0,1,0,0
3744,2025-09-26,2,31,2,53,4505,360.4,0.0,2748.05,41.85,0,0,1,1,0
3745,2025-06-23,4,45,2,60,2280,182.4,2097.6,1390.8,45.0,0,0,1,1,0
3746,2025-10-21,1,40,2,54,648,77.76,0.0,395.28,26.1,0,0,1,1,0
3747,2024-01-09,4,5,1,33,1254,100.32,0.0,764.94,32.85,23.07,43.25,0,0,4
3748,2024-07-17,4,23,3,53,2014,0,0,1228.54,41.85,0,0,1,0,0
3749,2024-09-07,2,45,3,86,7310,0,0,4459.1,56.7,146.2,56.5,0,1,2
3750,2024-07-07,1,41,1,32,384,15.36,0.0,234.24,22.8,0,0,1,1,0
3751,2024-05-04,1,14,2,69,828,33.12,0.0,505.08,28.35,0,0,1,1,0
3752,2025-07-26,1,16,1,23,276,0,0,168.36,21.45,5.52,0,0,1,1
3753,2025-06-04,2,8,3,85,7225,867.0,0.0,4407.25,56.25,127.16,56.25,0,1,2
3754,2024-10-16,4,5,2,74,2812,337.44,0.0,1715.32,51.3,0,0,1,1,0
3755,2024-07-23,1,12,1,83,996,79.68,0.0,607.56,30.45,0,0,1,1,0
3756,2025-10-17,2,39,3,17,1445,115.6,0.0,881.45,25.65,26.59,0,0,1,1
3757,2025-09-05,3,29,2,74,444,17.76,0.0,270.84,29.1,0,0,1,1,0
3758,2025-09-08,4,29,3,38,1444,115.52,0.0,880.84,35.1,26.57,44.5,0,1,2
3759,2024-07-13,2,26,3,47,3995,319.6,0.0,2436.95,39.15,73.51,46.75,0,1,2
3760,2025-06-04,1,2,3,15,180,21.6,0.0,109.8,20.25,3.17,38.75,0,1,2
3761,2024-06-13,1,2,1,89,1068,85.44,0.0,651.48,31.35,0,0,1,1,0
3762,2025-12-05,3,11,1,24,144,11.52,0.0,87.84,21.6,0,0,1,1,0
3763,2024-08-08,4,37,2,89,3382,0,0,2063.02,58.05,67.64,57.25,0,1,2
3764,2025-03-08,3,15,1,29,174,20.88,0.0,106.14,22.35,0,0,1,1,0
3765,2024-09-28,1,6,1,72,864,69.12,0.0,527.04,28.8,15.9,0,0,1,1
3766,2024-01-23,3,21,2,63,378,0,0,230.58,27.45,0,0,1,1,0
3767,2024-10-24,2,25,3,68,5780,462.4,0.0,3525.8,48.6,106.35,0,0,1,1
3768,2025-09-21,1,17,3,49,588,23.52,0.0,358.68,25.35,11.29,47.25,0,1,4
3769,2024-03-23,4,11,1,65,2470,98.8,2371.2,1506.7,47.25,0,0,1,1,0
3770,2025-06-21,1,15,2,40,480,38.4,0.0,292.8,24.0,8.83,0,0,1,1
3771,2024-05-29,3,11,2,83,498,59.76,0.0,303.78,30.45,8.76,0,0,1,1
3772,2025-04-13,4,41,1,10,380,45.6,0.0,231.8,22.5,6.69,0,0,1,1
3773,2025-04-29,4,5,3,60,2280,0,0,1390.8,45.0,45.6,0,0,1,1
3774,2024-01-18,1,37,3,76,912,109.44,0.0,556.32,29.4,16.05,54.0,0,1,4
3775,2024-10-11,2,16,2,42,3570,428.4,0.0,2177.7,36.9,62.83,45.5,0,1,2
3776,2025-12-13,3,35,3,47,282,11.28,0.0,172.02,25.05,0,0,1,1,0
3777,2024-08-30,2,5,3,66,5610,224.4,0.0,3422.1,47.7,0,0,1,1,0
3778,2024-01-29,1,46,3,37,444,0,0,270.84,23.55,0,0,1,1,0
3779,2024-06-20,2,44,3,65,5525,663.0,0.0,3370.25,47.25,97.24,0,0,1,1
3780,2025-03-27,1,9,1,25,300,24.0,0.0,183.0,21.75,0,0,1,1,0
3781,2024-07-14,3,46,1,50,300,24.0,0.0,183.0,25.5,5.52,47.5,0,1,2
3782,2025-09-16,3,28,3,90,540,64.8,0.0,329.4,31.5,9.5,57.5,0,1,4
3783,2025-09-22,3,10,2,17,102,0,0,62.22,20.55,2.04,39.25,0,1,2
3784,2025-11-26,3,12,1,80,480,57.6,0.0,292.8,30.0,0,0,1,1,0
3785,2024-09-04,4,16,2,86,3268,130.72,0.0,1993.48,56.7,0,0,1,0,0
3786,2024-02-04,3,44,2,23,138,11.04,0.0,84.18,21.45,0,0,1,1,0
3787,2024-07-24,2,17,3,65,5525,663.0,4862.0,3370.25,47.25,0,0,1,1,0
3788,2025-06-30,4,18,1,32,1216,48.64,0.0,741.76,32.4,0,0,1,1,0
3789,2025-05-23,4,29,3,62,2356,0,0,1437.16,45.9,47.12,50.5,0,1,2
3790,2024-10-05,1,22,1,72,864,34.56,0.0,527.04,28.8,16.59,0,0,1,1
3791,2024-07-13,4,13,2,75,2850,228.0,0.0,1738.5,51.75,0,0,1,1,0
3792,2025-12-15,3,12,1,32,192,0,0,117.12,22.8,0,0,1,1,0
3793,2024-02-07,1,24,2,88,1056,126.72,0.0,644.16,31.2,0,0,1,1,0
3794,2024-08-27,2,18,3,93,7905,316.2,0.0,4822.05,59.85,0,0,1,1,0
3795,2024-08-20,3,23,2,72,432,51.84,0.0,263.52,28.8,7.6,53.0,0,1,4
3796,2024-09-04,1,11,3,45,540,64.8,0.0,329.4,24.75,0,0,1,1,0
3797,2025-06-16,2,47,3,71,6035,241.4,0.0,3681.35,49.95,115.87,52.75,0,1,2
3798,2024-12-31,1,36,3,10,120,4.8,0.0,73.2,19.5,0,0,1,1,0
3799,2024-05-20,3,8,1,59,354,0,0,215.94,26.85,0,0,1,1,0
3800,2024-06-10,4,32,1,71,2698,323.76,0.0,1645.78,49.95,47.48,52.75,0,1,2
3801,2024-04-16,2,13,3,69,5865,234.6,0.0,3577.65,49.05,0,0,1,1,0
3802,2025-03-03,4,6,3,83,3154,252.32,0.0,1923.94,55.35,0,0,1,1,0
3803,2025-03-06,1,25,2,66,792,63.36,0.0,483.12,27.9,0,0,1,1,0
3804,2024-12-07,2,15,1,47,3995,0,0,2436.95,39.15,0,0,1,1,0
3805,2024-01-25,2,11,3,38,3230,129.2,0.0,1970.3,35.1,62.02,0,0,1,1
3806,2024-09-18,1,24,1,49,588,0,0,358.68,25.35,0,0,1,1,0
3807,2025-04-04,3,24,1,77,462,36.96,0.0,281.82,29.55,0,0,1,1,0
3808,2025-09-29,3,5,3,61,366,43.92,0.0,223.26,27.15,6.44,50.25,0,1,2
3809,2024-02-09,3,25,3,32,192,15.36,0.0,117.12,22.8,0,0,1,1,0
3810,2025-01-13,4,3,3,67,2546,305.52,0.0,1553.06,48.15,44.81,51.75,0,1,2
3811,2024-02-26,4,24,2,13,494,19.76,0.0,301.34,23.85,0,0,1,1,0
3812,2024-06-24,3,28,2,95,570,0,0,347.7,32.25,0,0,1,1,0
3813,2025-11-02,2,26,2,14,1190,0,0,725.9,24.3,0,0,1,1,0
3814,2024-07-08,2,21,1,95,8075,969.0,0.0,4925.75,60.75,0,0,1,1,0
3815,2025-05-28,2,16,3,31,2635,0,0,1607.35,31.95,0,0,1,1,0
3816,2024-01-05,3,44,1,25,150,12.0,0.0,91.5,21.75,0,0,1,1,0
3817,2024-09-26,2,2,3,70,5950,714.0,0.0,3629.5,49.5,0,0,1,1,0
3818,2025-04-13,1,36,2,81,972,77.76,0.0,592.92,30.15,17.88,0,0,1,1
3819,2024-04-01,3,13,3,96,576,23.04,0.0,351.36,32.4,0,0,1,1,0
3820,2024-12-30,3,28,1,71,426,17.04,0.0,259.86,28.65,0,0,1,1,0
3821,2024-07-11,4,41,2,66,2508,0,0,1529.88,47.7,0,0,1,1,0
3822,2024-03-06,1,19,3,97,1164,46.56,0.0,710.04,32.55,0,0,1,1,0
3823,2025-08-03,3,22,2,55,330,26.4,0.0,201.3,26.25,0,0,1,1,0
3824,2024-12-23,2,18,2,40,3400,272.0,0.0,2074.0,36.0,0,0,1,1,0
3825,2025-11-25,3,47,3,93,558,0,0,340.38,31.95,0,0,1,1,0
3826,2024-06-08,4,2,2,66,2508,200.64,2307.36,1529.88,47.7,46.15,0,0,1,1
3827,2025-10-16,1,17,3,78,936,0,0,570.96,29.7,18.72,54.5,0,1,2
3828,2025-05-21,3,35,1,48,288,11.52,0.0,175.68,25.2,0,0,1,1,0
3829,2025-03-18,1,11,3,66,792,0,0,483.12,27.9,15.84,51.5,0,0,2
3830,2024-09-01,2,41,3,11,935,112.2,0.0,570.35,22.95,0,0,1,1,0
3831,2024-05-14,2,9,2,69,5865,0,5865,3577.65,49.05,0,0,1,1,0
3832,2025-02-09,3,3,1,63,378,15.12,0.0,230.58,27.45,0,0,1,1,0
3833,2025-01-27,3,20,2,77,462,36.96,0.0,281.82,29.55,0,0,1,1,0
3834,2024-12-13,1,45,3,36,432,34.56,0.0,263.52,23.4,7.95,44.0,0,1,2
3835,2025-04-05,1,39,2,68,816,32.64,783.36,497.76,28.2,0,0,1,1,0
3836,2025-08-13,3,23,3,58,348,13.92,0.0,212.28,26.7,6.68,49.5,0,1,4
3837,2024-10-08,4,34,3,58,2204,0,0,1344.44,44.1,44.08,0,0,1,1
3838,2025-02-27,2,10,3,88,7480,299.2,0.0,4562.8,57.6,0,0,1,1,0
3839,2025-07-13,1,25,2,43,516,41.28,0.0,314.76,24.45,0,0,1,1,0
3840,2024-03-29,1,22,3,92,1104,44.16,0.0,673.44,31.8,21.2,0,0,1,1
3841,2024-12-16,1,43,1,63,756,60.48,0.0,461.16,27.45,13.91,50.75,0,1,2
3842,2025-12-22,1,32,1,28,336,40.32,0.0,204.96,22.2,0,0,1,1,0
3843,2025-02-23,3,7,1,23,138,16.56,0.0,84.18,21.45,0,0,1,1,0
3844,2025-10-11,3,44,1,17,102,0,0,62.22,20.55,0,0,1,1,0
3845,2025-07-20,4,44,1,78,2964,355.68,0.0,1808.04,53.1,0,0,1,1,0
3846,2025-03-16,2,20,1,26,2210,176.8,0.0,1348.1,29.7,0,0,1,0,0
3847,2025-05-30,2,1,1,70,5950,714.0,0.0,3629.5,49.5,0,0,1,1,0
3848,2024-06-26,2,30,2,58,4930,0,0,3007.3,44.1,98.6,0,0,1,1
3849,2024-02-10,1,16,1,26,312,24.96,0.0,190.32,21.9,0,0,1,1,0
3850,2025-01-16,4,9,1,33,1254,50.16,0.0,764.94,32.85,0,0,1,1,0
3851,2025-11-11,1,25,1,23,276,22.08,0.0,168.36,21.45,0,0,1,1,0
3852,2024-11-18,4,24,1,40,1520,121.6,0.0,927.2,36.0,0,0,1,1,0
3853,2024-04-05,3,22,2,18,108,8.64,0.0,65.88,20.7,0,0,1,1,0
3854,2024-02-23,4,31,3,35,1330,159.6,0.0,811.3,33.75,0,0,1,1,0
3855,2025-03-30,1,38,3,84,1008,40.32,0.0,614.88,30.6,0,0,1,1,0
3856,2024-03-05,4,32,3,61,2318,0,0,1413.98,45.45,0,0,1,1,0
3857,2025-03-28,4,15,3,65,2470,296.4,0.0,1506.7,47.25,43.47,51.25,0,0,2
3858,2025-04-13,1,17,1,21,252,20.16,0.0,153.72,21.15,0,0,1,1,0
3859,2025-01-09,4,37,3,83,3154,126.16,0.0,1923.94,55.35,60.56,55.75,0,1,4
3860,2024-10-08,2,2,1,90,7650,306.0,0.0,4666.5,58.5,0,0,1,1,0
3861,2024-10-26,4,40,1,83,3154,126.16,0.0,1923.94,55.35,0,0,1,1,0
3862,2025-01-25,3,39,2,98,588,0,0,358.68,32.7,0,0,1,1,0
3863,2024-08-21,3,14,3,99,594,0,0,362.34,32.85,11.88,0,0,1,1
3864,2025-10-12,2,24,2,17,1445,173.4,0.0,881.45,25.65,0,0,1,1,0
3865,2025-12-01,2,7,2,11,935,74.8,0.0,570.35,22.95,17.2,0,0,1,1
3866,2025-03-20,1,30,3,86,1032,0,0,629.52,30.9,0,0,1,1,0
3867,2025-10-22,2,45,3,34,2890,346.8,0.0,1762.9,33.3,50.86,43.5,0,1,4
3868,2025-03-09,1,10,1,76,912,36.48,0.0,556.32,29.4,17.51,54.0,0,1,2
3869,2024-05-09,4,35,2,92,3496,139.84,0.0,2132.56,59.4,0,0,1,1,0
3870,2024-05-24,2,39,3,78,6630,0,0,4044.3,53.1,0,0,1,1,0
3871,2025-12-13,1,41,2,69,828,33.12,0.0,505.08,28.35,0,0,1,1,0
3872,2025-05-17,3,24,2,20,120,4.8,0.0,73.2,21.0,0,0,1,1,0
3873,2024-11-03,4,38,2,51,1938,232.56,0.0,1182.18,40.95,0,0,1,1,0
3874,2024-01-26,2,13,3,18,1530,61.2,0.0,933.3,26.1,29.38,0,0,1,1
3875,2025-10-01,1,14,2,84,1008,80.64,0.0,614.88,30.6,0,0,1,1,0
3876,2024-12-13,2,22,3,95,8075,323.0,0.0,4925.75,60.75,155.04,0,0,1,1
3877,2024-03-13,4,32,3,67,2546,305.52,0.0,1553.06,48.15,44.81,51.75,0,1,2
3878,2025-07-14,4,31,1,84,3192,383.04,0.0,1947.12,55.8,56.18,56.0,0,1,2
3879,2024-06-01,3,41,3,44,264,10.56,0.0,161.04,24.6,0,0,1,1,0
3880,2024-11-13,3,19,2,34,204,8.16,0.0,124.44,23.1,3.92,43.5,0,1,2
3881,2025-06-30,1,5,1,15,180,0,0,109.8,20.25,0,0,1,1,0
3882,2024-12-06,1,24,3,21,252,10.08,0.0,153.72,21.15,0,0,1,1,0
3883,2025-04-06,1,34,1,75,900,36.0,0.0,549.0,29.25,17.28,53.75,0,1,4
3884,2025-12-22,4,43,2,20,760,0,0,463.6,27.0,15.2,0,0,1,1
3885,2024-04-30,3,1,2,92,552,66.24,0.0,336.72,31.8,0,0,1,1,0
3886,2025-09-26,3,32,2,29,174,13.92,0.0,106.14,22.35,0,0,1,1,0
3887,2024-03-15,3,14,3,84,504,0,0,307.44,30.6,0,0,1,1,0
3888,2024-10-14,4,16,3,68,2584,0,0,1576.24,48.6,0,0,1,1,0
3889,2025-07-06,2,12,3,35,2975,119.0,0.0,1814.75,33.75,57.12,0,0,1,1
3890,2025-11-29,3,2,1,26,156,12.48,0.0,95.16,21.9,0,0,1,1,0
3891,2025-11-30,4,30,1,68,2584,206.72,0.0,1576.24,48.6,47.55,0,0,1,1
3892,2024-12-02,4,18,3,89,3382,0,0,2063.02,58.05,67.64,0,0,1,1
3893,2025-12-06,1,21,1,36,432,51.84,0.0,263.52,23.4,0,0,1,1,0
3894,2024-07-18,3,45,3,74,444,17.76,426.24,270.84,29.1,0,0,1,1,0
3895,2025-02-13,1,37,2,49,588,23.52,0.0,358.68,25.35,0,0,1,1,0
3896,2025-07-01,4,1,1,71,2698,0,0,1645.78,49.95,53.96,0,0,1,1
3897,2025-12-03,1,6,1,35,420,33.6,0.0,256.2,23.25,7.73,43.75,0,1,4
3898,2025-12-14,1,9,1,29,348,27.84,0.0,212.28,22.35,0,0,1,1,0
3899,2025-10-10,3,24,2,82,492,39.36,0.0,300.12,30.3,9.05,0,0,1,1
3900,2024-10-07,2,13,2,93,7905,948.6,0.0,4822.05,59.85,0,0,1,0,0
3901,2024-04-23,2,19,3,97,8245,659.6,0.0,5029.45,61.65,151.71,59.25,0,1,2
3902,2025-09-10,4,29,3,53,2014,0,0,1228.54,41.85,0,0,1,1,0
3903,2025-04-19,2,48,3,61,5185,414.8,0.0,3162.85,45.45,0,0,1,1,0
3904,2025-11-25,1,26,3,75,900,0,0,549.0,29.25,0,0,1,1,0
3905,2025-07-04,3,40,1,30,180,7.2,0.0,109.8,22.5,0,0,1,1,0
3906,2024-02-23,1,12,1,70,840,67.2,0.0,512.4,28.5,0,0,1,1,0
3907,2024-03-26,2,8,2,49,4165,499.8,0.0,2540.65,40.05,0,0,1,1,0
3908,2024-04-09,2,47,2,39,3315,397.8,0.0,2022.15,35.55,0,0,1,1,0
3909,2025-01-03,1,20,2,24,288,23.04,0.0,175.68,21.6,0,0,1,1,0
3910,2025-03-24,4,17,2,36,1368,54.72,0.0,834.48,34.2,26.27,44.0,0,1,4
3911,2025-08-12,1,7,2,46,552,66.24,0.0,336.72,24.9,0,0,1,1,0
3912,2025-07-30,1,37,1,51,612,24.48,0.0,373.32,25.65,0,0,1,1,0
3913,2024-07-26,1,33,3,90,1080,43.2,0.0,658.8,31.5,20.74,57.5,0,1,2
3914,2024-06-08,2,3,1,62,5270,632.4,0.0,3214.7,45.9,92.75,0,0,1,1
3915,2025-01-17,3,43,3,44,264,0,0,161.04,24.6,0,0,1,1,0
3916,2024-06-14,2,11,3,56,4760,571.2,0.0,2903.6,43.2,0,0,1,1,0
3917,2024-05-13,4,25,2,60,2280,0,0,1390.8,45.0,0,0,1,1,0
3918,2024-07-09,4,31,3,77,2926,234.08,0.0,1784.86,52.65,53.84,54.25,0,1,2
3919,2025-07-07,1,24,2,63,756,90.72,0.0,461.16,27.45,0,0,1,1,0
3920,2024-07-01,3,25,3,64,384,46.08,0.0,234.24,27.6,6.76,51.0,0,1,4
3921,2024-09-14,2,5,2,91,7735,618.8,0.0,4718.35,58.95,142.32,57.75,0,1,2
3922,2024-12-27,1,48,3,57,684,54.72,0.0,417.24,26.55,0,0,1,1,0
3923,2024-09-05,3,7,1,20,120,0,0,73.2,21.0,0,0,1,1,0
3924,2024-06-15,2,14,3,96,8160,652.8,0.0,4977.6,61.2,0,0,1,1,0
3925,2024-02-18,4,11,1,60,2280,0,0,1390.8,45.0,0,0,1,1,0
3926,2025-01-14,3,4,3,30,180,21.6,0.0,109.8,22.5,0,0,1,1,0
3927,2025-10-15,3,28,1,37,222,26.64,0.0,135.42,23.55,0,0,1,1,0
3928,2024-02-09,4,29,2,59,2242,269.04,0.0,1367.62,44.55,0,0,1,1,0
3929,2025-07-08,2,11,2,93,7905,948.6,0.0,4822.05,59.85,0,0,1,1,0
3930,2024-08-02,1,35,2,96,1152,138.24,0.0,702.72,32.4,0,0,1,1,0
3931,2024-03-20,2,34,1,24,2040,81.6,0.0,1244.4,28.8,0,0,1,1,0
3932,2024-02-02,3,38,2,63,378,45.36,0.0,230.58,27.45,6.65,50.75,0,1,2
3933,2024-10-04,1,36,2,77,924,0,0,563.64,29.55,0,0,1,1,0
3934,2025-04-03,2,8,1,80,6800,544.0,0.0,4148.0,54.0,125.12,55.0,0,1,2
3935,2025-04-11,3,34,2,50,300,24.0,0.0,183.0,25.5,0,0,1,1,0
3936,2024-04-18,1,36,1,90,1080,129.6,0.0,658.8,31.5,0,0,1,1,0
3937,2025-10-06,3,12,2,77,462,36.96,0.0,281.82,29.55,0,0,1,1,0
3938,2024-07-01,2,17,3,17,1445,57.8,0.0,881.45,25.65,27.74,0,0,1,1
3939,2025-11-02,1,31,1,32,384,46.08,0.0,234.24,22.8,6.76,43.0,0,1,2
3940,2024-05-13,4,28,2,38,1444,57.76,0.0,880.84,35.1,27.72,44.5,0,1,2
3941,2024-08-28,4,36,2,100,3800,0,0,2318.0,63.0,0,0,1,0,0
3942,2024-09-22,4,24,2,50,1900,0,0,1159.0,40.5,38.0,47.5,0,1,2
3943,2025-04-21,2,42,2,93,7905,948.6,0.0,4822.05,59.85,0,0,1,1,0
3944,2024-02-23,2,1,2,59,5015,200.6,4814.4,3059.15,44.55,0,0,1,1,0
3945,2024-10-11,4,29,2,87,3306,132.24,0.0,2016.66,57.15,0,0,1,1,0
3946,2024-06-14,1,40,3,54,648,51.84,0.0,395.28,26.1,11.92,48.5,0,1,2
3947,2025-09-24,2,7,2,24,2040,0,0,1244.4,28.8,0,0,1,1,0
3948,2024-05-31,4,39,3,25,950,114.0,0.0,579.5,29.25,16.72,41.25,0,1,2
3949,2024-06-28,1,29,3,93,1116,44.64,0.0,680.76,31.95,21.43,58.25,0,1,2
3950,2025-03-12,4,6,3,24,912,72.96,0.0,556.32,28.8,16.78,41.0,0,1,2
3951,2024-01-31,3,18,2,80,480,0,0,292.8,30.0,9.6,55.0,0,1,2
3952,2024-01-16,2,41,1,90,7650,306.0,0.0,4666.5,58.5,0,0,1,0,0
3953,2025-10-23,3,3,2,19,114,4.56,0.0,69.54,20.85,0,0,1,1,0
3954,2025-05-10,2,16,2,36,3060,244.8,0.0,1866.6,34.2,0,0,1,1,0
3955,2025-11-25,4,24,3,70,2660,0,0,1622.6,49.5,0,0,1,1,0
3956,2024-06-13,3,20,3,83,498,59.76,0.0,303.78,30.45,0,0,1,1,0
3957,2024-03-03,1,44,1,42,504,20.16,0.0,307.44,24.3,9.68,45.5,0,1,2
3958,2024-09-01,3,42,2,43,258,10.32,0.0,157.38,24.45,0,0,1,1,0
3959,2025-06-04,2,26,3,50,4250,0,4250,2592.5,40.5,0,0,1,1,0
3960,2024-01-22,2,38,3,65,5525,663.0,0.0,3370.25,47.25,0,0,1,1,0
3961,2024-12-11,3,12,3,60,360,28.8,0.0,219.6,27.0,0,0,1,1,0
3962,2025-07-08,1,21,1,46,552,0,0,336.72,24.9,11.04,46.5,0,1,2
3963,2025-09-26,3,41,3,94,564,67.68,0.0,344.04,32.1,9.93,58.5,0,0,4
3964,2024-07-30,2,33,2,27,2295,183.6,0.0,1399.95,30.15,42.23,41.75,0,1,4
3965,2024-01-16,3,3,2,81,486,19.44,0.0,296.46,30.15,0,0,1,1,0
3966,2025-09-30,2,32,2,66,5610,448.8,0.0,3422.1,47.7,0,0,1,1,0
3967,2024-04-05,1,33,2,19,228,0,0,139.08,20.85,0,0,1,1,0
3968,2024-09-23,1,42,2,81,972,77.76,0.0,592.92,30.15,17.88,55.25,0,1,2
3969,2025-07-23,3,33,3,57,342,27.36,0.0,208.62,26.55,6.29,49.25,0,1,4
3970,2025-07-26,4,17,2,26,988,0,0,602.68,29.7,0,0,1,1,0
3971,2024-10-23,4,11,1,92,3496,0,0,2132.56,59.4,0,0,1,1,0
3972,2025-07-27,1,33,1,27,324,38.88,0.0,197.64,22.05,0,0,1,1,0
3973,2025-04-15,1,43,3,17,204,16.32,0.0,124.44,20.55,0,0,1,1,0
3974,2025-04-14,1,34,2,96,1152,92.16,0.0,702.72,32.4,0,0,1,1,0
3975,2025-11-12,4,46,2,76,2888,231.04,0.0,1761.68,52.2,0,0,1,1,0
3976,2025-01-02,1,21,1,24,288,23.04,0.0,175.68,21.6,0,0,1,1,0
3977,2024-06-12,1,18,1,68,816,97.92,0.0,497.76,28.2,14.36,0,0,0,1
3978,2025-07-18,3,33,3,67,402,32.16,369.84,245.22,28.05,0,0,1,1,0
3979,2025-08-24,3,24,2,32,192,7.68,0.0,117.12,22.8,0,0,1,1,0
3980,2025-06-10,2,23,1,99,8415,0,0,5133.15,62.55,0,0,1,1,0
3981,2024-04-11,1,9,2,66,792,31.68,0.0,483.12,27.9,15.21,0,0,1,1
3982,2024-09-11,2,21,1,15,1275,102.0,0.0,777.75,24.75,0,0,1,1,0
3983,2024-03-16,3,33,2,87,522,41.76,0.0,318.42,31.05,9.6,0,0,1,1
3984,2024-09-10,2,10,1,19,1615,64.6,0.0,985.15,26.55,0,0,1,1,0
3985,2025-07-18,2,38,3,22,1870,0,0,1140.7,27.9,0,0,1,1,0
3986,2024-07-19,3,19,3,93,558,66.96,491.04,340.38,31.95,9.82,58.25,0,1,2
3987,2024-12-12,1,28,2,29,348,41.76,0.0,212.28,22.35,0,0,1,1,0
3988,2025-03-04,2,10,2,23,1955,78.2,0.0,1192.55,28.35,0,0,1,1,0
3989,2024-02-17,4,21,2,96,3648,437.76,3210.24,2225.28,61.2,0,0,1,0,0
3990,2025-01-22,2,42,3,52,4420,353.6,0.0,2696.2,41.4,81.33,48.0,0,1,2
3991,2024-08-17,3,48,2,97,582,69.84,0.0,355.02,32.55,0,0,1,1,0
3992,2024-08-19,3,22,3,47,282,11.28,0.0,172.02,25.05,0,0,1,1,0
3993,2025-01-03,2,22,3,18,1530,0,0,933.3,26.1,30.6,39.5,0,1,2
3994,2025-05-02,3,16,1,74,444,0,0,270.84,29.1,0,0,1,1,0
3995,2024-01-27,3,47,2,68,408,0,0,248.88,28.2,0,0,1,1,0
3996,2024-04-25,1,13,1,37,444,35.52,0.0,270.84,23.55,0,0,1,1,0
3997,2025-01-25,3,39,1,67,402,16.08,0.0,245.22,28.05,0,0,1,1,0
3998,2025-01-23,2,35,1,96,8160,979.2,0.0,4977.6,61.2,0,0,1,1,0
3999,2024-06-10,4,44,2,20,760,91.2,0.0,463.6,27.0,0,0,1,1,0
4000,2024-10-02,4,37,1,70,2660,106.4,0.0,1622.6,49.5,0,0,1,1,0
4001,2024-02-20,4,34,1,33,1254,100.32,0.0,764.94,32.85,0,0,1,1,0
4002,2025-02-16,2,10,3,34,2890,231.2,0.0,1762.9,33.3,0,0,1,1,0
4003,2024-06-07,4,26,2,36,1368,109.44,0.0,834.48,34.2,25.17,44.0,0,1,2
4004,2024-05-14,1,2,2,83,996,39.84,0.0,607.56,30.45,0,0,1,1,0
4005,2025-04-06,1,46,3,81,972,0,0,592.92,30.15,0,0,1,1,0
4006,2024-07-07,4,40,2,75,2850,342.0,0.0,1738.5,51.75,0,0,1,1,0
4007,2024-09-11,4,48,3,16,608,0,0,370.88,25.2,0,0,1,1,0
4008,2025-10-11,4,9,1,91,3458,276.64,0.0,2109.38,58.95,0,0,1,1,0
4009,2024-01-07,2,1,2,68,5780,462.4,0.0,3525.8,48.6,0,0,1,1,0
4010,2024-11-26,3,18,3,15,90,10.8,0.0,54.9,20.25,0,0,1,1,0
4011,2024-07-18,1,18,3,12,144,11.52,0.0,87.84,19.8,2.65,38.0,0,1,4
4012,2025-04-09,1,27,2,42,504,0,0,307.44,24.3,0,0,1,1,0
4013,2024-12-14,3,26,3,57,342,41.04,0.0,208.62,26.55,0,0,1,1,0
4014,2024-10-11,4,16,2,57,2166,86.64,0.0,1321.26,43.65,0,0,1,1,0
4015,2025-11-13,4,27,3,25,950,0,0,579.5,29.25,0,0,1,1,0
4016,2024-07-28,3,29,1,60,360,43.2,0.0,219.6,27.0,0,0,1,1,0
4017,2024-12-20,3,30,3,19,114,4.56,0.0,69.54,20.85,0,0,1,1,0
4018,2024-03-11,2,19,3,86,7310,584.8,0.0,4459.1,56.7,0,0,1,1,0
4019,2025-03-08,3,14,1,54,324,38.88,0.0,197.64,26.1,0,0,1,1,0
4020,2024-04-20,2,15,1,55,4675,561.0,4114.0,2851.75,42.75,0,0,1,1,0
4021,2024-12-09,1,47,2,52,624,0,0,380.64,25.8,0,0,1,1,0
4022,2024-04-20,1,13,1,39,468,18.72,0.0,285.48,23.85,8.99,44.75,0,1,4
4023,2024-01-30,4,20,1,33,1254,100.32,0.0,764.94,32.85,0,0,1,1,0
4024,2024-09-12,2,13,1,83,7055,564.4,0.0,4303.55,55.35,0,0,1,1,0
4025,2024-02-14,1,37,1,60,720,28.8,0.0,439.2,27.0,0,0,1,1,0
4026,2025-11-22,1,7,1,41,492,0,0,300.12,24.15,0,0,1,1,0
4027,2025-08-08,3,1,2,56,336,40.32,0.0,204.96,26.4,0,0,1,1,0
4028,2024-01-08,2,31,3,71,6035,241.4,0.0,3681.35,49.95,115.87,0,0,1,1
4029,2024-09-18,4,11,1,80,3040,243.2,0.0,1854.4,54.0,55.94,0,0,1,1
4030,2025-09-12,3,39,3,65,390,46.8,0.0,237.9,27.75,6.86,51.25,0,1,2
4031,2025-02-24,1,42,2,61,732,29.28,0.0,446.52,27.15,0,0,1,1,0
4032,2024-07-17,2,33,2,69,5865,703.8,0.0,3577.65,49.05,0,0,1,1,0
4033,2025-03-09,4,23,3,24,912,109.44,0.0,556.32,28.8,16.05,0,0,1,1
4034,2024-08-19,4,20,3,26,988,0,988,602.68,29.7,0,0,1,0,0
4035,2024-06-22,3,12,3,76,456,54.72,0.0,278.16,29.4,0,0,1,1,0
4036,2024-11-04,4,10,3,85,3230,129.2,0.0,1970.3,56.25,0,0,1,1,0
4037,2024-05-17,3,20,2,30,180,7.2,0.0,109.8,22.5,0,0,1,1,0
4038,2024-08-28,3,31,1,84,504,60.48,0.0,307.44,30.6,0,0,1,1,0
4039,2025-12-16,4,30,1,58,2204,176.32,0.0,1344.44,44.1,0,0,1,1,0
4040,2024-08-25,4,36,1,92,3496,139.84,0.0,2132.56,59.4,0,0,1,1,0
4041,2024-08-18,4,2,1,26,988,0,0,602.68,29.7,0,0,1,1,0
4042,2025-04-16,2,42,1,52,4420,176.8,0.0,2696.2,41.4,0,0,1,1,0
4043,2024-09-30,4,45,1,91,3458,0,0,2109.38,58.95,69.16,0,0,1,1
4044,2025-03-29,2,10,2,34,2890,115.6,0.0,1762.9,33.3,0,0,1,1,0
4045,2024-08-26,1,28,3,84,1008,0,0,614.88,30.6,0,0,1,1,0
4046,2024-11-09,1,32,1,54,648,77.76,0.0,395.28,26.1,0,0,1,1,0
4047,2024-12-23,4,34,1,21,798,31.92,0.0,486.78,27.45,15.32,40.25,0,1,2
4048,2024-06-19,2,7,3,40,3400,136.0,0.0,2074.0,36.0,0,0,1,1,0
4049,2025-09-29,4,37,3,12,456,36.48,0.0,278.16,23.4,0,0,1,1,0
4050,2024-12-15,2,20,3,69,5865,469.2,0.0,3577.65,49.05,107.92,0,0,1,1
4051,2024-02-09,4,39,1,69,2622,0,0,1599.42,49.05,0,0,1,1,0
4052,2025-12-02,2,44,3,10,850,0,0,518.5,22.5,17.0,37.5,0,0,2
4053,2025-12-09,1,42,2,63,756,0,0,461.16,27.45,0,0,1,1,0
4054,2025-09-30,3,33,3,79,474,37.92,0.0,289.14,29.85,0,0,1,1,0
4055,2025-01-30,2,3,1,30,2550,0,0,1555.5,31.5,0,0,1,1,0
4056,2025-11-22,2,38,3,57,4845,0,0,2955.45,43.65,96.9,49.25,0,1,2
4057,2025-02-03,2,41,3,83,7055,282.2,0.0,4303.55,55.35,0,0,1,1,0
4058,2024-04-04,4,6,3,36,1368,0,0,834.48,34.2,0,0,1,1,0
4059,2024-03-01,4,31,3,32,1216,97.28,0.0,741.76,32.4,22.37,43.0,0,1,2
4060,2025-07-06,1,32,2,81,972,77.76,0.0,592.92,30.15,0,0,1,1,0
4061,2024-02-09,4,15,2,36,1368,109.44,1258.56,834.48,34.2,25.17,0,0,1,1
4062,2025-02-28,1,48,1,36,432,51.84,0.0,263.52,23.4,0,0,1,1,0
4063,2025-12-07,3,7,1,23,138,16.56,0.0,84.18,21.45,0,0,1,1,0
4064,2024-05-13,3,4,1,82,492,0,0,300.12,30.3,0,0,1,0,0
4065,2025-12-18,2,39,3,35,2975,357.0,0.0,1814.75,33.75,52.36,43.75,0,1,2
4066,2025-06-06,1,38,2,64,768,30.72,0.0,468.48,27.6,14.75,51.0,0,1,2
4067,2025-06-03,1,27,3,14,168,0,0,102.48,20.1,0,0,1,1,0
4068,2024-03-04,2,19,1,18,1530,183.6,1346.4,933.3,26.1,0,0,1,1,0
4069,2024-06-21,3,19,2,68,408,16.32,0.0,248.88,28.2,0,0,1,1,0
4070,2024-01-02,1,18,1,57,684,0,0,417.24,26.55,0,0,1,1,0
4071,2025-08-12,3,3,3,40,240,9.6,0.0,146.4,24.0,0,0,1,1,0
4072,2024-10-17,4,12,3,56,2128,0,0,1298.08,43.2,0,0,1,0,0
4073,2025-02-03,1,20,1,45,540,21.6,0.0,329.4,24.75,0,0,1,0,0
4074,2025-08-29,3,19,3,82,492,0,0,300.12,30.3,0,0,1,1,0
4075,2024-09-06,3,13,3,34,204,8.16,0.0,124.44,23.1,3.92,0,0,1,1
4076,2025-11-18,3,40,3,51,306,36.72,0.0,186.66,25.65,0,0,1,1,0
4077,2025-08-06,1,21,2,20,240,28.8,0.0,146.4,21.0,0,0,1,1,0
4078,2024-01-02,3,28,2,79,474,0,0,289.14,29.85,0,0,1,1,0
4079,2025-08-01,3,36,1,11,66,7.92,0.0,40.26,19.65,0,0,1,1,0
4080,2024-12-03,4,20,3,65,2470,296.4,0.0,1506.7,47.25,43.47,51.25,0,1,2
4081,2024-09-15,2,9,3,68,5780,462.4,0.0,3525.8,48.6,106.35,52.0,0,1,4
4082,2024-10-21,3,22,1,28,168,13.44,0.0,102.48,22.2,0,0,1,1,0
4083,2025-08-20,2,18,1,14,1190,0,0,725.9,24.3,0,0,1,1,0
4084,2024-09-01,1,14,2,19,228,18.24,0.0,139.08,20.85,0,0,1,1,0
4085,2024-09-22,4,21,1,23,874,69.92,0.0,533.14,28.35,0,0,1,1,0
4086,2024-10-17,4,5,1,49,1862,74.48,0.0,1135.82,40.05,0,0,1,1,0
4087,2024-11-03,4,1,3,69,2622,0,2622,1599.42,49.05,52.44,52.25,0,1,2
4088,2025-09-20,3,25,3,96,576,23.04,0.0,351.36,32.4,0,0,1,1,0
4089,2024-05-27,1,12,1,28,336,40.32,0.0,204.96,22.2,0,0,1,1,0
4090,2025-03-04,1,45,3,37,444,0,0,270.84,23.55,8.88,0,0,1,1
4091,2025-11-17,4,16,2,18,684,27.36,0.0,417.24,26.1,0,0,1,1,0
4092,2025-07-27,4,43,3,89,3382,0,0,2063.02,58.05,0,0,1,1,0
4093,2024-01-01,3,14,1,11,66,0,0,40.26,19.65,1.32,37.75,0,1,2
4094,2024-01-05,1,6,1,22,264,21.12,0.0,161.04,21.3,0,0,1,1,0
4095,2024-09-11,3,40,3,41,246,9.84,0.0,150.06,24.15,4.72,45.25,0,1,2
4096,2024-08-19,3,15,3,59,354,0,0,215.94,26.85,0,0,1,1,0
4097,2024-03-19,3,3,1,97,582,46.56,0.0,355.02,32.55,0,0,1,1,0
4098,2024-01-28,4,33,2,23,874,69.92,0.0,533.14,28.35,0,0,1,1,0
4099,2024-10-21,2,13,3,28,2380,95.2,0.0,1451.8,30.6,0,0,1,1,0
4100,2025-12-27,2,43,2,15,1275,153.0,0.0,777.75,24.75,22.44,0,0,1,1
4101,2024-03-27,3,23,3,71,426,0,0,259.86,28.65,0,0,1,1,0
4102,2024-04-18,1,38,1,28,336,13.44,0.0,204.96,22.2,0,0,1,1,0
4103,2025-10-08,2,27,3,29,2465,0,0,1503.65,31.05,0,0,1,1,0
4104,2024-12-10,3,25,3,29,174,20.88,0.0,106.14,22.35,0,0,1,1,0
4105,2025-05-27,2,6,2,92,7820,625.6,0.0,4770.2,59.4,143.89,58.0,0,1,2
4106,2024-06-30,4,21,1,29,1102,0,0,672.22,31.05,0,0,1,1,0
4107,2025-02-05,1,23,2,84,1008,120.96,0.0,614.88,30.6,0,0,1,1,0
4108,2025-10-08,3,45,3,54,324,25.92,0.0,197.64,26.1,0,0,1,1,0
4109,2024-11-07,3,11,3,91,546,43.68,0.0,333.06,31.65,10.05,57.75,0,1,2
4110,2024-04-28,3,18,2,36,216,8.64,0.0,131.76,23.4,0,0,1,1,0
4111,2025-12-15,2,26,2,10,850,34.0,0.0,518.5,22.5,0,0,1,1,0
4112,2025-12-03,3,16,3,98,588,23.52,0.0,358.68,32.7,11.29,59.5,0,1,2
4113,2024-04-25,2,36,1,10,850,0,0,518.5,22.5,0,0,1,1,0
4114,2025-05-31,2,40,2,60,5100,612.0,0.0,3111.0,45.0,0,0,1,1,0
4115,2025-07-16,1,11,1,85,1020,81.6,0.0,622.2,30.75,0,0,1,1,0
4116,2025-04-26,4,32,3,97,3686,294.88,0.0,2248.46,61.65,0,0,1,1,0
4117,2024-04-18,2,27,2,28,2380,0,0,1451.8,30.6,0,0,1,1,0
4118,2024-01-21,4,13,2,45,1710,68.4,1641.6,1043.1,38.25,0,0,1,1,0
4119,2024-09-01,4,28,2,52,1976,158.08,0.0,1205.36,41.4,36.36,0,0,1,1
4120,2024-11-12,3,8,1,56,336,0,0,204.96,26.4,0,0,1,1,0
4121,2024-07-02,1,9,1,62,744,89.28,0.0,453.84,27.3,0,0,1,1,0
4122,2024-06-02,2,41,1,60,5100,204.0,0.0,3111.0,45.0,0,0,1,1,0
4123,2024-03-08,1,43,2,82,984,39.36,0.0,600.24,30.3,18.89,55.5,0,0,2
4124,2025-09-19,1,8,1,41,492,59.04,0.0,300.12,24.15,0,0,1,1,0
4125,2025-02-14,3,12,1,54,324,0,0,197.64,26.1,0,0,1,1,0
4126,2025-11-01,2,40,1,32,2720,108.8,0.0,1659.2,32.4,52.22,0,0,1,1
4127,2025-09-12,1,41,3,43,516,41.28,0.0,314.76,24.45,9.49,45.75,0,1,2
4128,2024-06-09,4,39,1,20,760,60.8,699.2,463.6,27.0,0,0,1,1,0
4129,2024-11-27,1,26,2,76,912,72.96,0.0,556.32,29.4,0,0,1,1,0
4130,2024-12-31,4,23,2,53,2014,161.12,0.0,1228.54,41.85,0,0,1,1,0
4131,2024-03-15,3,23,3,100,600,48.0,0.0,366.0,33.0,11.04,60.0,0,1,2
4132,2024-02-28,3,46,1,48,288,0,288,175.68,25.2,0,0,1,1,0
4133,2025-01-08,3,8,3,88,528,63.36,0.0,322.08,31.2,0,0,1,1,0
4134,2024-04-19,3,15,2,38,228,18.24,0.0,139.08,23.7,0,0,1,1,0
4135,2024-01-25,2,21,3,82,6970,278.8,0.0,4251.7,54.9,0,0,1,1,0
4136,2025-12-10,4,14,1,29,1102,0,0,672.22,31.05,0,0,1,1,0
4137,2024-07-15,4,38,2,95,3610,0,0,2202.1,60.75,0,0,1,1,0
4138,2024-03-19,4,1,1,16,608,24.32,0.0,370.88,25.2,0,0,1,1,0
4139,2024-11-13,2,29,3,44,3740,0,0,2281.4,37.8,74.8,46.0,0,1,2
4140,2025-05-19,4,18,2,70,2660,106.4,0.0,1622.6,49.5,51.07,52.5,0,1,2
4141,2024-12-17,3,22,2,96,576,46.08,0.0,351.36,32.4,10.6,0,0,1,1
4142,2025-10-22,4,25,2,100,3800,0,0,2318.0,63.0,76.0,60.0,0,1,2
4143,2025-11-12,4,32,3,69,2622,104.88,0.0,1599.42,49.05,0,0,1,1,0
4144,2025-05-16,1,14,3,64,768,92.16,0.0,468.48,27.6,13.52,0,0,1,1
4145,2025-09-01,1,23,3,100,1200,48.0,0.0,732.0,33.0,23.04,0,0,1,1
4146,2024-02-22,4,5,3,34,1292,155.04,0.0,788.12,33.3,22.74,43.5,0,1,2
4147,2024-02-20,1,42,2,74,888,71.04,0.0,541.68,29.1,16.34,53.5,0,1,4
4148,2024-01-01,1,8,1,17,204,16.32,0.0,124.44,20.55,0,0,1,1,0
4149,2024-07-19,2,23,3,77,6545,0,0,3992.45,52.65,130.9,0,0,1,1
4150,2025-12-16,2,11,2,61,5185,622.2,0.0,3162.85,45.45,0,0,1,1,0
4151,2025-08-13,3,26,1,94,564,45.12,518.88,344.04,32.1,10.38,58.5,0,1,2
4152,2025-02-26,2,16,1,31,2635,105.4,0.0,1607.35,31.95,0,0,1,1,0
4153,2025-10-13,2,33,2,69,5865,703.8,0.0,3577.65,49.05,0,0,1,1,0
4154,2025-11-06,1,8,2,38,456,18.24,0.0,278.16,23.7,8.76,44.5,0,1,2
4155,2025-07-01,2,15,2,41,3485,278.8,0.0,2125.85,36.45,64.12,45.25,0,0,2
4156,2024-03-20,4,42,1,37,1406,56.24,0.0,857.66,34.65,0,0,1,1,0
4157,2025-11-05,4,36,3,14,532,21.28,0.0,324.52,24.3,0,0,1,1,0
4158,2024-06-21,2,46,1,27,2295,183.6,0.0,1399.95,30.15,0,0,1,1,0
4159,2025-12-07,1,23,3,40,480,38.4,0.0,292.8,24.0,0,0,1,1,0
4160,2025-05-02,3,27,2,67,402,32.16,0.0,245.22,28.05,0,0,1,1,0
4161,2024-06-29,1,1,1,35,420,33.6,0.0,256.2,23.25,0,0,1,1,0
4162,2024-08-18,2,3,2,10,850,102.0,0.0,518.5,22.5,14.96,0,0,1,1
4163,2024-09-18,2,41,3,83,7055,564.4,0.0,4303.55,55.35,129.81,0,0,1,1
4164,2024-11-02,1,47,2,23,276,33.12,0.0,168.36,21.45,0,0,1,1,0
4165,2025-06-29,1,34,1,57,684,54.72,0.0,417.24,26.55,0,0,1,1,0
4166,2024-08-28,4,31,2,81,3078,369.36,0.0,1877.58,54.45,0,0,1,1,0
4167,2025-05-12,4,46,1,62,2356,94.24,0.0,1437.16,45.9,45.24,0,0,1,1
4168,2024-08-25,2,40,1,86,7310,292.4,0.0,4459.1,56.7,0,0,1,1,0
4169,2024-09-21,2,13,2,32,2720,217.6,0.0,1659.2,32.4,0,0,1,1,0
4170,2024-04-29,4,17,1,40,1520,182.4,0.0,927.2,36.0,0,0,1,1,0
4171,2024-02-02,3,42,2,17,102,8.16,0.0,62.22,20.55,0,0,1,1,0
4172,2025-10-01,1,33,2,12,144,5.76,0.0,87.84,19.8,0,0,1,1,0
4173,2025-01-15,2,30,2,12,1020,81.6,0.0,622.2,23.4,0,0,1,1,0
4174,2025-09-09,4,16,2,68,2584,310.08,0.0,1576.24,48.6,45.48,52.0,0,1,4
4175,2024-10-12,4,35,2,57,2166,0,0,1321.26,43.65,0,0,1,1,0
4176,2025-03-14,3,11,3,29,174,20.88,0.0,106.14,22.35,3.06,42.25,0,1,2
4177,2024-03-03,3,12,3,93,558,22.32,0.0,340.38,31.95,10.71,0,0,1,1
4178,2024-01-22,3,47,2,61,366,14.64,0.0,223.26,27.15,0,0,1,1,0
4179,2025-07-05,2,47,1,39,3315,397.8,0.0,2022.15,35.55,0,0,1,1,0
4180,2025-09-01,3,47,2,56,336,26.88,0.0,204.96,26.4,0,0,1,1,0
4181,2025-07-13,4,27,2,98,3724,297.92,0.0,2271.64,62.1,0,0,1,0,0
4182,2024-09-15,3,46,2,32,192,15.36,0.0,117.12,22.8,0,0,1,0,0
4183,2025-09-16,4,34,1,30,1140,91.2,0.0,695.4,31.5,0,0,1,1,0
4184,2024-04-21,3,39,1,68,408,48.96,0.0,248.88,28.2,0,0,1,1,0
4185,2025-05-22,4,17,2,82,3116,0,0,1900.76,54.9,62.32,55.5,0,1,4
4186,2025-07-22,4,6,1,77,2926,351.12,0.0,1784.86,52.65,0,0,1,1,0
4187,2024-01-17,3,6,2,47,282,33.84,0.0,172.02,25.05,0,0,1,1,0
4188,2025-12-19,4,19,2,56,2128,0,0,1298.08,43.2,0,0,1,1,0
4189,2025-07-02,3,13,2,21,126,15.12,0.0,76.86,21.15,0,0,1,1,0
4190,2024-11-04,2,2,2,93,7905,0,0,4822.05,59.85,0,0,1,1,0
4191,2024-07-17,3,8,2,53,318,0,0,193.98,25.95,0,0,1,1,0
4192,2025-02-05,3,38,1,95,570,22.8,0.0,347.7,32.25,0,0,1,1,0
4193,2025-05-12,3,17,2,58,348,0,0,212.28,26.7,0,0,1,1,0
4194,2024-01-19,1,39,3,87,1044,83.52,0.0,636.84,31.05,0,0,1,1,0
4195,2024-01-08,2,3,2,91,7735,0,0,4718.35,58.95,0,0,1,1,0
4196,2025-08-28,2,27,3,17,1445,57.8,0.0,881.45,25.65,0,0,1,1,0
4197,2024-02-13,4,44,1,80,3040,243.2,0.0,1854.4,54.0,0,0,1,1,0
4198,2024-01-13,1,7,3,19,228,0,0,139.08,20.85,4.56,39.75,0,1,2
4199,2024-05-08,2,23,3,88,7480,299.2,0.0,4562.8,57.6,143.62,0,0,1,1
4200,2024-05-04,2,1,1,61,5185,414.8,0.0,3162.85,45.45,95.4,50.25,0,1,2
4201,2025-06-30,3,47,1,17,102,4.08,0.0,62.22,20.55,0,0,1,1,0
4202,2025-06-14,3,12,3,58,348,0,0,212.28,26.7,0,0,1,1,0
4203,2024-08-04,2,29,1,13,1105,44.2,0.0,674.05,23.85,0,0,1,1,0
4204,2024-02-03,2,13,3,59,5015,601.8,0.0,3059.15,44.55,88.26,49.75,0,0,2
4205,2025-12-25,1,37,3,15,180,7.2,0.0,109.8,20.25,0,0,1,1,0
4206,2025-05-23,1,28,1,45,540,64.8,0.0,329.4,24.75,0,0,1,1,0
4207,2024-05-06,1,13,3,90,1080,129.6,0.0,658.8,31.5,19.01,0,0,1,1
4208,2024-01-17,2,37,1,78,6630,530.4,0.0,4044.3,53.1,0,0,1,1,0
4209,2024-02-08,3,41,2,30,180,21.6,0.0,109.8,22.5,0,0,1,1,0
4210,2024-10-02,3,9,3,70,420,50.4,0.0,256.2,28.5,0,0,1,1,0
4211,2025-12-28,4,11,1,36,1368,0,0,834.48,34.2,27.36,44.0,0,0,2
4212,2024-09-09,1,14,2,31,372,0,0,226.92,22.65,7.44,0,0,1,1
4213,2024-11-12,2,46,2,57,4845,581.4,0.0,2955.45,43.65,0,0,1,1,0
4214,2024-10-11,1,23,1,87,1044,0,0,636.84,31.05,20.88,0,0,1,1
4215,2025-09-04,4,32,2,85,3230,258.4,0.0,1970.3,56.25,59.43,0,0,1,1
4216,2025-04-26,1,45,3,43,516,41.28,0.0,314.76,24.45,9.49,0,0,1,1
4217,2024-06-03,3,44,1,45,270,10.8,0.0,164.7,24.75,0,0,1,0,0
4218,2025-07-14,4,9,2,20,760,60.8,0.0,463.6,27.0,13.98,0,0,1,1
4219,2025-05-05,1,32,1,65,780,93.6,0.0,475.8,27.75,0,0,1,1,0
4220,2025-04-20,3,16,1,60,360,14.4,0.0,219.6,27.0,0,0,1,1,0
4221,2025-11-26,4,11,1,25,950,38.0,0.0,579.5,29.25,0,0,1,1,0
4222,2025-05-21,4,20,2,99,3762,150.48,0.0,2294.82,62.55,0,0,1,1,0
4223,2024-11-12,1,34,2,81,972,38.88,0.0,592.92,30.15,0,0,1,1,0
4224,2025-07-28,1,22,1,42,504,40.32,0.0,307.44,24.3,0,0,1,1,0
4225,2025-02-07,4,46,1,27,1026,82.08,0.0,625.86,30.15,0,0,1,1,0
4226,2024-10-18,3,44,2,39,234,18.72,0.0,142.74,23.85,4.31,0,0,0,1
4227,2024-03-21,3,48,3,19,114,9.12,0.0,69.54,20.85,0,0,1,1,0
4228,2024-01-21,3,10,1,65,390,31.2,0.0,237.9,27.75,0,0,1,1,0
4229,2024-03-21,2,39,1,42,3570,0,0,2177.7,36.9,71.4,0,0,1,1
4230,2024-01-27,3,20,1,33,198,15.84,0.0,120.78,22.95,0,0,1,1,0
4231,2025-08-06,1,4,3,85,1020,122.4,0.0,622.2,30.75,0,0,1,1,0
4232,2024-02-23,4,19,3,92,3496,139.84,0.0,2132.56,59.4,67.12,0,0,1,1
4233,2024-06-04,4,44,3,73,2774,332.88,0.0,1692.14,50.85,48.82,53.25,0,1,4
4234,2024-07-02,2,23,2,73,6205,248.2,0.0,3785.05,50.85,0,0,1,1,0
4235,2024-05-03,4,3,1,62,2356,94.24,0.0,1437.16,45.9,0,0,1,1,0
4236,2025-01-26,1,16,1,72,864,69.12,0.0,527.04,28.8,0,0,1,1,0
4237,2025-03-13,2,38,2,41,3485,418.2,0.0,2125.85,36.45,0,0,1,1,0
4238,2025-09-28,1,38,3,100,1200,48.0,0.0,732.0,33.0,0,0,1,1,0
4239,2025-11-07,4,4,2,56,2128,255.36,0.0,1298.08,43.2,0,0,1,1,0
4240,2024-04-30,4,12,3,31,1178,141.36,0.0,718.58,31.95,0,0,1,1,0
4241,2024-08-17,4,20,1,99,3762,300.96,0.0,2294.82,62.55,0,0,1,1,0
4242,2025-02-14,3,42,3,60,360,43.2,0.0,219.6,27.0,6.34,50.0,0,1,2
4243,2025-04-02,4,19,1,23,874,0,0,533.14,28.35,0,0,1,1,0
4244,2024-08-12,2,22,3,14,1190,0,0,725.9,24.3,0,0,1,1,0
4245,2025-04-08,4,1,1,47,1786,214.32,0.0,1089.46,39.15,0,0,1,1,0
4246,2025-05-08,4,39,1,62,2356,0,0,1437.16,45.9,0,0,1,1,0
4247,2024-07-24,1,35,1,30,360,0,0,219.6,22.5,0,0,1,1,0
4248,2024-12-21,1,44,1,55,660,26.4,0.0,402.6,26.25,12.67,0,0,1,1
4249,2024-12-04,4,28,3,98,3724,446.88,0.0,2271.64,62.1,0,0,1,1,0
4250,2024-05-17,1,19,3,62,744,59.52,0.0,453.84,27.3,13.69,0,0,1,1
4251,2025-09-12,4,8,1,78,2964,118.56,0.0,1808.04,53.1,0,0,1,1,0
4252,2024-05-10,4,36,2,86,3268,261.44,0.0,1993.48,56.7,0,0,1,1,0
4253,2025-11-02,1,7,2,70,840,67.2,0.0,512.4,28.5,15.46,52.5,0,1,2
4254,2024-01-06,1,29,2,59,708,84.96,0.0,431.88,26.85,0,0,1,1,0
4255,2024-05-04,3,39,1,84,504,0,0,307.44,30.6,10.08,0,0,1,1
4256,2025-05-20,4,18,1,42,1596,0,0,973.56,36.9,31.92,0,0,1,1
4257,2024-12-28,3,8,3,33,198,0,0,120.78,22.95,0,0,1,1,0
4258,2024-06-20,2,48,3,58,4930,591.6,0.0,3007.3,44.1,86.77,49.5,0,1,2
4259,2024-07-31,1,12,3,82,984,39.36,0.0,600.24,30.3,0,0,1,1,0
4260,2025-08-23,3,6,3,26,156,0,0,95.16,21.9,0,0,1,1,0
4261,2024-01-02,3,33,3,16,96,3.84,0.0,58.56,20.4,1.84,0,0,1,1
4262,2025-12-22,3,43,1,85,510,61.2,0.0,311.1,30.75,0,0,1,1,0
4263,2025-10-29,3,29,1,58,348,0,0,212.28,26.7,6.96,49.5,0,1,2
4264,2025-12-13,4,24,1,38,1444,57.76,0.0,880.84,35.1,0,0,1,1,0
4265,2025-04-26,1,9,3,39,468,0,0,285.48,23.85,0,0,1,1,0
4266,2024-12-27,4,36,1,69,2622,104.88,0.0,1599.42,49.05,50.34,52.25,0,1,2
4267,2025-03-30,4,41,3,20,760,60.8,699.2,463.6,27.0,0,0,1,1,0
4268,2025-05-01,1,6,3,34,408,32.64,0.0,248.88,23.1,7.51,0,0,1,1
4269,2024-02-04,3,27,3,49,294,35.28,0.0,179.34,25.35,5.17,47.25,0,1,2
4270,2024-07-11,4,2,1,22,836,66.88,0.0,509.96,27.9,0,0,1,1,0
4271,2025-03-21,1,13,2,51,612,48.96,0.0,373.32,25.65,11.26,47.75,0,1,2
4272,2025-09-09,4,13,1,78,2964,118.56,0.0,1808.04,53.1,0,0,1,1,0
4273,2024-05-12,4,39,3,52,1976,79.04,0.0,1205.36,41.4,37.94,48.0,0,1,4
4274,2025-07-13,2,25,2,71,6035,241.4,0.0,3681.35,49.95,115.87,0,0,1,1
4275,2025-01-21,2,22,2,16,1360,108.8,1251.2,829.6,25.2,0,0,1,1,0
4276,2025-12-23,3,42,3,55,330,39.6,0.0,201.3,26.25,0,0,1,1,0
4277,2024-09-29,2,39,2,71,6035,241.4,5793.6,3681.35,49.95,0,0,1,1,0
4278,2024-08-24,2,16,1,43,3655,438.6,0.0,2229.55,37.35,0,0,1,1,0
4279,2025-04-21,2,30,3,96,8160,979.2,0.0,4977.6,61.2,143.62,0,0,1,1
4280,2024-04-22,2,10,1,34,2890,231.2,2658.8,1762.9,33.3,0,0,1,1,0
4281,2024-01-06,3,1,1,81,486,0,0,296.46,30.15,0,0,1,1,0
4282,2024-09-19,3,33,1,92,552,66.24,0.0,336.72,31.8,0,0,1,1,0
4283,2024-01-26,1,45,1,53,636,25.44,0.0,387.96,25.95,12.21,48.25,0,1,4
4284,2024-03-11,4,41,1,73,2774,0,0,1692.14,50.85,0,0,1,1,0
4285,2025-07-13,1,3,3,18,216,17.28,0.0,131.76,20.7,3.97,39.5,0,1,4
4286,2024-08-18,2,19,3,11,935,37.4,0.0,570.35,22.95,17.95,0,0,0,1
4287,2024-06-17,1,41,2,33,396,31.68,0.0,241.56,22.95,0,0,1,1,0
4288,2025-02-13,1,27,3,33,396,0,0,241.56,22.95,0,0,1,1,0
4289,2024-10-22,3,18,2,11,66,5.28,0.0,40.26,19.65,1.21,37.75,0,1,2
4290,2024-05-24,1,38,2,74,888,71.04,816.96,541.68,29.1,0,0,1,1,0
4291,2025-11-08,2,42,3,70,5950,714.0,0.0,3629.5,49.5,104.72,0,0,1,1
4292,2025-03-02,2,11,2,79,6715,805.8,0.0,4096.15,53.55,0,0,1,1,0
4293,2025-06-28,4,41,1,33,1254,50.16,1203.84,764.94,32.85,24.08,0,0,1,1
4294,2024-04-18,3,34,1,58,348,41.76,0.0,212.28,26.7,6.12,49.5,0,0,2
4295,2025-04-12,2,26,3,73,6205,744.6,0.0,3785.05,50.85,0,0,1,1,0
4296,2025-10-14,4,25,2,57,2166,173.28,0.0,1321.26,43.65,0,0,1,1,0
4297,2025-06-09,1,28,2,96,1152,0,0,702.72,32.4,0,0,1,1,0
4298,2024-05-17,3,38,3,21,126,10.08,0.0,76.86,21.15,2.32,40.25,0,0,2
4299,2025-06-01,2,20,2,80,6800,816.0,0.0,4148.0,54.0,119.68,0,0,1,1
4300,2025-02-04,3,18,1,74,444,0,0,270.84,29.1,0,0,1,1,0
4301,2024-02-16,3,36,1,12,72,5.76,0.0,43.92,19.8,0,0,1,1,0
4302,2024-12-11,2,46,3,98,8330,666.4,0.0,5081.3,62.1,0,0,1,1,0
4303,2025-05-08,2,12,2,98,8330,333.2,0.0,5081.3,62.1,0,0,1,1,0
4304,2024-10-29,3,40,1,48,288,34.56,0.0,175.68,25.2,5.07,47.0,0,1,2
4305,2024-05-01,3,28,1,47,282,11.28,0.0,172.02,25.05,0,0,1,1,0
4306,2025-03-14,4,8,2,22,836,100.32,0.0,509.96,27.9,0,0,1,1,0
4307,2025-02-16,4,9,1,36,1368,164.16,0.0,834.48,34.2,24.08,44.0,0,1,2
4308,2025-07-31,4,44,2,36,1368,54.72,0.0,834.48,34.2,0,0,1,1,0
4309,2024-08-02,4,4,1,55,2090,250.8,0.0,1274.9,42.75,36.78,48.75,0,1,2
4310,2024-11-08,1,7,3,87,1044,125.28,0.0,636.84,31.05,0,0,1,1,0
4311,2024-01-04,4,33,2,74,2812,224.96,0.0,1715.32,51.3,0,0,1,1,0
4312,2024-03-21,3,28,1,37,222,26.64,0.0,135.42,23.55,0,0,1,1,0
4313,2025-10-13,1,35,3,13,156,18.72,0.0,95.16,19.95,2.75,0,0,1,1
4314,2025-06-18,4,21,2,88,3344,0,0,2039.84,57.6,0,0,1,1,0
4315,2024-07-26,4,15,2,54,2052,82.08,0.0,1251.72,42.3,0,0,1,1,0
4316,2025-05-08,4,10,1,17,646,51.68,0.0,394.06,25.65,11.89,39.25,0,1,4
4317,2024-09-02,2,5,2,13,1105,0,0,674.05,23.85,0,0,1,1,0
4318,2025-08-26,2,39,3,70,5950,238.0,0.0,3629.5,49.5,0,0,1,1,0
4319,2025-08-26,4,2,3,56,2128,255.36,0.0,1298.08,43.2,0,0,1,1,0
4320,2024-06-04,3,31,1,39,234,18.72,0.0,142.74,23.85,0,0,1,1,0
4321,2025-11-30,2,29,1,34,2890,231.2,0.0,1762.9,33.3,53.18,0,0,1,1
4322,2024-12-21,3,6,3,66,396,0,0,241.56,27.9,0,0,1,1,0
4323,2025-09-30,1,7,3,12,144,5.76,0.0,87.84,19.8,0,0,1,1,0
4324,2025-05-22,2,14,1,72,6120,489.6,0.0,3733.2,50.4,0,0,1,1,0
4325,2025-08-20,1,15,1,95,1140,91.2,0.0,695.4,32.25,0,0,1,1,0
4326,2025-07-14,3,5,1,98,588,70.56,0.0,358.68,32.7,0,0,1,1,0
4327,2024-10-01,3,2,1,60,360,43.2,0.0,219.6,27.0,0,0,1,1,0
4328,2025-12-03,1,24,1,99,1188,47.52,0.0,724.68,32.85,0,0,1,1,0
4329,2024-09-30,1,47,1,39,468,18.72,0.0,285.48,23.85,0,0,1,1,0
4330,2025-02-06,4,18,2,29,1102,132.24,0.0,672.22,31.05,0,0,1,1,0
4331,2025-08-28,1,11,2,69,828,66.24,0.0,505.08,28.35,15.24,52.25,0,1,2
4332,2025-03-21,1,39,2,44,528,42.24,0.0,322.08,24.6,9.72,46.0,0,1,2
4333,2024-06-15,2,46,1,62,5270,632.4,0.0,3214.7,45.9,92.75,50.5,0,1,2
4334,2025-07-09,2,3,2,23,1955,0,0,1192.55,28.35,0,0,1,1,0
4335,2025-09-29,4,32,3,13,494,19.76,0.0,301.34,23.85,9.48,38.25,0,0,4
4336,2025-07-10,1,27,3,19,228,18.24,0.0,139.08,20.85,0,0,1,1,0
4337,2025-10-06,4,36,3,62,2356,0,0,1437.16,45.9,47.12,50.5,0,1,2
4338,2024-04-08,2,3,1,15,1275,102.0,0.0,777.75,24.75,0,0,1,1,0
4339,2025-03-01,3,42,2,69,414,0,0,252.54,28.35,0,0,1,1,0
4340,2024-02-16,2,20,1,88,7480,0,0,4562.8,57.6,149.6,57.0,0,1,2
4341,2024-06-13,1,42,3,12,144,11.52,0.0,87.84,19.8,0,0,1,1,0
4342,2024-06-16,2,43,3,45,3825,153.0,0.0,2333.25,38.25,73.44,46.25,0,1,4
4343,2024-07-13,3,12,2,86,516,20.64,0.0,314.76,30.9,0,0,1,1,0
4344,2025-01-28,2,43,1,22,1870,74.8,0.0,1140.7,27.9,35.9,40.5,0,1,4
4345,2025-02-27,2,13,1,24,2040,163.2,0.0,1244.4,28.8,0,0,1,1,0
4346,2025-08-31,4,16,1,99,3762,451.44,0.0,2294.82,62.55,0,0,1,1,0
4347,2025-11-13,4,14,2,59,2242,179.36,0.0,1367.62,44.55,0,0,1,1,0
4348,2025-01-16,2,3,3,88,7480,299.2,0.0,4562.8,57.6,0,0,1,0,0
4349,2024-07-08,1,40,1,30,360,28.8,0.0,219.6,22.5,0,0,1,1,0
4350,2024-07-01,1,36,3,97,1164,0,0,710.04,32.55,23.28,0,0,1,1
4351,2025-09-15,3,20,3,65,390,15.6,0.0,237.9,27.75,0,0,1,1,0
4352,2024-10-22,3,28,1,67,402,0,0,245.22,28.05,0,0,1,1,0
4353,2024-08-09,2,2,3,61,5185,414.8,0.0,3162.85,45.45,0,0,1,1,0
4354,2025-09-20,1,20,2,44,528,0,0,322.08,24.6,0,0,1,1,0
4355,2024-03-28,2,18,3,55,4675,561.0,0.0,2851.75,42.75,0,0,1,1,0
4356,2025-09-20,1,10,1,72,864,0,0,527.04,28.8,0,0,1,1,0
4357,2024-09-25,3,41,2,75,450,0,0,274.5,29.25,0,0,1,1,0
4358,2024-08-05,4,6,3,60,2280,0,0,1390.8,45.0,0,0,1,1,0
4359,2024-01-05,1,29,2,31,372,29.76,0.0,226.92,22.65,0,0,1,1,0
4360,2025-06-22,2,29,3,62,5270,0,0,3214.7,45.9,0,0,1,1,0
4361,2025-07-21,4,16,3,49,1862,223.44,0.0,1135.82,40.05,0,0,1,1,0
4362,2025-11-01,3,40,2,47,282,33.84,0.0,172.02,25.05,4.96,0,0,1,1
4363,2024-07-29,1,34,3,88,1056,84.48,0.0,644.16,31.2,0,0,1,1,0
4364,2024-11-24,1,11,2,98,1176,0,0,717.36,32.7,0,0,1,1,0
4365,2024-02-23,2,24,2,21,1785,142.8,0.0,1088.85,27.45,0,0,1,1,0
4366,2025-08-28,2,32,3,88,7480,0,0,4562.8,57.6,149.6,57.0,0,1,2
4367,2025-07-24,4,35,3,10,380,30.4,0.0,231.8,22.5,0,0,1,1,0
4368,2025-05-31,2,27,2,17,1445,57.8,0.0,881.45,25.65,27.74,39.25,0,1,2
4369,2024-10-13,3,16,3,65,390,15.6,0.0,237.9,27.75,0,0,1,1,0
4370,2024-12-15,1,14,2,91,1092,87.36,0.0,666.12,31.65,0,0,1,1,0
4371,2024-11-20,4,14,2,60,2280,273.6,0.0,1390.8,45.0,0,0,1,1,0
4372,2024-07-11,4,32,2,41,1558,124.64,0.0,950.38,36.45,0,0,1,1,0
4373,2025-03-04,4,37,3,85,3230,129.2,0.0,1970.3,56.25,0,0,1,1,0
4374,2024-11-22,3,30,1,59,354,0,0,215.94,26.85,0,0,1,1,0
4375,2024-07-31,3,11,3,10,60,2.4,0.0,36.6,19.5,1.15,37.5,0,0,2
4376,2025-11-22,1,38,3,28,336,13.44,0.0,204.96,22.2,6.45,42.0,0,1,2
4377,2024-08-10,4,35,3,60,2280,91.2,0.0,1390.8,45.0,0,0,1,1,0
4378,2025-11-28,1,7,1,40,480,57.6,0.0,292.8,24.0,0,0,1,0,0
4379,2024-01-27,2,43,3,10,850,102.0,0.0,518.5,22.5,0,0,1,1,0
4380,2025-03-13,4,39,1,42,1596,63.84,0.0,973.56,36.9,0,0,1,1,0
4381,2024-12-27,1,6,2,20,240,0,0,146.4,21.0,0,0,1,1,0
4382,2024-03-16,4,17,3,90,3420,273.6,0.0,2086.2,58.5,0,0,1,1,0
4383,2025-12-08,2,31,1,69,5865,703.8,0.0,3577.65,49.05,0,0,1,1,0
4384,2025-09-10,3,3,1,99,594,23.76,0.0,362.34,32.85,0,0,1,1,0
4385,2024-03-09,3,3,2,17,102,8.16,0.0,62.22,20.55,1.88,39.25,0,1,2
4386,2025-04-15,1,42,2,69,828,66.24,0.0,505.08,28.35,0,0,1,1,0
4387,2024-06-08,2,12,3,33,2805,0,0,1711.05,32.85,0,0,1,1,0
4388,2025-04-06,3,28,1,58,348,0,0,212.28,26.7,0,0,1,1,0
4389,2024-08-22,2,12,1,46,3910,0,0,2385.1,38.7,78.2,46.5,0,1,4
4390,2024-07-24,2,3,1,69,5865,703.8,0.0,3577.65,49.05,103.22,52.25,0,1,4
4391,2025-02-28,3,13,3,80,480,57.6,0.0,292.8,30.0,8.45,55.0,0,1,2
4392,2025-02-12,4,11,1,52,1976,0,0,1205.36,41.4,0,0,1,1,0
4393,2025-07-28,2,40,2,12,1020,0,0,622.2,23.4,0,0,1,1,0
4394,2025-08-24,1,33,1,26,312,12.48,0.0,190.32,21.9,0,0,1,1,0
4395,2024-01-29,1,46,1,21,252,0,0,153.72,21.15,0,0,1,1,0
4396,2025-11-29,1,28,3,73,876,35.04,0.0,534.36,28.95,0,0,1,1,0
4397,2025-07-05,2,1,1,93,7905,948.6,0.0,4822.05,59.85,0,0,1,1,0
4398,2024-11-15,1,11,3,39,468,0,0,285.48,23.85,9.36,44.75,0,1,2
4399,2025-01-23,4,47,1,62,2356,282.72,0.0,1437.16,45.9,0,0,1,1,0
4400,2024-04-17,2,1,2,94,7990,639.2,0.0,4873.9,60.3,0,0,1,1,0
4401,2024-01-27,4,1,2,22,836,0,836,509.96,27.9,0,0,1,1,0
4402,2025-07-08,3,42,3,94,564,22.56,0.0,344.04,32.1,10.83,0,0,1,1
4403,2025-06-07,1,43,1,43,516,41.28,0.0,314.76,24.45,0,0,1,0,0
4404,2024-10-24,4,42,3,18,684,27.36,0.0,417.24,26.1,13.13,0,0,1,1
4405,2024-11-01,1,20,2,98,1176,94.08,0.0,717.36,32.7,0,0,1,1,0
4406,2024-03-23,2,25,2,34,2890,231.2,0.0,1762.9,33.3,0,0,1,1,0
4407,2024-12-30,4,28,1,55,2090,250.8,0.0,1274.9,42.75,0,0,1,1,0
4408,2024-06-15,2,27,2,74,6290,0,0,3836.9,51.3,0,0,1,1,0
4409,2024-04-04,1,1,1,75,900,108.0,0.0,549.0,29.25,0,0,1,1,0
4410,2024-09-23,1,38,1,15,180,0,0,109.8,20.25,0,0,1,1,0
4411,2025-07-13,1,37,3,90,1080,0,0,658.8,31.5,0,0,1,1,0
4412,2024-02-20,1,19,1,96,1152,46.08,0.0,702.72,32.4,0,0,1,1,0
4413,2024-11-28,1,22,3,77,924,73.92,0.0,563.64,29.55,17.0,0,0,1,1
4414,2025-11-15,2,25,3,38,3230,258.4,0.0,1970.3,35.1,59.43,0,0,1,1
4415,2024-07-08,2,17,1,91,7735,309.4,0.0,4718.35,58.95,0,0,1,1,0
4416,2024-10-17,1,9,3,62,744,29.76,0.0,453.84,27.3,0,0,1,1,0
4417,2025-06-24,3,45,2,73,438,0,0,267.18,28.95,0,0,1,1,0
4418,2025-06-26,3,45,3,34,204,24.48,0.0,124.44,23.1,3.59,43.5,0,1,4
4419,2025-09-02,4,24,1,48,1824,72.96,0.0,1112.64,39.6,35.02,47.0,0,1,2
4420,2024-06-22,2,1,1,61,5185,0,0,3162.85,45.45,0,0,1,1,0
4421,2025-05-25,2,6,2,62,5270,210.8,0.0,3214.7,45.9,0,0,1,1,0
4422,2025-06-07,1,45,1,14,168,0,0,102.48,20.1,0,0,1,1,0
4423,2025-07-25,1,27,1,60,720,28.8,0.0,439.2,27.0,0,0,1,1,0
4424,2025-10-18,4,35,1,50,1900,228.0,0.0,1159.0,40.5,33.44,47.5,0,1,2
4425,2024-05-10,2,11,3,85,7225,578.0,0.0,4407.25,56.25,0,0,1,1,0
4426,2024-07-02,1,26,2,47,564,22.56,0.0,344.04,25.05,0,0,1,1,0
4427,2024-09-14,3,13,2,43,258,20.64,0.0,157.38,24.45,0,0,1,1,0
4428,2025-04-13,2,13,3,62,5270,421.6,0.0,3214.7,45.9,96.97,50.5,0,1,2
4429,2025-06-26,3,32,1,98,588,70.56,0.0,358.68,32.7,0,0,1,1,0
4430,2024-04-17,4,45,3,45,1710,68.4,0.0,1043.1,38.25,32.83,46.25,0,1,2
4431,2024-09-20,4,34,1,73,2774,0,0,1692.14,50.85,0,0,1,1,0
4432,2024-09-05,1,44,3,10,120,9.6,0.0,73.2,19.5,2.21,0,0,1,1
4433,2024-11-22,1,38,1,41,492,19.68,0.0,300.12,24.15,0,0,1,1,0
4434,2025-01-07,3,40,2,77,462,36.96,0.0,281.82,29.55,0,0,1,1,0
4435,2024-12-08,3,1,3,44,264,10.56,0.0,161.04,24.6,5.07,46.0,0,1,2
4436,2025-05-04,2,21,1,39,3315,397.8,0.0,2022.15,35.55,58.34,44.75,0,1,2
4437,2025-05-27,2,33,1,83,7055,564.4,0.0,4303.55,55.35,129.81,55.75,0,1,4
4438,2025-10-16,1,42,2,11,132,5.28,0.0,80.52,19.65,2.53,0,0,1,1
4439,2024-01-14,2,39,3,14,1190,95.2,0.0,725.9,24.3,21.9,38.5,0,1,2
4440,2024-09-12,1,47,2,16,192,15.36,0.0,117.12,20.4,0,0,1,1,0
4441,2025-11-10,4,22,3,46,1748,69.92,0.0,1066.28,38.7,33.56,0,0,1,1
4442,2025-11-14,4,9,3,37,1406,112.48,0.0,857.66,34.65,0,0,1,1,0
4443,2024-03-21,3,30,2,89,534,21.36,0.0,325.74,31.35,0,0,1,1,0
4444,2025-11-08,4,5,3,43,1634,0,1634,996.74,37.35,0,0,1,1,0
4445,2024-07-08,4,41,2,21,798,95.76,0.0,486.78,27.45,0,0,1,1,0
4446,2024-10-02,3,47,2,82,492,59.04,0.0,300.12,30.3,8.66,0,0,1,1
4447,2024-12-02,4,41,2,64,2432,291.84,0.0,1483.52,46.8,0,0,1,1,0
4448,2024-02-07,2,19,2,52,4420,353.6,0.0,2696.2,41.4,0,0,1,0,0
4449,2024-10-30,1,30,2,97,1164,139.68,0.0,710.04,32.55,0,0,1,1,0
4450,2024-02-28,4,19,3,70,2660,212.8,0.0,1622.6,49.5,48.94,52.5,0,1,4
4451,2024-08-06,2,44,3,54,4590,367.2,0.0,2799.9,42.3,84.46,0,0,1,1
4452,2025-04-29,4,36,3,39,1482,177.84,0.0,904.02,35.55,0,0,1,1,0
4453,2025-07-03,4,9,2,68,2584,0,0,1576.24,48.6,51.68,0,0,1,1
4454,2024-07-21,4,43,3,27,1026,123.12,0.0,625.86,30.15,0,0,1,1,0
4455,2024-11-15,3,30,3,83,498,19.92,0.0,303.78,30.45,9.56,0,0,1,1
4456,2025-01-05,4,3,1,67,2546,203.68,0.0,1553.06,48.15,0,0,1,1,0
4457,2025-05-15,4,10,2,35,1330,53.2,0.0,811.3,33.75,0,0,1,1,0
4458,2025-08-03,2,22,2,32,2720,326.4,0.0,1659.2,32.4,0,0,1,1,0
4459,2024-01-30,2,47,2,100,8500,680.0,7820.0,5185.0,63.0,0,0,1,1,0
4460,2025-07-27,1,19,1,63,756,60.48,0.0,461.16,27.45,0,0,1,1,0
4461,2024-08-17,2,48,1,55,4675,0,0,2851.75,42.75,0,0,1,1,0
4462,2024-02-03,4,40,1,67,2546,101.84,0.0,1553.06,48.15,48.88,0,0,1,1
4463,2025-11-26,3,45,2,28,168,20.16,0.0,102.48,22.2,0,0,1,1,0
4464,2024-04-21,2,11,1,94,7990,639.2,0.0,4873.9,60.3,147.02,58.5,0,1,2
4465,2025-09-05,4,2,3,95,3610,433.2,0.0,2202.1,60.75,0,0,1,1,0
4466,2025-01-08,4,22,1,62,2356,0,0,1437.16,45.9,0,0,1,1,0
4467,2025-11-15,2,43,1,30,2550,102.0,0.0,1555.5,31.5,0,0,1,0,0
4468,2025-08-08,2,26,1,92,7820,625.6,0.0,4770.2,59.4,0,0,1,1,0
4469,2025-05-07,2,14,2,11,935,37.4,0.0,570.35,22.95,0,0,1,1,0
4470,2025-12-14,1,35,2,50,600,24.0,0.0,366.0,25.5,11.52,47.5,0,1,2
4471,2025-12-23,4,42,1,92,3496,419.52,0.0,2132.56,59.4,0,0,1,1,0
4472,2025-11-07,3,9,1,40,240,0,0,146.4,24.0,0,0,1,1,0
4473,2024-09-06,1,17,3,32,384,46.08,0.0,234.24,22.8,0,0,1,1,0
4474,2024-08-19,3,38,3,83,498,39.84,0.0,303.78,30.45,0,0,1,1,0
4475,2024-01-05,4,26,2,22,836,100.32,0.0,509.96,27.9,0,0,1,1,0
4476,2024-08-28,1,30,3,86,1032,123.84,0.0,629.52,30.9,0,0,1,1,0
4477,2025-02-06,3,21,2,57,342,41.04,0.0,208.62,26.55,0,0,1,1,0
4478,2025-08-24,1,43,3,69,828,66.24,0.0,505.08,28.35,15.24,0,0,1,1
4479,2025-02-12,4,45,2,64,2432,0,0,1483.52,46.8,0,0,1,1,0
4480,2024-02-27,3,43,2,79,474,56.88,0.0,289.14,29.85,0,0,1,1,0
4481,2024-02-06,3,29,2,91,546,65.52,0.0,333.06,31.65,9.61,0,0,1,1
4482,2024-03-27,1,28,3,65,780,31.2,0.0,475.8,27.75,0,0,1,1,0
4483,2024-08-26,4,47,1,36,1368,0,0,834.48,34.2,0,0,1,1,0
4484,2025-07-02,3,5,2,68,408,32.64,0.0,248.88,28.2,0,0,1,1,0
4485,2025-10-28,3,12,2,93,558,0,0,340.38,31.95,0,0,1,1,0
4486,2025-12-30,1,42,2,33,396,0,0,241.56,22.95,7.92,0,0,1,1
4487,2025-04-16,3,20,1,21,126,15.12,0.0,76.86,21.15,0,0,1,1,0
4488,2025-09-30,1,6,2,24,288,23.04,0.0,175.68,21.6,0,0,1,1,0
4489,2025-01-06,3,23,3,37,222,26.64,0.0,135.42,23.55,3.91,44.25,0,1,2
4490,2025-07-14,2,22,1,57,4845,387.6,4457.4,2955.45,43.65,89.15,49.25,0,1,2
4491,2024-07-03,2,11,1,27,2295,183.6,0.0,1399.95,30.15,0,0,1,1,0
4492,2024-08-05,3,16,1,90,540,43.2,0.0,329.4,31.5,0,0,1,1,0
4493,2025-07-20,2,8,1,89,7565,605.2,0.0,4614.65,58.05,0,0,1,1,0
4494,2025-09-14,3,4,3,100,600,48.0,552.0,366.0,33.0,0,0,1,1,0
4495,2025-08-08,1,27,2,24,288,11.52,0.0,175.68,21.6,5.53,41.0,0,1,2
4496,2025-12-19,3,36,1,18,108,12.96,0.0,65.88,20.7,0,0,1,1,0
4497,2025-10-10,4,32,1,93,3534,424.08,0.0,2155.74,59.85,0,0,1,1,0
4498,2025-04-10,4,46,2,27,1026,82.08,0.0,625.86,30.15,0,0,1,1,0
4499,2024-07-22,3,27,1,92,552,0,0,336.72,31.8,0,0,1,1,0
4500,2025-10-06,2,13,1,56,4760,190.4,0.0,2903.6,43.2,0,0,1,1,0
4501,2024-12-16,3,34,1,45,270,10.8,0.0,164.7,24.75,0,0,1,1,0
4502,2025-06-26,2,31,3,45,3825,459.0,0.0,2333.25,38.25,0,0,1,1,0
4503,2025-01-13,1,16,1,76,912,109.44,0.0,556.32,29.4,0,0,1,1,0
4504,2025-08-05,3,42,3,72,432,17.28,0.0,263.52,28.8,0,0,1,1,0
4505,2025-02-27,4,46,3,58,2204,88.16,0.0,1344.44,44.1,42.32,0,0,1,1
4506,2025-08-05,3,31,2,61,366,43.92,0.0,223.26,27.15,0,0,1,1,0
4507,2024-03-08,1,38,2,26,312,37.44,0.0,190.32,21.9,0,0,1,1,0
4508,2025-11-08,2,2,2,23,1955,0,0,1192.55,28.35,0,0,1,1,0
4509,2025-07-16,3,9,1,34,204,16.32,0.0,124.44,23.1,0,0,1,1,0
4510,2025-08-18,4,25,3,14,532,21.28,0.0,324.52,24.3,0,0,1,1,0
4511,2024-09-13,1,31,2,89,1068,0,0,651.48,31.35,0,0,1,1,0
4512,2025-08-04,4,15,2,75,2850,114.0,0.0,1738.5,51.75,54.72,0,0,1,1
4513,2025-08-19,1,7,1,50,600,72.0,0.0,366.0,25.5,0,0,1,1,0
4514,2024-12-10,1,22,2,96,1152,138.24,0.0,702.72,32.4,20.28,59.0,0,0,2
4515,2025-12-22,3,42,1,92,552,44.16,0.0,336.72,31.8,0,0,1,1,0
4516,2025-01-27,2,45,2,62,5270,210.8,0.0,3214.7,45.9,0,0,1,1,0
4517,2025-06-22,4,7,2,26,988,118.56,0.0,602.68,29.7,17.39,0,0,1,1
4518,2024-07-03,1,6,2,75,900,36.0,0.0,549.0,29.25,0,0,1,1,0
4519,2024-03-25,4,20,2,81,3078,246.24,0.0,1877.58,54.45,0,0,1,1,0
4520,2025-09-21,1,30,1,67,804,32.16,771.84,490.44,28.05,0,0,1,1,0
4521,2024-05-11,4,9,3,19,722,86.64,0.0,440.42,26.55,0,0,1,0,0
4522,2024-08-04,1,1,3,79,948,37.92,0.0,578.28,29.85,18.2,0,0,1,1
4523,2024-05-23,3,17,3,21,126,10.08,0.0,76.86,21.15,2.32,40.25,0,1,2
4524,2024-11-17,3,6,3,60,360,14.4,345.6,219.6,27.0,0,0,1,1,0
4525,2025-03-12,2,29,2,59,5015,200.6,0.0,3059.15,44.55,96.29,49.75,0,1,4
4526,2025-07-08,1,45,2,32,384,15.36,368.64,234.24,22.8,0,0,1,1,0
4527,2025-08-13,2,12,2,93,7905,632.4,0.0,4822.05,59.85,0,0,1,1,0
4528,2025-02-08,4,45,1,12,456,36.48,0.0,278.16,23.4,0,0,1,1,0
4529,2024-10-02,3,7,3,11,66,0,0,40.26,19.65,0,0,1,1,0
4530,2024-01-12,2,36,3,54,4590,0,0,2799.9,42.3,91.8,0,0,1,1
4531,2025-05-23,4,6,3,81,3078,0,0,1877.58,54.45,0,0,1,1,0
4532,2025-05-08,3,33,2,39,234,9.36,0.0,142.74,23.85,0,0,1,1,0
4533,2024-11-05,3,24,1,95,570,22.8,0.0,347.7,32.25,0,0,1,0,0
4534,2024-09-28,3,2,3,63,378,30.24,0.0,230.58,27.45,6.96,50.75,0,1,4
4535,2024-04-04,4,20,3,90,3420,410.4,0.0,2086.2,58.5,60.19,57.5,0,1,2
4536,2024-12-02,2,21,1,75,6375,765.0,0.0,3888.75,51.75,112.2,53.75,0,0,4
4537,2024-01-22,2,15,2,44,3740,299.2,0.0,2281.4,37.8,0,0,1,1,0
4538,2025-03-08,4,38,3,68,2584,206.72,0.0,1576.24,48.6,47.55,0,0,1,1
4539,2024-11-04,2,39,2,57,4845,581.4,0.0,2955.45,43.65,85.27,0,0,1,1
4540,2025-09-15,4,42,2,73,2774,221.92,0.0,1692.14,50.85,0,0,1,1,0
4541,2025-12-19,2,29,3,49,4165,0,0,2540.65,40.05,0,0,1,1,0
4542,2025-08-24,4,44,1,12,456,0,0,278.16,23.4,0,0,1,1,0
4543,2025-08-01,3,44,3,13,78,9.36,0.0,47.58,19.95,1.37,38.25,0,1,2
4544,2024-04-21,3,13,1,23,138,5.52,0.0,84.18,21.45,2.65,0,0,1,1
4545,2024-06-18,2,16,1,78,6630,795.6,0.0,4044.3,53.1,0,0,1,1,0
4546,2025-03-08,4,5,1,73,2774,221.92,0.0,1692.14,50.85,51.04,0,0,1,1
4547,2024-02-06,4,23,2,51,1938,232.56,0.0,1182.18,40.95,0,0,1,1,0
4548,2024-12-20,3,38,2,88,528,63.36,0.0,322.08,31.2,0,0,1,1,0
4549,2024-06-27,3,25,3,85,510,0,0,311.1,30.75,10.2,0,0,0,1
4550,2025-06-22,2,1,1,42,3570,0,0,2177.7,36.9,0,0,1,1,0
4551,2025-03-03,2,39,1,28,2380,190.4,0.0,1451.8,30.6,43.79,0,0,1,1
4552,2025-06-03,4,25,1,33,1254,100.32,0.0,764.94,32.85,0,0,1,1,0
4553,2025-03-05,3,15,1,79,474,37.92,0.0,289.14,29.85,8.72,54.75,0,1,2
4554,2025-06-20,1,46,2,26,312,0,0,190.32,21.9,0,0,1,0,0
4555,2025-02-04,4,22,1,76,2888,115.52,0.0,1761.68,52.2,0,0,1,1,0
4556,2025-09-27,4,39,2,55,2090,167.2,0.0,1274.9,42.75,0,0,1,1,0
4557,2024-10-24,2,26,2,72,6120,734.4,0.0,3733.2,50.4,0,0,1,1,0
4558,2025-09-10,1,11,1,40,480,19.2,0.0,292.8,24.0,0,0,1,1,0
4559,2025-06-10,1,34,1,79,948,113.76,0.0,578.28,29.85,0,0,1,1,0
4560,2024-12-17,1,42,3,19,228,9.12,0.0,139.08,20.85,4.38,0,0,1,1
4561,2025-01-23,2,14,1,54,4590,550.8,0.0,2799.9,42.3,80.78,48.5,0,1,2
4562,2025-01-10,4,5,2,43,1634,196.08,0.0,996.74,37.35,0,0,1,1,0
4563,2024-12-05,3,3,2,34,204,0,0,124.44,23.1,0,0,1,1,0
4564,2024-05-03,1,46,2,37,444,53.28,0.0,270.84,23.55,0,0,1,1,0
4565,2024-03-27,2,2,1,60,5100,408.0,0.0,3111.0,45.0,0,0,1,1,0
4566,2025-05-29,4,41,2,20,760,30.4,0.0,463.6,27.0,14.59,40.0,0,1,4
4567,2025-10-25,2,6,3,58,4930,591.6,0.0,3007.3,44.1,0,0,1,1,0
4568,2024-05-18,3,8,3,55,330,26.4,0.0,201.3,26.25,6.07,0,0,1,1
4569,2024-09-20,3,19,2,85,510,20.4,0.0,311.1,30.75,0,0,1,1,0
4570,2025-01-20,4,31,1,56,2128,255.36,1872.64,1298.08,43.2,0,0,1,1,0
4571,2025-02-01,4,10,2,26,988,118.56,0.0,602.68,29.7,0,0,1,1,0
4572,2024-07-02,3,14,1,85,510,0,0,311.1,30.75,0,0,1,1,0
4573,2024-10-20,3,8,1,41,246,29.52,0.0,150.06,24.15,0,0,1,1,0
4574,2024-12-25,2,7,2,18,1530,122.4,0.0,933.3,26.1,0,0,1,1,0
4575,2025-04-28,3,40,1,99,594,47.52,546.48,362.34,32.85,0,0,1,1,0
4576,2024-11-20,3,29,2,69,414,49.68,0.0,252.54,28.35,0,0,1,1,0
4577,2024-04-10,4,15,2,88,3344,267.52,0.0,2039.84,57.6,0,0,1,1,0
4578,2025-08-20,3,23,2,98,588,0,0,358.68,32.7,0,0,1,1,0
4579,2024-06-07,3,16,1,86,516,0,0,314.76,30.9,0,0,1,1,0
4580,2024-05-26,3,28,2,60,360,0,0,219.6,27.0,0,0,1,1,0
4581,2025-04-06,2,13,3,92,7820,0,0,4770.2,59.4,0,0,1,1,0
4582,2025-12-12,1,22,3,56,672,0,0,409.92,26.4,0,0,1,1,0
4583,2025-05-25,1,37,3,76,912,72.96,0.0,556.32,29.4,16.78,0,0,1,1
4584,2025-05-28,3,8,3,30,180,7.2,0.0,109.8,22.5,3.46,0,0,1,1
4585,2024-12-26,4,48,3,37,1406,56.24,0.0,857.66,34.65,27.0,0,0,1,1
4586,2025-11-18,4,16,1,18,684,27.36,0.0,417.24,26.1,0,0,1,1,0
4587,2024-06-11,2,30,3,67,5695,227.8,0.0,3473.95,48.15,109.34,0,0,1,1
4588,2025-12-03,2,8,1,51,4335,520.2,0.0,2644.35,40.95,0,0,1,1,0
4589,2024-01-03,2,37,3,73,6205,248.2,0.0,3785.05,50.85,119.14,0,0,1,1
4590,2025-03-19,1,5,2,22,264,0,0,161.04,21.3,0,0,1,1,0
4591,2024-02-15,4,10,1,21,798,0,0,486.78,27.45,0,0,1,1,0
4592,2024-07-21,3,46,3,44,264,10.56,0.0,161.04,24.6,0,0,1,1,0
4593,2024-09-28,2,8,2,93,7905,632.4,0.0,4822.05,59.85,0,0,1,1,0
4594,2024-03-14,4,16,3,30,1140,136.8,0.0,695.4,31.5,0,0,1,1,0
4595,2024-09-14,4,34,3,91,3458,138.32,3319.68,2109.38,58.95,0,0,1,0,0
4596,2025-09-10,2,41,2,90,7650,306.0,7344.0,4666.5,58.5,146.88,0,0,1,1
4597,2024-03-28,1,14,1,11,132,10.56,0.0,80.52,19.65,0,0,1,1,0
4598,2024-08-27,3,25,2,24,144,17.28,0.0,87.84,21.6,0,0,1,1,0
4599,2024-04-04,3,48,3,88,528,21.12,0.0,322.08,31.2,0,0,1,1,0
4600,2025-08-02,3,12,2,35,210,25.2,0.0,128.1,23.25,3.7,0,0,1,1
4601,2025-10-10,4,17,3,28,1064,0,0,649.04,30.6,0,0,1,1,0
4602,2025-12-28,2,1,1,33,2805,336.6,0.0,1711.05,32.85,0,0,1,1,0
4603,2025-03-12,4,10,1,12,456,36.48,0.0,278.16,23.4,8.39,0,0,1,1
4604,2025-10-30,1,21,1,37,444,53.28,0.0,270.84,23.55,0,0,1,1,0
4605,2025-03-25,3,46,2,36,216,17.28,0.0,131.76,23.4,0,0,1,1,0
4606,2025-04-16,1,45,2,68,816,0,0,497.76,28.2,0,0,1,1,0
4607,2025-04-07,4,44,1,19,722,57.76,0.0,440.42,26.55,13.28,0,0,1,1
4608,2025-10-16,4,48,2,90,3420,0,0,2086.2,58.5,0,0,1,1,0
4609,2024-05-24,2,3,1,42,3570,428.4,0.0,2177.7,36.9,62.83,0,0,1,1
4610,2025-11-11,3,9,2,44,264,21.12,0.0,161.04,24.6,4.86,0,0,1,1
4611,2025-05-08,1,22,1,43,516,20.64,0.0,314.76,24.45,0,0,1,1,0
4612,2024-11-29,3,34,2,47,282,33.84,0.0,172.02,25.05,0,0,1,1,0
4613,2024-04-16,3,31,3,18,108,8.64,0.0,65.88,20.7,1.99,0,0,1,1
4614,2025-05-21,3,42,1,60,360,28.8,0.0,219.6,27.0,0,0,1,1,0
4615,2024-06-20,3,12,3,72,432,17.28,0.0,263.52,28.8,0,0,1,1,0
4616,2025-07-05,4,19,3,59,2242,0,0,1367.62,44.55,44.84,0,0,1,1
4617,2025-05-19,2,43,2,14,1190,47.6,0.0,725.9,24.3,0,0,1,1,0
4618,2024-10-20,2,7,1,49,4165,333.2,0.0,2540.65,40.05,76.64,0,0,1,1
4619,2024-06-08,3,47,2,27,162,19.44,0.0,98.82,22.05,0,0,1,1,0
4620,2024-04-12,2,31,2,84,7140,285.6,6854.4,4355.4,55.8,0,0,1,1,0
4621,2025-02-10,2,21,1,49,4165,166.6,0.0,2540.65,40.05,0,0,1,0,0
4622,2025-05-25,2,35,1,90,7650,612.0,0.0,4666.5,58.5,0,0,1,1,0
4623,2025-09-27,1,18,2,34,408,48.96,0.0,248.88,23.1,7.18,0,0,1,1
4624,2024-09-04,2,7,3,60,5100,204.0,0.0,3111.0,45.0,0,0,1,1,0
4625,2024-05-21,1,24,2,98,1176,0,0,717.36,32.7,23.52,59.5,0,1,2
4626,2025-03-18,1,27,1,26,312,37.44,0.0,190.32,21.9,0,0,1,1,0
4627,2024-09-04,4,2,3,33,1254,0,0,764.94,32.85,0,0,1,1,0
4628,2024-11-24,4,34,2,74,2812,112.48,0.0,1715.32,51.3,0,0,1,1,0
4629,2024-11-17,3,19,2,64,384,0,0,234.24,27.6,0,0,1,1,0
4630,2025-02-10,3,11,3,78,468,0,0,285.48,29.7,0,0,1,1,0
4631,2024-02-12,3,44,1,16,96,7.68,0.0,58.56,20.4,0,0,1,1,0
4632,2025-10-11,2,34,1,32,2720,0,0,1659.2,32.4,0,0,1,1,0
4633,2025-11-19,3,27,1,55,330,13.2,0.0,201.3,26.25,0,0,1,1,0
4634,2025-10-15,4,47,2,67,2546,203.68,0.0,1553.06,48.15,0,0,1,1,0
4635,2025-11-06,1,24,1,71,852,34.08,817.92,519.72,28.65,0,0,1,1,0
4636,2025-02-22,1,21,3,84,1008,40.32,0.0,614.88,30.6,19.35,56.0,0,1,2
4637,2025-08-03,3,2,2,42,252,10.08,0.0,153.72,24.3,0,0,1,1,0
4638,2024-09-11,1,45,1,46,552,0,0,336.72,24.9,0,0,1,1,0
4639,2025-07-16,4,6,3,26,988,0,0,602.68,29.7,0,0,1,1,0
4640,2025-09-03,1,31,1,80,960,38.4,0.0,585.6,30.0,0,0,1,1,0
4641,2025-08-17,2,22,1,85,7225,289.0,0.0,4407.25,56.25,0,0,1,1,0
4642,2025-05-04,3,5,3,14,84,3.36,80.64,51.24,20.1,0,0,1,1,0
4643,2025-09-13,1,26,3,79,948,37.92,0.0,578.28,29.85,0,0,1,1,0
4644,2025-09-28,4,3,1,39,1482,0,0,904.02,35.55,0,0,1,1,0
4645,2025-04-07,2,23,2,78,6630,0,0,4044.3,53.1,0,0,1,1,0
4646,2024-01-26,4,35,2,92,3496,279.68,0.0,2132.56,59.4,0,0,1,1,0
4647,2024-12-01,3,42,2,14,84,6.72,0.0,51.24,20.1,1.55,38.5,0,1,2
4648,2024-08-14,1,16,2,62,744,29.76,0.0,453.84,27.3,0,0,1,1,0
4649,2024-03-27,3,35,2,97,582,69.84,0.0,355.02,32.55,0,0,1,1,0
4650,2024-09-29,3,46,2,98,588,0,0,358.68,32.7,0,0,1,1,0
4651,2024-02-24,3,20,1,86,516,20.64,0.0,314.76,30.9,0,0,1,1,0
4652,2024-10-13,4,14,2,54,2052,246.24,0.0,1251.72,42.3,0,0,1,1,0
4653,2024-07-27,3,1,2,64,384,46.08,0.0,234.24,27.6,0,0,1,1,0
4654,2024-03-21,4,21,2,100,3800,456.0,3344.0,2318.0,63.0,0,0,1,1,0
4655,2024-10-15,3,20,3,53,318,12.72,0.0,193.98,25.95,0,0,1,1,0
4656,2024-12-26,4,39,1,37,1406,56.24,0.0,857.66,34.65,0,0,1,0,0
4657,2024-04-12,1,36,2,49,588,47.04,0.0,358.68,25.35,0,0,1,1,0
4658,2025-07-23,4,24,2,19,722,57.76,0.0,440.42,26.55,0,0,1,1,0
4659,2025-11-20,4,11,1,38,1444,57.76,0.0,880.84,35.1,0,0,1,1,0
4660,2024-01-09,3,27,1,54,324,12.96,0.0,197.64,26.1,0,0,1,1,0
4661,2024-02-10,1,22,3,41,492,19.68,0.0,300.12,24.15,9.45,45.25,0,0,2
4662,2024-08-20,4,13,1,65,2470,296.4,0.0,1506.7,47.25,43.47,51.25,0,1,2
4663,2025-09-22,3,29,1,96,576,0,0,351.36,32.4,0,0,1,1,0
4664,2025-03-31,3,43,1,15,90,0,0,54.9,20.25,0,0,1,1,0
4665,2024-12-06,2,21,3,50,4250,0,0,2592.5,40.5,0,0,1,1,0
4666,2024-01-24,2,40,2,39,3315,397.8,0.0,2022.15,35.55,0,0,1,1,0
4667,2025-03-26,2,10,2,10,850,34.0,0.0,518.5,22.5,16.32,37.5,0,1,2
4668,2024-05-17,2,5,2,50,4250,170.0,0.0,2592.5,40.5,0,0,1,1,0
4669,2025-04-22,2,26,2,77,6545,523.6,0.0,3992.45,52.65,0,0,1,1,0
4670,2025-10-09,4,23,3,72,2736,218.88,0.0,1668.96,50.4,50.34,53.0,0,1,4
4671,2024-07-18,2,1,1,59,5015,401.2,0.0,3059.15,44.55,0,0,1,1,0
4672,2025-07-21,3,25,3,19,114,13.68,0.0,69.54,20.85,0,0,1,1,0
4673,2025-01-28,2,3,1,39,3315,265.2,0.0,2022.15,35.55,0,0,1,1,0
4674,2025-11-01,2,9,2,64,5440,652.8,0.0,3318.4,46.8,95.74,0,0,1,1
4675,2025-01-17,3,13,1,86,516,61.92,0.0,314.76,30.9,0,0,1,1,0
4676,2024-06-23,4,34,3,38,1444,115.52,0.0,880.84,35.1,0,0,1,1,0
4677,2025-08-26,4,5,2,17,646,0,646,394.06,25.65,12.92,39.25,0,1,4
4678,2024-08-27,2,16,1,65,5525,663.0,0.0,3370.25,47.25,0,0,1,1,0
4679,2025-09-12,3,30,1,12,72,2.88,0.0,43.92,19.8,0,0,1,0,0
4680,2024-05-06,1,45,1,52,624,49.92,0.0,380.64,25.8,0,0,1,1,0
4681,2024-12-13,3,40,1,89,534,0,0,325.74,31.35,10.68,57.25,0,1,2
4682,2024-11-29,3,19,3,34,204,0,0,124.44,23.1,4.08,43.5,0,1,2
4683,2025-02-24,2,18,2,53,4505,540.6,0.0,2748.05,41.85,0,0,1,1,0
4684,2025-11-18,4,19,3,44,1672,66.88,0.0,1019.92,37.8,0,0,1,1,0
4685,2024-12-14,3,19,1,84,504,20.16,0.0,307.44,30.6,0,0,1,1,0
4686,2025-02-16,2,40,2,24,2040,244.8,0.0,1244.4,28.8,35.9,41.0,0,1,2
4687,2025-07-13,3,47,1,60,360,43.2,0.0,219.6,27.0,0,0,1,1,0
4688,2025-07-18,1,43,3,79,948,113.76,0.0,578.28,29.85,0,0,1,1,0
4689,2025-02-05,1,32,3,91,1092,87.36,0.0,666.12,31.65,20.09,57.75,0,1,2
4690,2024-05-20,4,41,1,75,2850,0,0,1738.5,51.75,0,0,1,1,0
4691,2024-05-26,2,15,1,67,5695,227.8,0.0,3473.95,48.15,0,0,1,1,0
4692,2025-12-17,1,37,2,77,924,36.96,0.0,563.64,29.55,0,0,1,1,0
4693,2025-06-24,4,37,1,13,494,19.76,0.0,301.34,23.85,9.48,38.25,0,1,2
4694,2025-12-10,1,17,2,93,1116,133.92,0.0,680.76,31.95,0,0,1,1,0
4695,2025-04-22,1,44,1,31,372,44.64,0.0,226.92,22.65,0,0,1,1,0
4696,2025-10-11,1,48,2,59,708,28.32,0.0,431.88,26.85,13.59,0,0,1,1
4697,2024-04-22,4,38,1,15,570,22.8,0.0,347.7,24.75,10.94,0,0,1,1
4698,2024-08-13,1,8,1,33,396,47.52,0.0,241.56,22.95,0,0,1,1,0
4699,2024-01-15,1,1,2,97,1164,0,0,710.04,32.55,23.28,59.25,0,1,2
4700,2024-09-28,1,42,2,98,1176,47.04,0.0,717.36,32.7,0,0,1,1,0
4701,2024-02-06,1,1,1,26,312,37.44,0.0,190.32,21.9,0,0,1,1,0
4702,2025-05-12,3,41,1,52,312,0,312,190.32,25.8,0,0,1,1,0
4703,2024-08-07,2,26,1,81,6885,275.4,6609.6,4199.85,54.45,132.19,55.25,0,1,2
4704,2024-08-30,4,47,1,64,2432,0,0,1483.52,46.8,48.64,0,0,1,1
4705,2024-04-14,1,39,1,88,1056,84.48,0.0,644.16,31.2,19.43,57.0,0,0,4
4706,2025-05-02,4,8,1,27,1026,41.04,0.0,625.86,30.15,0,0,1,1,0
4707,2025-09-12,2,13,3,12,1020,122.4,0.0,622.2,23.4,0,0,1,1,0
4708,2024-11-20,2,8,3,55,4675,0,0,2851.75,42.75,0,0,1,1,0
4709,2025-06-19,2,34,3,45,3825,153.0,0.0,2333.25,38.25,73.44,0,0,1,1
4710,2024-03-27,3,47,1,87,522,41.76,0.0,318.42,31.05,0,0,1,1,0
4711,2025-10-14,4,41,3,54,2052,0,0,1251.72,42.3,0,0,1,1,0
4712,2024-09-22,4,3,1,26,988,39.52,0.0,602.68,29.7,0,0,1,1,0
4713,2025-11-06,2,8,2,37,3145,125.8,0.0,1918.45,34.65,0,0,1,1,0
4714,2025-11-08,1,6,2,82,984,39.36,0.0,600.24,30.3,0,0,1,1,0
4715,2024-01-20,4,4,2,73,2774,221.92,0.0,1692.14,50.85,0,0,1,1,0
4716,2024-02-10,4,22,3,71,2698,215.84,0.0,1645.78,49.95,0,0,1,1,0
4717,2025-08-01,2,24,3,27,2295,275.4,0.0,1399.95,30.15,40.39,0,0,1,1
4718,2024-02-14,1,37,2,90,1080,129.6,0.0,658.8,31.5,0,0,1,1,0
4719,2024-06-30,4,16,1,61,2318,0,0,1413.98,45.45,46.36,50.25,0,1,2
4720,2024-04-08,1,10,2,44,528,63.36,0.0,322.08,24.6,0,0,1,1,0
4721,2024-03-12,1,30,2,48,576,69.12,0.0,351.36,25.2,10.14,47.0,0,1,2
4722,2024-10-16,4,31,1,77,2926,0,0,1784.86,52.65,58.52,54.25,0,1,2
4723,2025-07-29,2,43,3,67,5695,683.4,0.0,3473.95,48.15,0,0,1,1,0
4724,2025-08-04,3,37,3,49,294,23.52,0.0,179.34,25.35,5.41,0,0,1,1
4725,2025-02-07,3,31,2,40,240,9.6,0.0,146.4,24.0,0,0,1,1,0
4726,2025-10-26,2,11,1,65,5525,663.0,0.0,3370.25,47.25,0,0,1,1,0
4727,2025-07-04,3,28,2,88,528,42.24,0.0,322.08,31.2,0,0,1,1,0
4728,2025-08-16,3,33,2,34,204,0,0,124.44,23.1,0,0,1,1,0
4729,2025-12-02,3,5,2,32,192,15.36,0.0,117.12,22.8,0,0,1,1,0
4730,2025-05-31,3,3,2,52,312,37.44,0.0,190.32,25.8,0,0,1,1,0
4731,2025-11-08,3,38,1,75,450,36.0,0.0,274.5,29.25,0,0,1,1,0
4732,2025-10-30,4,26,2,15,570,0,0,347.7,24.75,11.4,0,0,1,1
4733,2025-09-03,1,42,1,52,624,49.92,0.0,380.64,25.8,0,0,1,1,0
4734,2025-09-27,1,28,1,39,468,56.16,0.0,285.48,23.85,0,0,1,1,0
4735,2025-07-01,1,5,1,49,588,47.04,0.0,358.68,25.35,0,0,1,1,0
4736,2024-03-05,3,20,1,36,216,25.92,0.0,131.76,23.4,0,0,1,1,0
4737,2024-03-31,3,17,2,42,252,30.24,0.0,153.72,24.3,0,0,1,1,0
4738,2024-01-23,4,19,2,86,3268,0,0,1993.48,56.7,0,0,1,1,0
4739,2025-08-10,1,46,2,86,1032,82.56,0.0,629.52,30.9,0,0,1,1,0
4740,2024-04-24,1,37,3,11,132,15.84,0.0,80.52,19.65,2.32,0,0,1,1
4741,2024-11-04,1,24,2,43,516,61.92,0.0,314.76,24.45,0,0,1,1,0
4742,2025-12-24,4,23,1,40,1520,121.6,0.0,927.2,36.0,0,0,1,1,0
4743,2025-03-12,2,32,2,13,1105,132.6,972.4,674.05,23.85,0,0,1,1,0
4744,2024-03-12,2,6,1,78,6630,795.6,0.0,4044.3,53.1,0,0,1,1,0
4745,2024-06-04,3,37,1,32,192,15.36,176.64,117.12,22.8,0,0,1,1,0
4746,2025-12-29,4,48,3,98,3724,297.92,0.0,2271.64,62.1,68.52,59.5,0,1,4
4747,2024-05-28,2,17,1,20,1700,0,0,1037.0,27.0,0,0,1,1,0
4748,2024-10-19,4,8,2,94,3572,428.64,0.0,2178.92,60.3,0,0,1,1,0
4749,2025-10-17,3,38,2,19,114,13.68,0.0,69.54,20.85,0,0,1,1,0
4750,2024-12-11,2,38,1,98,8330,333.2,0.0,5081.3,62.1,0,0,1,1,0
4751,2024-03-05,4,39,3,62,2356,0,0,1437.16,45.9,47.12,50.5,0,1,4
4752,2024-05-24,3,20,1,78,468,56.16,0.0,285.48,29.7,0,0,1,1,0
4753,2024-09-03,2,4,3,45,3825,153.0,0.0,2333.25,38.25,0,0,1,1,0
4754,2024-10-01,4,40,1,82,3116,124.64,0.0,1900.76,54.9,0,0,1,1,0
4755,2025-02-07,4,33,3,23,874,0,0,533.14,28.35,0,0,1,1,0
4756,2024-04-17,4,37,3,70,2660,212.8,0.0,1622.6,49.5,48.94,0,0,1,1
4757,2025-01-04,2,28,1,84,7140,0,0,4355.4,55.8,0,0,1,1,0
4758,2024-02-29,1,20,3,59,708,84.96,0.0,431.88,26.85,12.46,0,0,1,1
4759,2025-03-08,1,8,1,79,948,37.92,0.0,578.28,29.85,0,0,1,1,0
4760,2025-10-27,1,20,3,34,408,16.32,0.0,248.88,23.1,0,0,1,1,0
4761,2024-06-01,1,14,2,77,924,73.92,0.0,563.64,29.55,0,0,1,1,0
4762,2025-09-21,4,30,3,92,3496,419.52,0.0,2132.56,59.4,61.53,0,0,1,1
4763,2024-03-04,3,31,3,56,336,13.44,0.0,204.96,26.4,6.45,0,0,1,1
4764,2025-08-21,3,29,2,26,156,6.24,0.0,95.16,21.9,0,0,1,1,0
4765,2024-10-07,2,42,1,37,3145,0,0,1918.45,34.65,0,0,1,1,0
4766,2025-06-14,4,6,3,96,3648,0,0,2225.28,61.2,0,0,1,1,0
4767,2024-07-16,4,3,1,69,2622,104.88,0.0,1599.42,49.05,0,0,1,1,0
4768,2024-09-11,2,11,1,76,6460,0,0,3940.6,52.2,129.2,54.0,0,1,4
4769,2024-11-28,3,24,2,87,522,41.76,0.0,318.42,31.05,9.6,56.75,0,1,2
4770,2025-08-06,4,21,1,81,3078,369.36,0.0,1877.58,54.45,0,0,1,1,0
4771,2025-08-06,3,7,1,98,588,47.04,0.0,358.68,32.7,0,0,1,1,0
4772,2025-09-13,1,13,3,100,1200,0,0,732.0,33.0,24.0,60.0,0,1,2
4773,2025-11-02,3,2,2,22,132,10.56,0.0,80.52,21.3,2.43,40.5,0,1,4
4774,2025-11-10,1,4,2,46,552,66.24,0.0,336.72,24.9,9.72,0,0,1,1
4775,2025-01-11,1,13,2,77,924,0,0,563.64,29.55,0,0,1,1,0
4776,2024-07-26,2,12,3,52,4420,176.8,0.0,2696.2,41.4,0,0,1,1,0
4777,2025-02-08,3,36,1,25,150,18.0,0.0,91.5,21.75,0,0,1,1,0
4778,2025-02-08,2,36,2,75,6375,510.0,0.0,3888.75,51.75,0,0,1,1,0
4779,2025-12-13,4,18,2,63,2394,191.52,0.0,1460.34,46.35,0,0,1,1,0
4780,2024-11-14,2,38,2,97,8245,329.8,0.0,5029.45,61.65,158.3,0,0,1,1
4781,2025-01-26,2,32,3,39,3315,397.8,2917.2,2022.15,35.55,0,0,1,1,0
4782,2024-09-19,3,40,2,57,342,41.04,0.0,208.62,26.55,0,0,1,1,0
4783,2025-08-11,3,24,3,18,108,8.64,0.0,65.88,20.7,0,0,1,1,0
4784,2025-10-06,1,46,2,84,1008,40.32,0.0,614.88,30.6,0,0,1,1,0
4785,2025-10-08,3,33,1,65,390,0,0,237.9,27.75,0,0,1,1,0
4786,2024-11-26,4,39,3,95,3610,433.2,0.0,2202.1,60.75,63.54,58.75,0,1,2
4787,2024-08-24,3,39,2,85,510,61.2,0.0,311.1,30.75,0,0,1,1,0
4788,2025-10-18,1,29,2,38,456,18.24,0.0,278.16,23.7,8.76,44.5,0,1,2
4789,2024-08-10,2,23,3,33,2805,224.4,0.0,1711.05,32.85,0,0,1,1,0
4790,2024-03-25,3,23,2,73,438,52.56,0.0,267.18,28.95,0,0,1,1,0
4791,2025-07-29,3,29,1,61,366,14.64,0.0,223.26,27.15,0,0,1,1,0
4792,2025-02-12,3,10,1,27,162,12.96,0.0,98.82,22.05,0,0,1,1,0
4793,2024-04-10,4,46,3,21,798,31.92,0.0,486.78,27.45,0,0,1,1,0
4794,2024-01-07,4,45,1,49,1862,148.96,1713.04,1135.82,40.05,0,0,1,1,0
4795,2025-11-02,2,9,3,29,2465,197.2,0.0,1503.65,31.05,0,0,1,1,0
4796,2024-04-09,3,1,3,94,564,0,0,344.04,32.1,0,0,1,1,0
4797,2024-09-13,1,20,2,30,360,28.8,0.0,219.6,22.5,0,0,1,1,0
4798,2025-04-19,3,47,3,92,552,44.16,0.0,336.72,31.8,10.16,0,0,1,1
4799,2024-07-05,4,18,1,15,570,45.6,0.0,347.7,24.75,0,0,1,1,0
4800,2024-03-25,1,9,1,10,120,4.8,0.0,73.2,19.5,0,0,1,1,0
4801,2024-10-22,1,18,1,54,648,77.76,0.0,395.28,26.1,0,0,1,1,0
4802,2024-09-19,1,33,3,72,864,0,0,527.04,28.8,0,0,1,1,0
4803,2024-12-20,2,39,1,96,8160,979.2,0.0,4977.6,61.2,0,0,1,0,0
4804,2025-08-17,4,38,3,16,608,72.96,0.0,370.88,25.2,10.7,0,0,1,1
4805,2025-02-15,4,12,3,17,646,51.68,0.0,394.06,25.65,11.89,39.25,0,1,2
4806,2024-10-02,2,37,3,46,3910,156.4,3753.6,2385.1,38.7,0,0,1,1,0
4807,2025-12-16,4,33,2,68,2584,206.72,0.0,1576.24,48.6,0,0,1,1,0
4808,2025-09-07,3,2,3,42,252,0,0,153.72,24.3,0,0,1,1,0
4809,2025-01-03,2,31,1,75,6375,510.0,0.0,3888.75,51.75,0,0,1,1,0
4810,2024-10-21,2,12,1,65,5525,221.0,0.0,3370.25,47.25,0,0,1,1,0
4811,2024-11-13,1,26,1,62,744,59.52,0.0,453.84,27.3,0,0,1,1,0
4812,2025-03-05,4,44,1,80,3040,121.6,0.0,1854.4,54.0,0,0,1,1,0
4813,2024-05-18,3,27,1,30,180,21.6,0.0,109.8,22.5,3.17,42.5,0,1,2
4814,2024-07-20,3,14,1,96,576,0,0,351.36,32.4,11.52,59.0,0,1,4
4815,2024-02-14,4,34,3,97,3686,442.32,0.0,2248.46,61.65,0,0,1,1,0
4816,2024-11-04,1,33,1,11,132,10.56,0.0,80.52,19.65,0,0,1,1,0
4817,2024-02-29,1,43,2,31,372,14.88,0.0,226.92,22.65,0,0,1,1,0
4818,2025-06-18,4,40,1,35,1330,106.4,0.0,811.3,33.75,0,0,1,1,0
4819,2024-11-29,1,15,3,76,912,72.96,0.0,556.32,29.4,16.78,54.0,0,1,4
4820,2025-11-18,2,42,2,67,5695,683.4,0.0,3473.95,48.15,0,0,1,1,0
4821,2024-06-02,4,16,2,77,2926,234.08,0.0,1784.86,52.65,0,0,1,1,0
4822,2025-07-22,4,42,1,43,1634,0,0,996.74,37.35,0,0,1,1,0
4823,2024-09-15,3,39,1,81,486,38.88,0.0,296.46,30.15,0,0,1,1,0
4824,2024-12-25,2,7,2,28,2380,0,0,1451.8,30.6,47.6,0,0,1,1
4825,2024-02-22,3,6,3,10,60,2.4,0.0,36.6,19.5,0,0,1,1,0
4826,2024-11-25,4,41,2,98,3724,148.96,0.0,2271.64,62.1,0,0,1,1,0
4827,2024-04-21,3,29,1,13,78,3.12,0.0,47.58,19.95,0,0,1,1,0
4828,2024-08-03,4,34,1,52,1976,158.08,0.0,1205.36,41.4,36.36,48.0,0,1,2
4829,2025-10-04,3,5,2,59,354,0,0,215.94,26.85,7.08,0,0,1,1
4830,2025-01-02,1,9,1,89,1068,85.44,0.0,651.48,31.35,0,0,1,1,0
4831,2025-07-05,2,26,1,64,5440,217.6,0.0,3318.4,46.8,0,0,1,1,0
4832,2024-04-09,1,27,2,88,1056,0,0,644.16,31.2,0,0,1,1,0
4833,2024-03-23,1,27,3,76,912,72.96,0.0,556.32,29.4,0,0,1,1,0
4834,2024-10-14,3,27,2,77,462,55.44,0.0,281.82,29.55,8.13,54.25,0,1,2
4835,2024-05-16,3,24,2,45,270,21.6,0.0,164.7,24.75,0,0,1,1,0
4836,2024-09-19,2,10,2,38,3230,387.6,0.0,1970.3,35.1,0,0,1,1,0
4837,2025-05-31,1,5,2,60,720,0,0,439.2,27.0,0,0,1,1,0
4838,2025-09-18,3,11,1,13,78,9.36,0.0,47.58,19.95,0,0,1,1,0
4839,2025-02-19,2,38,1,92,7820,938.4,0.0,4770.2,59.4,0,0,1,1,0
4840,2024-08-20,4,4,1,25,950,76.0,0.0,579.5,29.25,17.48,0,0,1,1
4841,2025-01-13,4,11,2,59,2242,89.68,0.0,1367.62,44.55,0,0,1,1,0
4842,2025-05-05,1,25,1,11,132,10.56,0.0,80.52,19.65,0,0,1,1,0
4843,2025-07-17,1,8,2,60,720,0,0,439.2,27.0,14.4,0,0,1,1
4844,2024-02-06,4,22,3,93,3534,141.36,0.0,2155.74,59.85,0,0,1,1,0
4845,2025-11-29,4,8,2,35,1330,0,0,811.3,33.75,0,0,1,1,0
4846,2025-02-16,4,3,1,37,1406,0,0,857.66,34.65,0,0,1,1,0
4847,2024-01-15,3,21,3,24,144,0,0,87.84,21.6,0,0,1,1,0
4848,2024-12-02,2,19,2,73,6205,0,0,3785.05,50.85,0,0,1,1,0
4849,2025-04-29,3,40,2,88,528,0,0,322.08,31.2,0,0,1,1,0
4850,2024-03-30,1,40,3,40,480,0,0,292.8,24.0,0,0,1,1,0
4851,2024-06-22,3,37,3,24,144,0,0,87.84,21.6,2.88,41.0,0,1,2
4852,2025-10-04,4,16,2,88,3344,401.28,0.0,2039.84,57.6,58.85,57.0,0,1,2
4853,2024-02-13,4,19,1,88,3344,401.28,0.0,2039.84,57.6,58.85,0,0,1,1
4854,2024-11-09,3,30,2,88,528,63.36,0.0,322.08,31.2,0,0,1,1,0
4855,2024-08-09,2,37,2,95,8075,323.0,0.0,4925.75,60.75,0,0,1,1,0
4856,2025-06-04,2,14,1,19,1615,193.8,0.0,985.15,26.55,0,0,1,1,0
4857,2025-01-27,4,24,2,32,1216,145.92,0.0,741.76,32.4,0,0,1,1,0
4858,2024-10-15,2,7,2,19,1615,129.2,1485.8,985.15,26.55,0,0,1,1,0
4859,2024-08-30,1,45,1,79,948,0,0,578.28,29.85,0,0,1,1,0
4860,2024-09-23,4,14,2,78,2964,0,0,1808.04,53.1,0,0,1,1,0
4861,2025-07-12,4,5,1,73,2774,110.96,0.0,1692.14,50.85,0,0,1,1,0
4862,2024-07-12,1,22,3,69,828,66.24,0.0,505.08,28.35,0,0,1,1,0
4863,2025-07-27,4,47,3,88,3344,133.76,0.0,2039.84,57.6,0,0,1,1,0
4864,2024-06-09,1,39,2,93,1116,0,0,680.76,31.95,0,0,1,1,0
4865,2025-05-25,4,30,3,68,2584,0,0,1576.24,48.6,0,0,1,1,0
4866,2024-08-14,3,46,1,21,126,0,0,76.86,21.15,0,0,1,1,0
4867,2025-10-29,1,7,1,91,1092,43.68,0.0,666.12,31.65,0,0,1,1,0
4868,2024-11-05,2,14,3,42,3570,285.6,0.0,2177.7,36.9,65.69,0,0,1,1
4869,2025-03-12,1,45,3,61,732,87.84,0.0,446.52,27.15,0,0,1,1,0
4870,2025-06-11,4,42,2,25,950,0,0,579.5,29.25,0,0,1,1,0
4871,2025-05-31,1,41,3,69,828,33.12,0.0,505.08,28.35,0,0,1,1,0
4872,2024-03-08,2,13,2,30,2550,102.0,0.0,1555.5,31.5,0,0,1,1,0
4873,2025-07-24,2,6,3,81,6885,0,0,4199.85,54.45,137.7,0,0,1,1
4874,2024-01-28,1,8,1,43,516,20.64,0.0,314.76,24.45,0,0,1,1,0
4875,2024-12-21,4,48,3,52,1976,79.04,0.0,1205.36,41.4,37.94,48.0,0,1,2
4876,2024-11-02,2,24,3,84,7140,0,0,4355.4,55.8,0,0,1,1,0
4877,2025-02-14,4,4,3,13,494,39.52,0.0,301.34,23.85,0,0,1,1,0
4878,2024-11-30,2,17,3,34,2890,231.2,0.0,1762.9,33.3,0,0,1,1,0
4879,2024-05-02,3,41,3,63,378,30.24,0.0,230.58,27.45,6.96,50.75,0,1,2
4880,2025-06-11,3,31,2,62,372,44.64,0.0,226.92,27.3,0,0,1,1,0
4881,2025-11-13,4,28,2,63,2394,95.76,0.0,1460.34,46.35,45.96,0,0,1,1
4882,2024-08-15,3,31,3,97,582,46.56,0.0,355.02,32.55,0,0,1,1,0
4883,2025-11-09,4,24,2,55,2090,0,0,1274.9,42.75,0,0,1,1,0
4884,2024-12-01,2,27,3,42,3570,0,0,2177.7,36.9,0,0,1,1,0
4885,2024-12-28,2,35,2,64,5440,435.2,0.0,3318.4,46.8,0,0,1,1,0
4886,2024-04-12,3,16,1,42,252,0,0,153.72,24.3,5.04,45.5,0,1,2
4887,2024-03-28,2,17,3,47,3995,319.6,0.0,2436.95,39.15,0,0,1,1,0
4888,2025-06-29,2,35,1,90,7650,306.0,0.0,4666.5,58.5,146.88,57.5,0,1,2
4889,2024-05-22,2,16,3,86,7310,0,0,4459.1,56.7,0,0,1,1,0
4890,2024-09-25,1,2,3,53,636,76.32,0.0,387.96,25.95,11.19,48.25,0,1,2
4891,2024-06-05,3,40,3,90,540,21.6,0.0,329.4,31.5,10.37,57.5,0,1,4
4892,2025-05-26,3,20,1,60,360,28.8,0.0,219.6,27.0,6.62,50.0,0,1,2
4893,2024-12-11,2,43,1,33,2805,0,0,1711.05,32.85,0,0,1,1,0
4894,2025-06-07,2,5,2,94,7990,958.8,0.0,4873.9,60.3,0,0,1,1,0
4895,2025-02-17,4,6,3,98,3724,0,0,2271.64,62.1,74.48,59.5,0,1,4
4896,2024-08-04,2,41,3,30,2550,306.0,0.0,1555.5,31.5,44.88,0,0,1,1
4897,2025-02-11,1,19,2,31,372,14.88,0.0,226.92,22.65,0,0,1,1,0
4898,2024-04-01,2,10,1,100,8500,680.0,0.0,5185.0,63.0,0,0,1,1,0
4899,2025-08-23,1,42,3,27,324,12.96,0.0,197.64,22.05,0,0,1,1,0
4900,2024-03-03,2,46,1,25,2125,255.0,0.0,1296.25,29.25,37.4,41.25,0,1,2
4901,2025-04-29,2,9,2,51,4335,346.8,0.0,2644.35,40.95,0,0,1,1,0
4902,2025-01-29,1,3,2,60,720,28.8,0.0,439.2,27.0,13.82,50.0,0,1,2
4903,2025-05-28,1,8,1,49,588,0,0,358.68,25.35,0,0,1,1,0
4904,2024-12-27,2,37,3,25,2125,0,0,1296.25,29.25,42.5,0,0,1,1
4905,2025-06-20,1,37,3,76,912,72.96,0.0,556.32,29.4,0,0,1,1,0
4906,2024-01-03,4,7,1,17,646,77.52,0.0,394.06,25.65,0,0,1,1,0
4907,2025-04-05,1,46,1,31,372,14.88,0.0,226.92,22.65,0,0,1,1,0
4908,2025-08-02,3,2,2,21,126,0,0,76.86,21.15,0,0,1,1,0
4909,2024-01-25,1,7,2,20,240,9.6,0.0,146.4,21.0,0,0,1,1,0
4910,2024-04-07,4,34,3,81,3078,123.12,0.0,1877.58,54.45,0,0,1,1,0
4911,2025-10-06,2,29,2,37,3145,0,0,1918.45,34.65,62.9,44.25,0,1,4
4912,2024-10-16,3,23,2,12,72,8.64,0.0,43.92,19.8,0,0,1,1,0
4913,2024-08-27,4,25,1,52,1976,158.08,0.0,1205.36,41.4,0,0,1,1,0
4914,2024-10-03,1,48,2,49,588,47.04,0.0,358.68,25.35,0,0,1,1,0
4915,2024-05-27,2,32,2,43,3655,146.2,0.0,2229.55,37.35,0,0,1,1,0
4916,2025-06-29,1,30,3,28,336,40.32,0.0,204.96,22.2,5.91,42.0,0,1,2
4917,2024-04-27,3,4,2,100,600,0,0,366.0,33.0,0,0,1,1,0
4918,2024-11-06,1,20,1,20,240,28.8,0.0,146.4,21.0,0,0,1,1,0
4919,2025-09-23,2,45,1,22,1870,74.8,0.0,1140.7,27.9,35.9,40.5,0,1,4
4920,2025-07-04,3,5,1,40,240,28.8,0.0,146.4,24.0,0,0,1,1,0
4921,2024-12-25,3,5,3,37,222,0,0,135.42,23.55,4.44,0,0,1,1
4922,2025-01-03,1,7,3,74,888,35.52,0.0,541.68,29.1,0,0,1,0,0
4923,2024-09-08,4,19,3,17,646,25.84,0.0,394.06,25.65,0,0,1,1,0
4924,2025-12-19,4,37,3,100,3800,0,0,2318.0,63.0,0,0,1,1,0
4925,2024-09-28,3,42,3,22,132,10.56,0.0,80.52,21.3,2.43,0,0,1,1
4926,2024-04-10,4,4,3,74,2812,224.96,0.0,1715.32,51.3,51.74,53.5,0,1,4
4927,2025-03-27,3,38,2,60,360,14.4,0.0,219.6,27.0,0,0,1,1,0
4928,2025-05-26,1,31,2,99,1188,0,0,724.68,32.85,0,0,1,1,0
4929,2024-05-15,3,14,3,14,84,3.36,0.0,51.24,20.1,0,0,1,1,0
4930,2024-01-05,2,39,3,21,1785,0,0,1088.85,27.45,0,0,1,0,0
4931,2025-11-24,1,27,3,66,792,0,0,483.12,27.9,15.84,51.5,0,1,4
4932,2025-04-14,4,12,2,78,2964,0,0,1808.04,53.1,59.28,0,0,1,1
4933,2024-11-28,4,15,3,44,1672,133.76,0.0,1019.92,37.8,30.76,0,0,1,1
4934,2024-12-26,4,24,3,94,3572,285.76,0.0,2178.92,60.3,0,0,1,1,0
4935,2025-06-29,1,11,1,34,408,0,0,248.88,23.1,0,0,1,1,0
4936,2024-04-07,3,5,2,27,162,0,0,98.82,22.05,0,0,1,1,0
4937,2024-08-14,1,2,3,74,888,35.52,0.0,541.68,29.1,17.05,0,0,1,1
4938,2024-09-25,4,33,2,95,3610,433.2,0.0,2202.1,60.75,0,0,1,1,0
4939,2025-12-18,4,22,2,65,2470,98.8,0.0,1506.7,47.25,0,0,1,1,0
4940,2025-10-09,3,9,1,53,318,12.72,0.0,193.98,25.95,0,0,1,1,0
4941,2025-05-03,3,48,2,58,348,0,0,212.28,26.7,0,0,1,0,0
4942,2025-10-20,2,44,3,98,8330,666.4,0.0,5081.3,62.1,153.27,0,0,1,1
4943,2024-05-15,3,33,2,97,582,46.56,0.0,355.02,32.55,0,0,1,1,0
4944,2025-01-03,1,7,3,17,204,0,0,124.44,20.55,4.08,0,0,1,1
4945,2025-05-20,1,26,3,48,576,46.08,0.0,351.36,25.2,10.6,47.0,0,1,2
4946,2025-09-01,4,48,2,57,2166,259.92,0.0,1321.26,43.65,38.12,49.25,0,1,4
4947,2025-08-18,1,18,2,75,900,108.0,0.0,549.0,29.25,0,0,1,1,0
4948,2024-01-07,1,41,2,71,852,68.16,0.0,519.72,28.65,0,0,1,1,0
4949,2025-12-02,4,11,3,14,532,21.28,0.0,324.52,24.3,0,0,1,1,0
4950,2024-10-30,4,22,2,97,3686,442.32,0.0,2248.46,61.65,64.87,0,0,1,1
4951,2024-03-13,2,34,3,100,8500,680.0,0.0,5185.0,63.0,0,0,1,1,0
4952,2025-10-03,2,34,2,80,6800,272.0,0.0,4148.0,54.0,0,0,1,1,0
4953,2025-04-30,3,22,3,14,84,10.08,0.0,51.24,20.1,1.48,38.5,0,1,4
4954,2024-05-01,2,31,3,13,1105,0,0,674.05,23.85,22.1,38.25,0,0,2
4955,2024-06-17,4,17,1,22,836,100.32,0.0,509.96,27.9,0,0,1,1,0
4956,2024-01-02,3,25,1,48,288,34.56,0.0,175.68,25.2,0,0,1,1,0
4957,2024-04-19,4,18,2,52,1976,237.12,0.0,1205.36,41.4,0,0,1,1,0
4958,2024-06-02,2,5,2,80,6800,816.0,0.0,4148.0,54.0,0,0,1,1,0
4959,2025-08-04,2,19,1,39,3315,132.6,0.0,2022.15,35.55,0,0,1,1,0
4960,2025-12-01,3,30,1,85,510,61.2,0.0,311.1,30.75,8.98,0,0,1,1
4961,2024-10-01,1,10,3,60,720,86.4,0.0,439.2,27.0,0,0,1,1,0
4962,2024-08-09,3,46,2,87,522,62.64,0.0,318.42,31.05,0,0,1,1,0
4963,2024-12-29,4,14,2,69,2622,104.88,0.0,1599.42,49.05,50.34,0,0,1,1
4964,2025-03-23,4,10,2,43,1634,130.72,0.0,996.74,37.35,0,0,1,1,0
4965,2025-02-03,3,41,3,47,282,11.28,0.0,172.02,25.05,5.41,0,0,1,1
4966,2024-05-14,3,22,2,25,150,12.0,0.0,91.5,21.75,0,0,1,1,0
4967,2024-10-12,3,12,1,78,468,0,0,285.48,29.7,0,0,1,1,0
4968,2024-07-28,1,5,1,22,264,21.12,0.0,161.04,21.3,0,0,1,1,0
4969,2025-01-16,1,48,1,49,588,23.52,0.0,358.68,25.35,0,0,1,1,0
4970,2024-06-17,4,13,2,54,2052,0,2052,1251.72,42.3,0,0,1,1,0
4971,2024-07-04,1,42,3,98,1176,47.04,0.0,717.36,32.7,0,0,1,1,0
4972,2024-08-14,2,45,2,53,4505,360.4,0.0,2748.05,41.85,0,0,1,1,0
4973,2024-08-05,4,31,3,15,570,68.4,0.0,347.7,24.75,0,0,1,1,0
4974,2025-05-05,3,30,1,63,378,0,0,230.58,27.45,7.56,0,0,1,1
4975,2024-03-29,2,9,1,56,4760,380.8,0.0,2903.6,43.2,0,0,1,1,0
4976,2025-07-06,4,39,3,10,380,15.2,0.0,231.8,22.5,0,0,1,1,0
4977,2024-04-08,2,30,2,29,2465,295.8,0.0,1503.65,31.05,0,0,1,1,0
4978,2024-07-28,4,46,2,76,2888,231.04,0.0,1761.68,52.2,0,0,1,1,0
4979,2025-02-19,2,44,1,71,6035,241.4,0.0,3681.35,49.95,115.87,52.75,0,1,2
4980,2025-02-23,4,3,1,76,2888,0,0,1761.68,52.2,57.76,0,0,0,1
4981,2024-02-20,2,31,2,98,8330,333.2,0.0,5081.3,62.1,0,0,1,1,0
4982,2025-07-01,4,36,3,15,570,22.8,0.0,347.7,24.75,10.94,0,0,1,1
4983,2025-07-25,4,43,2,99,3762,0,0,2294.82,62.55,0,0,1,1,0
4984,2025-12-29,2,10,3,71,6035,724.2,0.0,3681.35,49.95,106.22,0,0,1,1
4985,2024-08-09,4,25,2,83,3154,0,0,1923.94,55.35,0,0,1,1,0
4986,2024-09-26,1,23,2,35,420,50.4,0.0,256.2,23.25,0,0,1,1,0
4987,2024-11-16,2,18,1,61,5185,414.8,0.0,3162.85,45.45,0,0,1,1,0
4988,2024-08-28,1,29,2,70,840,100.8,0.0,512.4,28.5,0,0,1,1,0
4989,2025-07-25,2,36,3,50,4250,340.0,0.0,2592.5,40.5,78.2,47.5,0,1,2
4990,2025-01-23,3,20,2,81,486,19.44,0.0,296.46,30.15,0,0,1,1,0
4991,2025-03-15,4,32,2,65,2470,296.4,0.0,1506.7,47.25,0,0,1,1,0
4992,2025-10-28,3,33,2,54,324,0,0,197.64,26.1,0,0,1,1,0
4993,2024-08-15,3,9,1,31,186,22.32,0.0,113.46,22.65,0,0,1,1,0
4994,2024-04-10,4,41,1,11,418,50.16,0.0,254.98,22.95,0,0,1,1,0
4995,2025-08-02,2,7,3,35,2975,357.0,0.0,1814.75,33.75,52.36,43.75,0,1,2
4996,2025-12-22,2,7,3,92,7820,0,0,4770.2,59.4,0,0,1,1,0
4997,2024-01-10,3,11,1,87,522,41.76,0.0,318.42,31.05,0,0,1,1,0
4998,2024-07-02,2,31,3,27,2295,275.4,0.0,1399.95,30.15,0,0,1,1,0
4999,2025-12-05,1,25,2,29,348,41.76,0.0,212.28,22.35,0,0,1,1,0
5000,2024-12-10,4,13,3,100,3800,304.0,0.0,2318.0,63.0,69.92,60.0,0,1,2
5001,2024-02-17,3,5,1,31,186,14.88,0.0,113.46,22.65,0,0,1,1,0
5002,2025-03-21,2,29,2,47,3995,479.4,0.0,2436.95,39.15,0,0,1,1,0
5003,2024-07-13,3,34,3,18,108,8.64,0.0,65.88,20.7,0,0,1,1,0
5004,2024-03-02,2,43,1,81,6885,0,0,4199.85,54.45,0,0,1,1,0
5005,2024-02-17,2,7,2,33,2805,0,0,1711.05,32.85,56.1,0,0,1,1
5006,2024-05-22,4,46,1,14,532,0,0,324.52,24.3,0,0,1,1,0
5007,2025-01-22,1,20,3,41,492,19.68,0.0,300.12,24.15,0,0,1,1,0
5008,2024-10-04,2,39,3,36,3060,244.8,0.0,1866.6,34.2,56.3,44.0,0,0,4
5009,2025-10-13,3,20,3,45,270,10.8,0.0,164.7,24.75,5.18,0,0,1,1
5010,2025-08-24,2,44,1,31,2635,316.2,0.0,1607.35,31.95,0,0,1,0,0
5011,2025-06-20,4,10,2,52,1976,79.04,0.0,1205.36,41.4,0,0,1,1,0
5012,2024-02-19,1,40,2,18,216,0,0,131.76,20.7,0,0,1,1,0
5013,2024-09-23,4,28,2,73,2774,221.92,0.0,1692.14,50.85,0,0,1,1,0
5014,2024-07-08,1,29,3,59,708,28.32,0.0,431.88,26.85,13.59,49.75,0,1,2
5015,2025-07-31,1,13,3,47,564,22.56,0.0,344.04,25.05,0,0,1,1,0
5016,2025-10-20,1,35,2,73,876,0,0,534.36,28.95,0,0,1,1,0
5017,2025-05-25,3,12,3,25,150,18.0,0.0,91.5,21.75,0,0,1,1,0
5018,2025-11-09,1,43,3,43,516,61.92,0.0,314.76,24.45,0,0,1,1,0
5019,2025-06-24,3,34,2,50,300,12.0,0.0,183.0,25.5,0,0,1,0,0
5020,2024-02-21,1,20,3,95,1140,45.6,0.0,695.4,32.25,21.89,0,0,1,1
5021,2025-05-22,2,27,2,16,1360,0,0,829.6,25.2,0,0,1,1,0
5022,2024-12-30,1,26,2,72,864,0,0,527.04,28.8,0,0,1,0,0
5023,2025-08-27,3,22,2,22,132,0,0,80.52,21.3,0,0,1,1,0
5024,2025-12-03,4,27,2,24,912,109.44,802.56,556.32,28.8,0,0,1,1,0
5025,2024-03-14,2,11,2,20,1700,204.0,0.0,1037.0,27.0,29.92,40.0,0,1,2
5026,2025-12-13,4,38,3,95,3610,0,0,2202.1,60.75,0,0,1,1,0
5027,2024-04-18,2,15,2,56,4760,380.8,0.0,2903.6,43.2,0,0,1,1,0
5028,2025-11-01,3,31,3,93,558,22.32,0.0,340.38,31.95,10.71,0,0,1,1
5029,2024-04-17,3,20,1,65,390,46.8,0.0,237.9,27.75,0,0,1,1,0
5030,2024-03-18,3,37,3,26,156,0,0,95.16,21.9,3.12,41.5,0,1,2
5031,2025-03-09,1,14,2,71,852,34.08,0.0,519.72,28.65,0,0,1,1,0
5032,2025-04-21,1,42,1,89,1068,42.72,0.0,651.48,31.35,0,0,1,1,0
5033,2025-08-02,1,38,2,11,132,15.84,0.0,80.52,19.65,2.32,37.75,0,1,4
5034,2024-11-11,4,38,2,23,874,104.88,0.0,533.14,28.35,0,0,1,1,0
5035,2024-12-14,2,28,1,32,2720,326.4,0.0,1659.2,32.4,47.87,43.0,0,1,4
5036,2025-08-29,4,13,2,12,456,54.72,401.28,278.16,23.4,8.03,38.0,0,1,2
5037,2025-10-04,4,15,1,66,2508,200.64,0.0,1529.88,47.7,0,0,1,0,0
5038,2025-02-12,4,45,2,30,1140,45.6,0.0,695.4,31.5,0,0,1,1,0
5039,2025-07-29,2,20,3,87,7395,0,0,4510.95,57.15,0,0,1,1,0
5040,2025-11-08,1,21,2,26,312,37.44,0.0,190.32,21.9,5.49,0,0,1,1
5041,2025-09-09,3,27,3,88,528,63.36,0.0,322.08,31.2,0,0,1,1,0
5042,2025-08-16,4,30,2,82,3116,249.28,0.0,1900.76,54.9,0,0,1,1,0
5043,2024-08-28,3,30,2,84,504,60.48,0.0,307.44,30.6,0,0,1,1,0
5044,2024-09-03,3,14,2,19,114,0,0,69.54,20.85,0,0,1,1,0
5045,2024-09-21,2,33,3,94,7990,639.2,0.0,4873.9,60.3,0,0,1,1,0
5046,2024-08-27,2,38,3,51,4335,0,0,2644.35,40.95,86.7,0,0,1,1
5047,2025-06-17,3,12,1,31,186,14.88,0.0,113.46,22.65,0,0,1,1,0
5048,2025-03-07,1,22,1,55,660,52.8,0.0,402.6,26.25,0,0,1,1,0
5049,2025-04-17,2,40,3,84,7140,0,0,4355.4,55.8,0,0,1,1,0
5050,2024-06-22,4,29,3,71,2698,323.76,0.0,1645.78,49.95,47.48,52.75,0,1,2
5051,2025-02-08,4,1,1,43,1634,0,0,996.74,37.35,0,0,1,1,0
5052,2025-04-01,4,41,1,30,1140,91.2,0.0,695.4,31.5,0,0,1,1,0
5053,2024-11-28,1,32,3,74,888,0,0,541.68,29.1,0,0,1,1,0
5054,2024-01-20,4,17,2,97,3686,442.32,0.0,2248.46,61.65,0,0,1,1,0
5055,2025-12-05,2,34,3,25,2125,255.0,0.0,1296.25,29.25,37.4,41.25,0,1,2
5056,2024-12-28,1,32,3,96,1152,0,0,702.72,32.4,0,0,1,1,0
5057,2024-11-17,2,8,1,39,3315,265.2,0.0,2022.15,35.55,0,0,1,1,0
5058,2025-05-06,1,29,3,66,792,31.68,0.0,483.12,27.9,15.21,0,0,1,1
5059,2025-03-06,1,8,2,11,132,5.28,0.0,80.52,19.65,0,0,1,1,0
5060,2025-01-24,2,24,1,19,1615,193.8,0.0,985.15,26.55,0,0,1,1,0
5061,2025-08-07,4,2,3,92,3496,139.84,0.0,2132.56,59.4,67.12,0,0,1,1
5062,2025-05-12,4,19,1,71,2698,107.92,0.0,1645.78,49.95,0,0,1,0,0
5063,2024-12-15,4,41,1,29,1102,88.16,1013.84,672.22,31.05,0,0,1,0,0
5064,2024-01-15,4,12,1,90,3420,273.6,0.0,2086.2,58.5,62.93,0,0,1,1
5065,2024-07-02,4,48,1,58,2204,264.48,0.0,1344.44,44.1,0,0,1,1,0
5066,2024-08-22,3,36,1,42,252,30.24,0.0,153.72,24.3,4.44,0,0,1,1
5067,2025-03-02,1,13,3,48,576,69.12,0.0,351.36,25.2,10.14,47.0,0,1,2
5068,2024-11-27,2,21,2,10,850,68.0,0.0,518.5,22.5,0,0,1,1,0
5069,2025-11-26,4,41,1,26,988,0,0,602.68,29.7,0,0,1,1,0
5070,2024-06-18,3,19,3,31,186,0,0,113.46,22.65,3.72,0,0,1,1
5071,2025-05-15,3,15,3,40,240,9.6,0.0,146.4,24.0,0,0,1,1,0
5072,2025-10-01,1,43,1,23,276,11.04,0.0,168.36,21.45,0,0,1,1,0
5073,2025-04-30,2,10,1,79,6715,537.2,0.0,4096.15,53.55,0,0,1,1,0
5074,2025-03-09,2,36,3,12,1020,40.8,0.0,622.2,23.4,0,0,1,1,0
5075,2025-07-02,2,4,3,76,6460,775.2,0.0,3940.6,52.2,0,0,1,1,0
5076,2024-02-09,3,5,1,39,234,9.36,0.0,142.74,23.85,0,0,1,1,0
5077,2024-02-06,4,10,3,79,3002,120.08,0.0,1831.22,53.55,0,0,1,1,0
5078,2025-01-18,3,37,2,57,342,41.04,0.0,208.62,26.55,0,0,1,1,0
5079,2025-11-27,1,3,3,30,360,43.2,0.0,219.6,22.5,6.34,42.5,0,1,2
5080,2025-10-11,2,36,1,31,2635,316.2,0.0,1607.35,31.95,0,0,1,1,0
5081,2025-06-06,1,10,3,27,324,12.96,0.0,197.64,22.05,0,0,1,1,0
5082,2024-07-12,2,37,1,39,3315,397.8,0.0,2022.15,35.55,0,0,1,1,0
5083,2025-10-13,4,42,2,68,2584,206.72,0.0,1576.24,48.6,0,0,1,0,0
5084,2025-03-10,2,15,2,62,5270,210.8,0.0,3214.7,45.9,0,0,1,1,0
5085,2024-03-12,1,14,2,51,612,73.44,0.0,373.32,25.65,0,0,1,1,0
5086,2025-04-23,4,32,2,21,798,31.92,0.0,486.78,27.45,0,0,1,1,0
5087,2025-11-04,2,36,2,63,5355,214.2,0.0,3266.55,46.35,102.82,0,0,1,1
5088,2025-06-13,2,38,1,96,8160,979.2,0.0,4977.6,61.2,0,0,1,1,0
5089,2024-09-18,2,47,1,46,3910,156.4,0.0,2385.1,38.7,0,0,1,1,0
5090,2025-07-10,1,17,3,34,408,48.96,0.0,248.88,23.1,0,0,1,1,0
5091,2025-04-05,2,29,3,99,8415,336.6,0.0,5133.15,62.55,0,0,1,1,0
5092,2025-02-11,3,19,3,57,342,41.04,0.0,208.62,26.55,0,0,1,1,0
5093,2024-02-25,2,12,3,19,1615,129.2,0.0,985.15,26.55,29.72,39.75,0,1,4
5094,2024-12-07,1,33,1,25,300,12.0,0.0,183.0,21.75,0,0,1,1,0
5095,2025-05-18,2,19,2,71,6035,0,0,3681.35,49.95,0,0,1,1,0
5096,2025-04-21,2,14,2,90,7650,306.0,0.0,4666.5,58.5,0,0,1,1,0
5097,2024-06-24,3,5,3,28,168,6.72,0.0,102.48,22.2,0,0,1,1,0
5098,2024-05-06,4,27,3,28,1064,85.12,0.0,649.04,30.6,0,0,1,1,0
5099,2025-08-25,4,9,2,16,608,48.64,0.0,370.88,25.2,0,0,1,1,0
5100,2024-09-10,2,46,3,22,1870,224.4,0.0,1140.7,27.9,32.91,40.5,0,1,2
5101,2025-11-17,2,42,3,49,4165,166.6,0.0,2540.65,40.05,79.97,47.25,0,1,2
5102,2025-03-16,2,47,2,94,7990,319.6,0.0,4873.9,60.3,153.41,58.5,0,1,4
5103,2024-12-09,1,36,1,82,984,39.36,0.0,600.24,30.3,0,0,1,1,0
5104,2024-11-29,2,6,2,20,1700,68.0,0.0,1037.0,27.0,0,0,1,1,0
5105,2025-04-30,4,32,1,78,2964,118.56,0.0,1808.04,53.1,0,0,1,1,0
5106,2024-12-19,1,23,1,28,336,26.88,0.0,204.96,22.2,0,0,1,1,0
5107,2025-08-21,2,31,2,40,3400,272.0,0.0,2074.0,36.0,0,0,1,1,0
5108,2025-09-19,4,40,1,50,1900,76.0,0.0,1159.0,40.5,0,0,1,1,0
5109,2024-02-09,1,3,3,55,660,26.4,0.0,402.6,26.25,0,0,1,1,0
5110,2025-02-06,2,16,1,51,4335,520.2,0.0,2644.35,40.95,76.3,0,0,1,1
5111,2025-06-19,2,48,3,80,6800,272.0,0.0,4148.0,54.0,0,0,1,1,0
5112,2024-02-13,3,10,1,72,432,34.56,0.0,263.52,28.8,0,0,1,1,0
5113,2025-10-05,1,46,3,48,576,23.04,552.96,351.36,25.2,0,0,1,1,0
5114,2025-03-13,2,5,3,85,7225,0,0,4407.25,56.25,0,0,1,1,0
5115,2025-09-05,4,24,2,62,2356,94.24,0.0,1437.16,45.9,45.24,0,0,1,1
5116,2025-05-28,4,14,2,86,3268,0,0,1993.48,56.7,0,0,1,1,0
5117,2024-06-12,4,35,2,82,3116,373.92,0.0,1900.76,54.9,0,0,1,1,0
5118,2024-02-26,3,23,1,49,294,0,0,179.34,25.35,0,0,1,0,0
5119,2024-09-18,3,7,3,66,396,15.84,0.0,241.56,27.9,0,0,1,1,0
5120,2025-10-23,2,24,1,31,2635,0,0,1607.35,31.95,0,0,1,1,0
5121,2024-08-24,4,3,3,32,1216,97.28,0.0,741.76,32.4,0,0,1,1,0
5122,2025-03-04,2,9,1,79,6715,805.8,0.0,4096.15,53.55,0,0,1,1,0
5123,2024-11-27,1,1,2,23,276,0,0,168.36,21.45,0,0,1,1,0
5124,2024-02-13,3,41,1,49,294,0,0,179.34,25.35,0,0,1,1,0
5125,2025-10-08,3,8,1,10,60,7.2,0.0,36.6,19.5,1.06,37.5,0,1,2
5126,2025-09-03,3,39,2,51,306,36.72,0.0,186.66,25.65,0,0,1,1,0
5127,2024-04-05,2,3,2,35,2975,0,0,1814.75,33.75,0,0,1,1,0
5128,2025-09-14,1,10,1,52,624,74.88,0.0,380.64,25.8,0,0,1,1,0
5129,2025-12-23,4,5,3,50,1900,76.0,0.0,1159.0,40.5,0,0,1,1,0
5130,2024-11-21,1,41,1,15,180,14.4,0.0,109.8,20.25,0,0,1,1,0
5131,2025-04-05,4,26,2,94,3572,428.64,0.0,2178.92,60.3,0,0,1,1,0
5132,2024-10-26,3,37,1,87,522,41.76,0.0,318.42,31.05,0,0,1,1,0
5133,2025-03-09,3,2,1,93,558,0,0,340.38,31.95,0,0,1,1,0
5134,2024-03-10,2,11,2,80,6800,272.0,0.0,4148.0,54.0,0,0,1,1,0
5135,2024-09-12,2,6,3,32,2720,108.8,0.0,1659.2,32.4,0,0,1,1,0
5136,2025-01-16,1,47,2,90,1080,86.4,0.0,658.8,31.5,19.87,0,0,1,1
5137,2025-02-08,2,38,1,16,1360,163.2,0.0,829.6,25.2,0,0,1,1,0
5138,2025-11-23,4,9,2,20,760,0,0,463.6,27.0,15.2,0,0,1,1
5139,2025-08-03,1,1,3,54,648,77.76,0.0,395.28,26.1,11.4,48.5,0,1,2
5140,2025-10-01,2,44,2,83,7055,0,0,4303.55,55.35,0,0,1,1,0
5141,2025-02-24,3,29,3,85,510,61.2,0.0,311.1,30.75,8.98,0,0,1,1
5142,2024-04-17,1,12,2,16,192,7.68,0.0,117.12,20.4,0,0,1,1,0
5143,2025-06-11,2,44,2,41,3485,278.8,0.0,2125.85,36.45,64.12,0,0,1,1
5144,2025-06-20,1,36,3,34,408,0,0,248.88,23.1,8.16,43.5,0,1,2
5145,2025-10-11,1,23,1,85,1020,81.6,0.0,622.2,30.75,0,0,1,1,0
5146,2025-08-26,4,19,1,31,1178,141.36,0.0,718.58,31.95,0,0,1,1,0
5147,2025-05-29,3,6,3,83,498,39.84,0.0,303.78,30.45,0,0,1,1,0
5148,2024-03-22,2,22,1,29,2465,197.2,0.0,1503.65,31.05,0,0,1,1,0
5149,2025-08-26,4,44,1,59,2242,0,0,1367.62,44.55,0,0,1,1,0
5150,2025-03-01,2,35,1,91,7735,309.4,0.0,4718.35,58.95,0,0,1,1,0
5151,2024-11-09,3,21,3,39,234,28.08,0.0,142.74,23.85,4.12,44.75,0,1,2
5152,2024-06-22,3,1,1,74,444,35.52,0.0,270.84,29.1,8.17,0,0,1,1
5153,2025-08-16,2,37,2,90,7650,612.0,0.0,4666.5,58.5,0,0,1,1,0
5154,2025-06-07,4,13,3,48,1824,145.92,0.0,1112.64,39.6,33.56,47.0,0,1,4
5155,2024-02-17,4,15,3,15,570,0,0,347.7,24.75,11.4,38.75,0,1,2
5156,2025-04-25,3,26,1,90,540,43.2,0.0,329.4,31.5,0,0,1,1,0
5157,2025-08-09,4,2,1,48,1824,0,0,1112.64,39.6,0,0,1,1,0
5158,2024-09-05,4,13,1,50,1900,152.0,0.0,1159.0,40.5,0,0,1,0,0
5159,2024-03-11,3,47,1,75,450,54.0,0.0,274.5,29.25,7.92,0,0,1,1
5160,2025-07-10,3,42,2,40,240,9.6,0.0,146.4,24.0,0,0,1,1,0
5161,2024-08-25,2,15,3,69,5865,0,0,3577.65,49.05,117.3,52.25,0,1,2
5162,2025-06-19,1,22,2,17,204,16.32,0.0,124.44,20.55,0,0,1,1,0
5163,2025-09-01,1,24,3,29,348,27.84,0.0,212.28,22.35,6.4,0,0,1,1
5164,2024-09-07,3,17,1,90,540,64.8,0.0,329.4,31.5,0,0,1,1,0
5165,2025-01-10,2,17,3,60,5100,204.0,0.0,3111.0,45.0,0,0,1,1,0
5166,2025-03-25,3,16,1,49,294,0,0,179.34,25.35,0,0,1,1,0
5167,2024-02-17,3,8,1,62,372,14.88,0.0,226.92,27.3,7.14,0,0,1,1
5168,2024-03-27,1,12,2,43,516,61.92,0.0,314.76,24.45,0,0,1,1,0
5169,2025-08-21,2,42,3,41,3485,418.2,0.0,2125.85,36.45,0,0,1,1,0
5170,2024-10-27,3,12,3,54,324,12.96,0.0,197.64,26.1,0,0,1,1,0
5171,2024-07-19,1,20,1,17,204,0,0,124.44,20.55,0,0,1,1,0
5172,2025-10-21,2,25,1,25,2125,0,0,1296.25,29.25,0,0,1,1,0
5173,2024-09-01,2,36,1,90,7650,0,7650,4666.5,58.5,153.0,0,0,1,1
5174,2025-11-21,2,34,2,42,3570,285.6,0.0,2177.7,36.9,65.69,45.5,0,1,4
5175,2025-09-15,3,41,2,62,372,44.64,0.0,226.92,27.3,0,0,1,1,0
5176,2025-06-20,2,38,3,39,3315,132.6,0.0,2022.15,35.55,0,0,1,1,0
5177,2025-07-22,1,42,3,80,960,76.8,0.0,585.6,30.0,0,0,1,1,0
5178,2025-12-10,4,43,2,57,2166,259.92,0.0,1321.26,43.65,0,0,1,1,0
5179,2025-12-25,3,33,1,25,150,0,0,91.5,21.75,0,0,1,1,0
5180,2025-05-22,2,23,1,96,8160,652.8,0.0,4977.6,61.2,0,0,1,1,0
5181,2025-05-27,3,31,2,90,540,21.6,0.0,329.4,31.5,10.37,57.5,0,1,2
5182,2025-08-17,1,15,2,61,732,58.56,0.0,446.52,27.15,0,0,1,1,0
5183,2024-08-11,4,35,3,53,2014,161.12,0.0,1228.54,41.85,0,0,1,1,0
5184,2025-03-01,4,48,1,45,1710,205.2,0.0,1043.1,38.25,0,0,1,1,0
5185,2024-11-09,1,15,2,96,1152,46.08,0.0,702.72,32.4,0,0,1,1,0
5186,2024-12-15,3,35,3,85,510,61.2,0.0,311.1,30.75,0,0,1,1,0
5187,2025-04-24,1,31,3,70,840,33.6,0.0,512.4,28.5,16.13,0,0,1,1
5188,2025-09-01,3,31,3,49,294,11.76,0.0,179.34,25.35,5.64,47.25,0,1,4
5189,2025-07-23,4,8,1,73,2774,0,0,1692.14,50.85,0,0,1,1,0
5190,2025-05-27,4,18,3,58,2204,176.32,0.0,1344.44,44.1,0,0,1,1,0
5191,2024-10-13,2,1,1,92,7820,0,0,4770.2,59.4,0,0,1,1,0
5192,2024-10-04,3,8,1,80,480,0,0,292.8,30.0,0,0,1,1,0
5193,2024-01-10,4,18,3,52,1976,0,0,1205.36,41.4,39.52,48.0,0,1,2
5194,2025-02-16,4,27,2,53,2014,80.56,0.0,1228.54,41.85,0,0,1,1,0
5195,2024-05-03,3,3,2,92,552,66.24,0.0,336.72,31.8,0,0,1,1,0
5196,2024-02-14,1,24,3,53,636,0,0,387.96,25.95,0,0,1,1,0
5197,2024-03-23,3,47,2,49,294,35.28,0.0,179.34,25.35,0,0,1,1,0
5198,2025-07-22,2,12,1,48,4080,0,0,2488.8,39.6,0,0,1,1,0
5199,2024-06-12,3,40,1,30,180,7.2,0.0,109.8,22.5,0,0,1,1,0
5200,2024-10-25,2,23,3,72,6120,0,0,3733.2,50.4,0,0,1,1,0
5201,2024-11-24,1,16,1,27,324,25.92,0.0,197.64,22.05,5.96,0,0,1,1
5202,2025-01-19,3,24,1,49,294,35.28,0.0,179.34,25.35,0,0,1,1,0
5203,2024-09-07,4,36,2,98,3724,297.92,0.0,2271.64,62.1,68.52,0,0,1,1
5204,2025-03-19,2,32,2,22,1870,74.8,0.0,1140.7,27.9,0,0,1,1,0
5205,2024-09-30,3,7,2,18,108,4.32,0.0,65.88,20.7,0,0,1,1,0
5206,2025-11-16,4,41,3,61,2318,92.72,0.0,1413.98,45.45,44.51,0,0,1,1
5207,2025-08-16,1,39,1,100,1200,48.0,0.0,732.0,33.0,0,0,1,1,0
5208,2025-11-21,4,13,1,95,3610,433.2,0.0,2202.1,60.75,0,0,1,1,0
5209,2025-08-23,4,1,2,80,3040,364.8,0.0,1854.4,54.0,0,0,1,1,0
5210,2025-11-28,3,40,1,63,378,30.24,0.0,230.58,27.45,0,0,1,1,0
5211,2025-04-22,3,44,2,19,114,9.12,0.0,69.54,20.85,0,0,1,1,0
5212,2024-09-27,3,28,2,47,282,11.28,0.0,172.02,25.05,0,0,1,1,0
5213,2024-08-25,1,43,3,16,192,23.04,0.0,117.12,20.4,3.38,39.0,0,1,2
5214,2024-11-13,3,35,2,40,240,28.8,0.0,146.4,24.0,0,0,1,1,0
5215,2024-03-04,2,45,1,32,2720,326.4,0.0,1659.2,32.4,0,0,1,0,0
5216,2024-07-31,2,23,1,56,4760,380.8,0.0,2903.6,43.2,87.58,49.0,0,1,2
5217,2024-01-02,1,19,2,67,804,64.32,0.0,490.44,28.05,0,0,1,1,0
5218,2025-03-27,1,4,1,92,1104,0,0,673.44,31.8,0,0,1,1,0
5219,2025-08-25,4,11,1,60,2280,0,0,1390.8,45.0,0,0,1,1,0
5220,2025-01-15,4,8,2,32,1216,145.92,0.0,741.76,32.4,0,0,1,1,0
5221,2024-06-13,1,37,1,67,804,96.48,0.0,490.44,28.05,0,0,1,1,0
5222,2024-10-19,1,32,3,37,444,17.76,0.0,270.84,23.55,8.52,44.25,0,1,2
5223,2024-09-19,2,30,1,69,5865,703.8,0.0,3577.65,49.05,0,0,1,1,0
5224,2024-03-30,4,26,2,30,1140,0,0,695.4,31.5,0,0,1,1,0
5225,2025-05-26,1,14,2,18,216,0,0,131.76,20.7,0,0,1,1,0
5226,2024-08-31,1,33,3,11,132,0,0,80.52,19.65,0,0,1,1,0
5227,2025-03-18,3,42,3,90,540,64.8,0.0,329.4,31.5,0,0,1,0,0
5228,2025-10-04,1,13,3,81,972,38.88,0.0,592.92,30.15,0,0,1,1,0
5229,2025-11-17,4,17,1,90,3420,0,0,2086.2,58.5,68.4,57.5,0,1,2
5230,2025-06-11,2,29,1,96,8160,326.4,0.0,4977.6,61.2,0,0,1,1,0
5231,2025-08-18,4,39,2,57,2166,173.28,0.0,1321.26,43.65,39.85,0,0,1,1
5232,2025-02-06,1,18,1,48,576,0,0,351.36,25.2,0,0,1,1,0
5233,2025-04-11,3,1,2,34,204,24.48,0.0,124.44,23.1,0,0,1,1,0
5234,2024-08-31,4,25,1,90,3420,0,0,2086.2,58.5,0,0,1,1,0
5235,2024-05-19,2,34,2,35,2975,119.0,0.0,1814.75,33.75,0,0,1,1,0
5236,2025-04-04,2,39,3,39,3315,397.8,2917.2,2022.15,35.55,0,0,1,1,0
5237,2025-06-11,3,45,2,27,162,6.48,0.0,98.82,22.05,0,0,1,0,0
5238,2024-08-27,4,9,3,40,1520,0,0,927.2,36.0,30.4,45.0,0,1,2
5239,2024-01-31,2,3,3,42,3570,0,0,2177.7,36.9,0,0,1,1,0
5240,2024-11-28,1,17,3,80,960,76.8,0.0,585.6,30.0,17.66,0,0,1,1
5241,2024-07-11,4,14,2,13,494,39.52,0.0,301.34,23.85,0,0,1,1,0
5242,2024-01-05,4,37,2,14,532,63.84,0.0,324.52,24.3,0,0,1,0,0
5243,2024-12-07,1,7,2,70,840,33.6,0.0,512.4,28.5,0,0,1,1,0
5244,2025-09-26,1,3,2,54,648,0,0,395.28,26.1,0,0,1,1,0
5245,2025-05-09,1,13,1,35,420,0,0,256.2,23.25,0,0,1,1,0
5246,2025-09-27,4,8,3,69,2622,0,0,1599.42,49.05,0,0,1,1,0
5247,2025-10-14,1,34,1,46,552,66.24,0.0,336.72,24.9,0,0,1,1,0
5248,2024-05-23,4,15,1,70,2660,106.4,0.0,1622.6,49.5,51.07,52.5,0,1,2
5249,2024-04-04,1,17,2,50,600,72.0,0.0,366.0,25.5,0,0,1,1,0
5250,2025-05-16,4,15,2,84,3192,255.36,0.0,1947.12,55.8,0,0,1,1,0
5251,2024-02-06,2,21,1,91,7735,0,0,4718.35,58.95,154.7,0,0,1,1
5252,2024-04-21,3,35,2,30,180,14.4,0.0,109.8,22.5,0,0,1,1,0
5253,2024-02-05,4,6,1,12,456,36.48,0.0,278.16,23.4,0,0,1,1,0
5254,2025-02-12,2,16,3,18,1530,0,0,933.3,26.1,0,0,1,1,0
5255,2024-02-06,2,24,2,45,3825,0,3825,2333.25,38.25,0,0,1,1,0
5256,2024-07-02,4,26,1,91,3458,414.96,0.0,2109.38,58.95,0,0,1,1,0
5257,2025-08-24,4,40,1,15,570,22.8,0.0,347.7,24.75,0,0,1,1,0
5258,2024-08-03,4,39,2,47,1786,0,0,1089.46,39.15,35.72,46.75,0,1,4
5259,2025-08-03,4,34,3,52,1976,0,0,1205.36,41.4,0,0,1,1,0
5260,2024-03-09,1,35,2,24,288,11.52,0.0,175.68,21.6,0,0,1,1,0
5261,2025-07-19,4,8,1,40,1520,121.6,1398.4,927.2,36.0,0,0,1,1,0
5262,2025-01-14,4,10,2,27,1026,82.08,0.0,625.86,30.15,0,0,1,1,0
5263,2025-07-15,1,22,2,76,912,109.44,0.0,556.32,29.4,16.05,0,0,1,1
5264,2025-05-29,4,11,3,88,3344,267.52,0.0,2039.84,57.6,0,0,1,1,0
5265,2024-01-01,2,12,1,77,6545,261.8,0.0,3992.45,52.65,0,0,1,1,0
5266,2024-04-29,2,48,2,78,6630,0,0,4044.3,53.1,0,0,1,1,0
5267,2025-02-11,3,44,2,68,408,0,0,248.88,28.2,0,0,1,1,0
5268,2025-08-04,3,23,3,53,318,12.72,0.0,193.98,25.95,0,0,1,1,0
5269,2024-01-18,1,8,3,45,540,0,0,329.4,24.75,0,0,1,1,0
5270,2025-01-31,2,11,2,72,6120,244.8,0.0,3733.2,50.4,0,0,1,1,0
5271,2024-12-27,4,19,1,70,2660,0,0,1622.6,49.5,0,0,1,1,0
5272,2024-08-01,2,33,1,34,2890,346.8,0.0,1762.9,33.3,50.86,0,0,1,1
5273,2024-04-17,2,40,1,86,7310,292.4,7017.6,4459.1,56.7,140.35,56.5,0,1,4
5274,2025-09-06,3,38,3,16,96,7.68,0.0,58.56,20.4,0,0,1,1,0
5275,2025-06-10,2,13,2,88,7480,0,0,4562.8,57.6,0,0,1,1,0
5276,2025-10-09,3,47,2,97,582,23.28,0.0,355.02,32.55,0,0,1,1,0
5277,2024-03-05,1,10,2,88,1056,84.48,0.0,644.16,31.2,19.43,57.0,0,1,4
5278,2024-10-17,4,21,1,22,836,100.32,0.0,509.96,27.9,0,0,1,1,0
5279,2025-10-18,4,10,3,70,2660,319.2,0.0,1622.6,49.5,0,0,1,1,0
5280,2024-11-24,1,27,1,12,144,0,0,87.84,19.8,0,0,1,1,0
5281,2025-06-21,4,47,1,78,2964,0,0,1808.04,53.1,0,0,1,1,0
5282,2024-04-04,1,44,3,70,840,67.2,0.0,512.4,28.5,15.46,0,0,1,1
5283,2024-11-03,2,38,3,51,4335,0,0,2644.35,40.95,0,0,1,1,0
5284,2024-08-31,3,37,1,28,168,6.72,0.0,102.48,22.2,3.23,42.0,0,1,2
5285,2025-12-17,2,18,2,81,6885,550.8,0.0,4199.85,54.45,0,0,1,1,0
5286,2024-09-15,3,17,1,83,498,39.84,0.0,303.78,30.45,0,0,1,0,0
5287,2025-05-26,3,39,3,52,312,24.96,0.0,190.32,25.8,0,0,1,1,0
5288,2024-07-16,4,39,2,35,1330,53.2,0.0,811.3,33.75,0,0,1,1,0
5289,2024-08-05,2,4,3,42,3570,428.4,0.0,2177.7,36.9,0,0,1,1,0
5290,2025-02-13,4,25,1,26,988,79.04,0.0,602.68,29.7,0,0,1,1,0
5291,2024-03-25,3,5,1,61,366,43.92,0.0,223.26,27.15,0,0,1,1,0
5292,2024-02-27,4,28,2,59,2242,269.04,0.0,1367.62,44.55,39.46,0,0,1,1
5293,2025-01-23,2,16,2,93,7905,632.4,0.0,4822.05,59.85,0,0,1,1,0
5294,2024-10-23,3,26,2,78,468,0,0,285.48,29.7,0,0,1,1,0
5295,2025-07-20,3,45,2,76,456,54.72,0.0,278.16,29.4,8.03,54.0,0,1,2
5296,2025-11-24,4,42,1,21,798,31.92,0.0,486.78,27.45,0,0,1,1,0
5297,2024-10-20,2,33,2,14,1190,0,0,725.9,24.3,0,0,1,1,0
5298,2024-08-20,3,26,1,82,492,39.36,0.0,300.12,30.3,0,0,1,1,0
5299,2024-11-16,4,48,2,51,1938,155.04,0.0,1182.18,40.95,0,0,1,1,0
5300,2025-10-22,3,16,2,33,198,7.92,0.0,120.78,22.95,3.8,43.25,0,1,2
5301,2024-05-26,4,9,3,92,3496,279.68,0.0,2132.56,59.4,64.33,58.0,0,1,2
5302,2025-03-08,3,24,2,62,372,44.64,0.0,226.92,27.3,6.55,0,0,1,1
5303,2025-11-30,3,18,3,73,438,17.52,0.0,267.18,28.95,8.41,0,0,1,1
5304,2025-07-29,3,39,1,51,306,36.72,0.0,186.66,25.65,0,0,1,0,0
5305,2024-08-03,2,48,3,69,5865,0,5865,3577.65,49.05,0,0,1,1,0
5306,2024-11-13,2,34,2,43,3655,292.4,0.0,2229.55,37.35,0,0,1,1,0
5307,2025-08-12,2,1,2,39,3315,132.6,0.0,2022.15,35.55,0,0,1,1,0
5308,2025-02-02,2,18,1,24,2040,163.2,0.0,1244.4,28.8,0,0,1,1,0
5309,2024-06-11,2,24,1,45,3825,306.0,0.0,2333.25,38.25,0,0,1,1,0
5310,2025-10-22,3,46,3,42,252,10.08,0.0,153.72,24.3,4.84,0,0,1,1
5311,2025-10-25,2,27,1,53,4505,360.4,0.0,2748.05,41.85,0,0,1,1,0
5312,2025-08-16,1,32,1,54,648,77.76,0.0,395.28,26.1,0,0,1,1,0
5313,2025-10-30,4,7,3,40,1520,0,0,927.2,36.0,0,0,1,1,0
5314,2024-07-01,3,22,1,61,366,29.28,0.0,223.26,27.15,6.73,0,0,1,1
5315,2025-08-28,2,34,2,85,7225,289.0,0.0,4407.25,56.25,138.72,56.25,0,1,2
5316,2024-10-26,2,8,1,32,2720,0,0,1659.2,32.4,0,0,1,1,0
5317,2024-11-26,1,7,3,60,720,28.8,0.0,439.2,27.0,0,0,1,1,0
5318,2025-02-16,2,48,1,86,7310,292.4,0.0,4459.1,56.7,0,0,1,1,0
5319,2025-10-22,2,33,2,25,2125,255.0,0.0,1296.25,29.25,37.4,41.25,0,1,4
5320,2025-06-25,1,1,1,83,996,119.52,0.0,607.56,30.45,0,0,1,0,0
5321,2025-05-14,2,2,1,75,6375,0,0,3888.75,51.75,0,0,1,1,0
5322,2025-04-29,2,43,1,30,2550,204.0,0.0,1555.5,31.5,0,0,1,1,0
5323,2024-05-02,4,39,3,58,2204,176.32,0.0,1344.44,44.1,0,0,1,1,0
5324,2025-10-22,3,4,1,73,438,0,0,267.18,28.95,0,0,1,1,0
5325,2025-11-14,2,11,2,94,7990,958.8,0.0,4873.9,60.3,0,0,1,1,0
5326,2024-12-01,2,7,2,44,3740,0,0,2281.4,37.8,0,0,1,1,0
5327,2025-12-14,1,19,1,94,1128,45.12,0.0,688.08,32.1,21.66,58.5,0,1,4
5328,2024-04-16,4,16,2,37,1406,112.48,0.0,857.66,34.65,0,0,1,1,0
5329,2024-07-17,3,30,3,50,300,12.0,0.0,183.0,25.5,0,0,1,1,0
5330,2025-12-08,1,30,3,52,624,0,0,380.64,25.8,0,0,1,1,0
5331,2024-09-30,2,17,1,17,1445,115.6,0.0,881.45,25.65,0,0,1,1,0
5332,2025-06-08,3,7,2,11,66,7.92,0.0,40.26,19.65,0,0,1,1,0
5333,2025-05-09,3,29,2,75,450,0,0,274.5,29.25,0,0,1,1,0
5334,2025-02-08,3,1,3,86,516,41.28,0.0,314.76,30.9,9.49,0,0,1,1
5335,2024-05-16,1,18,1,54,648,77.76,0.0,395.28,26.1,0,0,1,1,0
5336,2025-06-02,3,37,2,17,102,12.24,89.76,62.22,20.55,0,0,1,1,0
5337,2025-07-18,4,21,2,63,2394,191.52,0.0,1460.34,46.35,0,0,1,1,0
5338,2024-10-21,3,46,2,43,258,10.32,0.0,157.38,24.45,0,0,1,0,0
5339,2025-06-22,2,12,2,97,8245,659.6,0.0,5029.45,61.65,151.71,59.25,0,1,2
5340,2024-02-12,3,45,1,44,264,10.56,0.0,161.04,24.6,0,0,1,1,0
5341,2024-06-20,2,45,2,86,7310,0,0,4459.1,56.7,0,0,1,1,0
5342,2024-06-20,1,42,2,69,828,99.36,0.0,505.08,28.35,0,0,1,1,0
5343,2025-06-05,1,38,2,31,372,0,0,226.92,22.65,0,0,1,1,0
5344,2024-03-25,1,43,3,23,276,22.08,0.0,168.36,21.45,0,0,1,1,0
5345,2024-06-19,4,46,2,15,570,0,0,347.7,24.75,0,0,1,1,0
5346,2025-06-29,1,37,3,60,720,0,0,439.2,27.0,0,0,1,1,0
5347,2024-01-07,4,3,2,52,1976,158.08,0.0,1205.36,41.4,36.36,48.0,0,1,2
5348,2024-12-27,4,29,2,88,3344,133.76,0.0,2039.84,57.6,0,0,1,1,0
5349,2025-02-25,3,33,2,20,120,14.4,0.0,73.2,21.0,2.11,40.0,0,1,2
5350,2024-07-28,1,22,3,39,468,37.44,0.0,285.48,23.85,0,0,1,1,0
5351,2025-03-29,2,10,2,81,6885,826.2,0.0,4199.85,54.45,0,0,1,1,0
5352,2025-02-02,1,43,2,48,576,69.12,0.0,351.36,25.2,10.14,0,0,1,1
5353,2025-12-03,3,9,3,77,462,0,0,281.82,29.55,0,0,1,1,0
5354,2024-08-02,4,6,2,78,2964,118.56,0.0,1808.04,53.1,0,0,1,1,0
5355,2025-03-21,1,13,1,13,156,12.48,0.0,95.16,19.95,0,0,1,1,0
5356,2025-10-11,3,8,1,26,156,18.72,0.0,95.16,21.9,0,0,1,1,0
5357,2024-02-16,3,46,2,96,576,0,0,351.36,32.4,0,0,1,1,0
5358,2024-04-17,3,4,2,93,558,22.32,0.0,340.38,31.95,0,0,1,0,0
5359,2024-03-27,4,42,1,39,1482,177.84,0.0,904.02,35.55,0,0,1,1,0
5360,2025-07-22,4,22,2,76,2888,0,0,1761.68,52.2,0,0,1,1,0
5361,2024-12-14,1,30,3,99,1188,95.04,0.0,724.68,32.85,21.86,0,0,1,1
5362,2024-05-08,4,36,1,69,2622,314.64,0.0,1599.42,49.05,0,0,1,1,0
5363,2025-12-11,1,38,3,27,324,12.96,0.0,197.64,22.05,6.22,41.75,0,1,4
5364,2024-08-01,4,46,2,25,950,114.0,836.0,579.5,29.25,16.72,0,0,1,1
5365,2025-01-25,2,42,2,21,1785,142.8,0.0,1088.85,27.45,0,0,1,1,0
5366,2024-08-31,4,24,3,43,1634,130.72,0.0,996.74,37.35,0,0,1,1,0
5367,2025-08-04,3,29,1,91,546,65.52,0.0,333.06,31.65,0,0,1,1,0
5368,2024-04-23,3,21,1,30,180,0,0,109.8,22.5,3.6,42.5,0,1,4
5369,2025-12-26,1,2,2,16,192,15.36,0.0,117.12,20.4,3.53,39.0,0,1,4
5370,2024-03-20,4,7,1,36,1368,164.16,0.0,834.48,34.2,0,0,1,1,0
5371,2024-12-18,1,20,2,76,912,36.48,0.0,556.32,29.4,0,0,1,1,0
5372,2024-06-18,3,40,2,23,138,16.56,0.0,84.18,21.45,0,0,1,1,0
5373,2025-01-30,3,27,2,88,528,42.24,0.0,322.08,31.2,0,0,1,0,0
5374,2024-09-15,1,21,1,39,468,56.16,0.0,285.48,23.85,0,0,1,1,0
5375,2025-01-05,2,47,2,100,8500,680.0,7820.0,5185.0,63.0,0,0,1,1,0
5376,2024-03-30,3,9,3,55,330,0,0,201.3,26.25,6.6,0,0,1,1
5377,2025-06-30,2,37,1,20,1700,68.0,0.0,1037.0,27.0,32.64,0,0,1,1
5378,2025-11-02,2,12,1,87,7395,0,7395,4510.95,57.15,0,0,1,1,0
5379,2024-01-15,1,42,3,82,984,39.36,0.0,600.24,30.3,0,0,1,1,0
5380,2024-05-11,1,45,3,18,216,17.28,0.0,131.76,20.7,0,0,1,1,0
5381,2024-05-11,3,38,1,51,306,24.48,0.0,186.66,25.65,0,0,1,1,0
5382,2025-07-23,1,26,2,55,660,52.8,0.0,402.6,26.25,0,0,1,1,0
5383,2024-07-25,2,22,1,22,1870,0,0,1140.7,27.9,0,0,1,1,0
5384,2024-06-03,2,14,2,15,1275,153.0,0.0,777.75,24.75,0,0,1,1,0
5385,2025-01-22,3,3,3,66,396,15.84,0.0,241.56,27.9,7.6,0,0,1,1
5386,2025-08-08,4,4,3,27,1026,41.04,0.0,625.86,30.15,19.7,41.75,0,1,2
5387,2025-11-26,4,19,3,72,2736,109.44,2626.56,1668.96,50.4,52.53,0,0,1,1
5388,2025-09-29,4,23,2,55,2090,83.6,0.0,1274.9,42.75,0,0,1,1,0
5389,2025-01-10,2,8,3,29,2465,0,2465,1503.65,31.05,49.3,0,0,1,1
5390,2025-07-28,1,3,3,76,912,109.44,0.0,556.32,29.4,0,0,1,1,0
5391,2024-07-09,4,28,3,38,1444,173.28,0.0,880.84,35.1,0,0,1,0,0
5392,2025-06-09,3,30,1,80,480,38.4,0.0,292.8,30.0,0,0,1,1,0
5393,2024-02-24,3,3,2,63,378,15.12,0.0,230.58,27.45,0,0,1,1,0
5394,2025-01-15,2,17,3,76,6460,775.2,0.0,3940.6,52.2,113.7,0,0,1,1
5395,2025-02-16,1,41,3,67,804,96.48,0.0,490.44,28.05,14.15,0,0,1,1
5396,2025-05-01,4,16,3,27,1026,41.04,0.0,625.86,30.15,19.7,41.75,0,1,2
5397,2024-01-21,4,33,2,75,2850,228.0,0.0,1738.5,51.75,0,0,1,0,0
5398,2024-10-29,4,13,3,70,2660,212.8,0.0,1622.6,49.5,0,0,1,1,0
5399,2025-11-19,1,11,3,79,948,113.76,0.0,578.28,29.85,0,0,1,1,0
5400,2025-04-16,4,29,2,47,1786,0,0,1089.46,39.15,0,0,1,1,0
5401,2025-11-12,1,41,1,24,288,11.52,0.0,175.68,21.6,0,0,1,1,0
5402,2024-06-05,1,17,3,100,1200,0,0,732.0,33.0,24.0,60.0,0,1,4
5403,2024-06-02,4,27,3,18,684,27.36,0.0,417.24,26.1,13.13,0,0,1,1
5404,2025-01-05,3,12,1,31,186,14.88,0.0,113.46,22.65,0,0,1,1,0
5405,2025-08-16,3,12,1,67,402,32.16,0.0,245.22,28.05,7.4,51.75,0,1,2
5406,2024-04-09,3,12,2,73,438,17.52,0.0,267.18,28.95,8.41,0,0,1,1
5407,2024-08-12,1,27,1,100,1200,144.0,0.0,732.0,33.0,0,0,1,1,0
5408,2025-03-31,1,21,2,94,1128,45.12,0.0,688.08,32.1,21.66,0,0,1,1
5409,2025-12-17,1,14,1,14,168,13.44,0.0,102.48,20.1,3.09,38.5,0,1,2
5410,2025-08-21,2,48,2,76,6460,516.8,0.0,3940.6,52.2,0,0,1,1,0
5411,2025-09-09,4,16,3,63,2394,191.52,0.0,1460.34,46.35,44.05,50.75,0,1,2
5412,2024-06-19,1,28,2,20,240,9.6,0.0,146.4,21.0,4.61,40.0,0,1,2
5413,2024-09-05,1,44,3,89,1068,85.44,0.0,651.48,31.35,19.65,0,0,1,1
5414,2025-07-12,2,43,1,50,4250,170.0,0.0,2592.5,40.5,0,0,1,1,0
5415,2025-11-16,4,33,3,84,3192,127.68,0.0,1947.12,55.8,0,0,1,1,0
5416,2024-12-03,1,44,2,68,816,32.64,0.0,497.76,28.2,0,0,1,1,0
5417,2025-02-28,1,35,1,93,1116,133.92,0.0,680.76,31.95,0,0,1,1,0
5418,2025-07-16,3,3,2,15,90,3.6,0.0,54.9,20.25,0,0,1,1,0
5419,2025-01-27,3,32,1,73,438,17.52,0.0,267.18,28.95,0,0,1,0,0
5420,2025-09-08,3,10,3,14,84,6.72,0.0,51.24,20.1,1.55,0,0,1,1
5421,2024-11-27,3,27,3,80,480,0,0,292.8,30.0,9.6,55.0,0,1,4
5422,2024-05-24,1,15,1,48,576,46.08,0.0,351.36,25.2,10.6,0,0,1,1
5423,2025-02-17,2,19,2,100,8500,1020.0,0.0,5185.0,63.0,0,0,1,1,0
5424,2025-07-25,1,35,2,54,648,25.92,0.0,395.28,26.1,0,0,1,1,0
5425,2024-07-20,2,9,1,52,4420,0,0,2696.2,41.4,0,0,1,1,0
5426,2024-01-28,3,19,2,54,324,12.96,0.0,197.64,26.1,0,0,1,1,0
5427,2025-11-04,1,5,3,30,360,28.8,0.0,219.6,22.5,0,0,1,1,0
5428,2024-06-18,2,12,2,74,6290,754.8,0.0,3836.9,51.3,0,0,1,1,0
5429,2024-11-12,4,11,1,23,874,0,0,533.14,28.35,0,0,1,1,0
5430,2024-10-28,3,2,2,81,486,38.88,0.0,296.46,30.15,0,0,1,0,0
5431,2024-02-05,3,35,1,28,168,0,0,102.48,22.2,3.36,0,0,1,1
5432,2025-02-28,1,24,1,88,1056,84.48,0.0,644.16,31.2,0,0,1,1,0
5433,2025-06-30,4,24,1,93,3534,424.08,0.0,2155.74,59.85,62.2,58.25,0,0,2
5434,2025-05-04,3,30,2,61,366,43.92,0.0,223.26,27.15,0,0,1,1,0
5435,2025-06-18,2,28,2,22,1870,149.6,0.0,1140.7,27.9,0,0,1,1,0
5436,2025-04-28,1,20,3,17,204,24.48,0.0,124.44,20.55,0,0,1,1,0
5437,2024-09-24,3,42,3,65,390,15.6,0.0,237.9,27.75,7.49,51.25,0,1,4
5438,2024-12-29,2,12,2,32,2720,326.4,0.0,1659.2,32.4,0,0,1,1,0
5439,2024-12-03,2,28,3,43,3655,292.4,0.0,2229.55,37.35,0,0,1,0,0
5440,2025-06-20,4,7,3,21,798,31.92,0.0,486.78,27.45,15.32,40.25,0,1,2
5441,2024-12-14,4,15,1,66,2508,0,0,1529.88,47.7,0,0,1,1,0
5442,2024-10-30,4,40,2,17,646,25.84,0.0,394.06,25.65,0,0,1,1,0
5443,2025-02-28,1,8,3,33,396,0,0,241.56,22.95,7.92,0,0,0,1
5444,2025-05-20,1,27,3,79,948,75.84,0.0,578.28,29.85,0,0,1,1,0
5445,2025-03-15,3,4,1,10,60,0,0,36.6,19.5,0,0,1,1,0
5446,2024-05-05,4,1,1,65,2470,98.8,0.0,1506.7,47.25,0,0,1,1,0
5447,2025-06-15,1,10,1,21,252,0,0,153.72,21.15,0,0,1,1,0
5448,2024-10-09,4,12,3,41,1558,0,1558,950.38,36.45,0,0,1,1,0
5449,2025-05-03,1,16,1,72,864,34.56,0.0,527.04,28.8,0,0,1,1,0
5450,2024-02-09,3,43,1,85,510,61.2,0.0,311.1,30.75,0,0,1,1,0
5451,2024-03-08,1,6,1,27,324,25.92,0.0,197.64,22.05,0,0,1,1,0
5452,2024-12-17,3,29,2,17,102,0,0,62.22,20.55,2.04,39.25,0,1,2
5453,2025-11-15,1,18,1,29,348,0,0,212.28,22.35,0,0,1,1,0
5454,2025-08-15,3,11,3,91,546,21.84,0.0,333.06,31.65,10.48,57.75,0,1,2
5455,2025-07-01,3,11,2,97,582,46.56,0.0,355.02,32.55,0,0,1,1,0
5456,2024-03-30,4,17,1,38,1444,115.52,1328.48,880.84,35.1,26.57,0,0,1,1
5457,2025-09-09,4,42,3,10,380,30.4,0.0,231.8,22.5,0,0,1,1,0
5458,2024-09-22,2,34,2,20,1700,68.0,0.0,1037.0,27.0,0,0,1,1,0
5459,2024-01-05,3,24,1,69,414,0,0,252.54,28.35,0,0,1,1,0
5460,2024-05-14,2,40,2,37,3145,125.8,0.0,1918.45,34.65,0,0,1,1,0
5461,2025-06-19,2,10,1,31,2635,105.4,0.0,1607.35,31.95,0,0,1,1,0
5462,2025-03-19,3,16,1,29,174,13.92,0.0,106.14,22.35,0,0,1,1,0
5463,2024-02-24,1,12,2,14,168,13.44,0.0,102.48,20.1,0,0,1,1,0
5464,2024-01-05,2,37,2,85,7225,867.0,0.0,4407.25,56.25,0,0,1,1,0
5465,2025-04-23,3,15,2,50,300,0,0,183.0,25.5,0,0,1,1,0
5466,2025-10-29,4,34,3,19,722,28.88,0.0,440.42,26.55,13.86,0,0,1,1
5467,2025-09-07,4,39,2,34,1292,155.04,0.0,788.12,33.3,0,0,1,1,0
5468,2024-01-22,1,12,1,12,144,17.28,0.0,87.84,19.8,0,0,1,1,0
5469,2025-05-12,4,16,1,11,418,0,0,254.98,22.95,8.36,0,0,1,1
5470,2025-04-03,3,6,1,86,516,0,0,314.76,30.9,0,0,1,1,0
5471,2025-07-26,1,45,1,16,192,0,0,117.12,20.4,0,0,1,1,0
5472,2024-06-03,1,35,2,94,1128,45.12,0.0,688.08,32.1,21.66,0,0,1,1
5473,2024-09-19,1,2,2,12,144,5.76,0.0,87.84,19.8,0,0,1,1,0
5474,2024-05-05,4,27,2,35,1330,159.6,0.0,811.3,33.75,0,0,1,1,0
5475,2024-05-05,4,27,2,69,2622,209.76,0.0,1599.42,49.05,48.24,52.25,0,1,2
5476,2025-12-22,4,6,2,78,2964,0,0,1808.04,53.1,59.28,0,0,1,1
5477,2025-05-31,1,7,1,51,612,73.44,0.0,373.32,25.65,10.77,47.75,0,1,4
5478,2024-12-22,4,34,1,87,3306,132.24,0.0,2016.66,57.15,0,0,1,1,0
5479,2025-06-17,3,39,3,77,462,36.96,0.0,281.82,29.55,0,0,1,1,0
5480,2024-07-03,3,18,1,90,540,43.2,0.0,329.4,31.5,0,0,1,1,0
5481,2025-11-09,4,4,2,16,608,72.96,0.0,370.88,25.2,10.7,39.0,0,1,4
5482,2025-02-16,3,8,2,17,102,0,0,62.22,20.55,0,0,1,1,0
5483,2025-09-04,4,48,1,18,684,54.72,0.0,417.24,26.1,0,0,1,1,0
5484,2024-10-30,2,20,3,78,6630,795.6,0.0,4044.3,53.1,0,0,1,1,0
5485,2025-01-12,4,6,3,97,3686,147.44,0.0,2248.46,61.65,70.77,59.25,0,1,4
5486,2025-07-02,4,18,3,27,1026,123.12,0.0,625.86,30.15,0,0,1,1,0
5487,2025-08-11,1,10,3,70,840,33.6,0.0,512.4,28.5,0,0,1,1,0
5488,2025-09-18,2,42,2,48,4080,489.6,0.0,2488.8,39.6,0,0,1,1,0
5489,2024-01-15,3,31,3,64,384,15.36,0.0,234.24,27.6,0,0,1,1,0
5490,2025-02-26,1,20,1,71,852,102.24,0.0,519.72,28.65,0,0,1,1,0
5491,2024-05-24,3,47,3,33,198,23.76,0.0,120.78,22.95,3.48,43.25,0,1,2
5492,2024-12-06,3,15,2,68,408,0,0,248.88,28.2,0,0,1,1,0
5493,2025-01-13,4,24,2,82,3116,124.64,0.0,1900.76,54.9,0,0,1,1,0
5494,2025-04-03,2,21,1,46,3910,312.8,0.0,2385.1,38.7,0,0,1,1,0
5495,2024-11-25,4,41,1,19,722,86.64,0.0,440.42,26.55,0,0,1,1,0
5496,2024-03-05,3,20,1,12,72,0,0,43.92,19.8,0,0,1,1,0
5497,2025-08-29,2,37,2,65,5525,442.0,0.0,3370.25,47.25,0,0,1,1,0
5498,2025-01-16,3,25,1,83,498,59.76,0.0,303.78,30.45,8.76,55.75,0,1,2
5499,2024-06-04,3,39,1,40,240,0,0,146.4,24.0,0,0,1,1,0
5500,2025-11-05,2,7,3,82,6970,0,0,4251.7,54.9,0,0,1,1,0
5501,2025-08-30,3,32,2,54,324,25.92,0.0,197.64,26.1,0,0,1,1,0
5502,2024-11-28,2,4,1,24,2040,163.2,0.0,1244.4,28.8,37.54,41.0,0,1,4
5503,2025-01-17,1,46,2,79,948,75.84,0.0,578.28,29.85,0,0,1,1,0
5504,2025-05-20,3,22,1,77,462,18.48,0.0,281.82,29.55,0,0,1,1,0
5505,2025-08-26,3,33,1,18,108,12.96,0.0,65.88,20.7,0,0,1,1,0
5506,2025-08-08,3,14,2,71,426,0,0,259.86,28.65,0,0,1,1,0
5507,2025-06-07,1,24,2,72,864,103.68,0.0,527.04,28.8,15.21,0,0,1,1
5508,2025-06-16,1,41,2,14,168,0,168,102.48,20.1,0,0,1,1,0
5509,2024-12-12,4,2,1,19,722,57.76,0.0,440.42,26.55,0,0,1,1,0
5510,2025-05-06,1,34,1,56,672,26.88,0.0,409.92,26.4,0,0,1,0,0
5511,2024-07-16,2,41,1,78,6630,0,0,4044.3,53.1,0,0,1,1,0
5512,2024-11-12,2,18,1,95,8075,969.0,0.0,4925.75,60.75,142.12,58.75,0,1,2
5513,2025-10-31,4,6,3,66,2508,300.96,0.0,1529.88,47.7,44.14,0,0,1,1
5514,2025-04-25,4,18,1,15,570,45.6,0.0,347.7,24.75,0,0,1,1,0
5515,2024-02-09,3,17,1,60,360,43.2,0.0,219.6,27.0,0,0,1,1,0
5516,2025-10-01,3,3,2,23,138,5.52,0.0,84.18,21.45,0,0,1,1,0
5517,2024-06-25,4,41,1,67,2546,0,0,1553.06,48.15,0,0,1,1,0
5518,2025-07-29,2,29,2,51,4335,173.4,0.0,2644.35,40.95,0,0,1,1,0
5519,2025-02-08,2,30,3,94,7990,0,0,4873.9,60.3,159.8,0,0,1,1
5520,2025-01-25,3,21,1,43,258,0,0,157.38,24.45,0,0,1,1,0
5521,2025-01-07,4,41,2,96,3648,145.92,0.0,2225.28,61.2,70.04,0,0,1,1
5522,2024-05-15,3,47,2,71,426,17.04,0.0,259.86,28.65,8.18,0,0,1,1
5523,2025-11-02,3,29,2,70,420,16.8,0.0,256.2,28.5,0,0,1,1,0
5524,2025-06-04,2,37,3,68,5780,0,0,3525.8,48.6,115.6,0,0,1,1
5525,2025-12-14,1,16,3,72,864,34.56,0.0,527.04,28.8,16.59,0,0,1,1
5526,2025-12-23,2,37,1,51,4335,520.2,3814.8,2644.35,40.95,0,0,1,1,0
5527,2024-02-12,2,28,1,75,6375,255.0,0.0,3888.75,51.75,0,0,1,1,0
5528,2025-08-06,3,17,3,35,210,0,0,128.1,23.25,4.2,0,0,1,1
5529,2024-11-21,2,40,2,21,1785,0,0,1088.85,27.45,0,0,1,1,0
5530,2025-11-22,2,15,1,25,2125,170.0,0.0,1296.25,29.25,0,0,1,1,0
5531,2024-11-06,4,35,3,58,2204,264.48,0.0,1344.44,44.1,38.79,0,0,1,1
5532,2024-04-27,3,8,3,66,396,0,0,241.56,27.9,7.92,51.5,0,1,2
5533,2025-10-05,2,5,2,77,6545,0,0,3992.45,52.65,0,0,1,1,0
5534,2025-04-28,4,13,2,86,3268,392.16,0.0,1993.48,56.7,0,0,1,1,0
5535,2025-09-23,2,33,2,77,6545,0,0,3992.45,52.65,0,0,1,1,0
5536,2024-07-29,3,32,2,74,444,53.28,0.0,270.84,29.1,0,0,1,1,0
5537,2025-04-05,4,18,1,65,2470,0,0,1506.7,47.25,0,0,1,1,0
5538,2025-09-30,2,37,1,96,8160,652.8,0.0,4977.6,61.2,0,0,1,1,0
5539,2024-12-22,2,1,3,66,5610,448.8,0.0,3422.1,47.7,0,0,1,1,0
5540,2024-03-28,3,14,3,13,78,6.24,0.0,47.58,19.95,1.44,0,0,1,1
5541,2025-05-23,2,11,1,36,3060,244.8,0.0,1866.6,34.2,0,0,1,1,0
5542,2024-10-21,3,12,1,56,336,40.32,0.0,204.96,26.4,0,0,1,1,0
5543,2025-06-28,1,14,1,79,948,75.84,0.0,578.28,29.85,0,0,1,1,0
5544,2025-10-22,1,25,1,48,576,0,0,351.36,25.2,0,0,1,1,0
5545,2024-08-26,4,37,3,78,2964,118.56,0.0,1808.04,53.1,0,0,1,1,0
5546,2024-08-22,3,48,3,68,408,48.96,0.0,248.88,28.2,7.18,0,0,1,1
5547,2024-12-08,2,19,2,76,6460,0,0,3940.6,52.2,0,0,1,1,0
5548,2024-10-26,2,15,1,40,3400,0,0,2074.0,36.0,0,0,1,1,0
5549,2024-06-13,3,22,2,20,120,9.6,0.0,73.2,21.0,0,0,1,1,0
5550,2025-11-29,1,31,2,48,576,69.12,0.0,351.36,25.2,0,0,1,1,0
5551,2025-02-08,4,42,3,42,1596,191.52,0.0,973.56,36.9,0,0,1,1,0
5552,2024-01-15,2,10,1,73,6205,496.4,0.0,3785.05,50.85,114.17,53.25,0,1,4
5553,2024-11-30,3,39,1,68,408,0,0,248.88,28.2,0,0,1,1,0
5554,2025-08-16,1,30,3,88,1056,42.24,0.0,644.16,31.2,0,0,1,1,0
5555,2024-02-18,3,25,1,84,504,0,0,307.44,30.6,0,0,1,1,0
5556,2024-12-01,3,11,1,34,204,16.32,0.0,124.44,23.1,0,0,1,1,0
5557,2024-11-04,3,21,3,61,366,43.92,0.0,223.26,27.15,0,0,1,1,0
5558,2025-09-10,2,11,1,53,4505,180.2,0.0,2748.05,41.85,0,0,1,0,0
5559,2024-07-16,2,44,3,97,8245,329.8,0.0,5029.45,61.65,0,0,1,0,0
5560,2024-11-19,1,38,3,30,360,14.4,0.0,219.6,22.5,6.91,0,0,1,1
5561,2025-10-14,1,45,3,35,420,33.6,0.0,256.2,23.25,7.73,43.75,0,1,2
5562,2025-10-01,4,43,3,56,2128,0,0,1298.08,43.2,42.56,49.0,0,1,2
5563,2024-03-18,3,5,1,78,468,56.16,0.0,285.48,29.7,0,0,1,1,0
5564,2025-12-24,3,12,3,39,234,0,0,142.74,23.85,0,0,1,0,0
5565,2024-07-20,1,23,2,27,324,12.96,0.0,197.64,22.05,0,0,1,0,0
5566,2024-06-16,2,30,3,39,3315,397.8,0.0,2022.15,35.55,58.34,0,0,1,1
5567,2025-01-19,2,25,3,41,3485,139.4,0.0,2125.85,36.45,66.91,45.25,0,1,2
5568,2024-03-21,3,17,3,33,198,15.84,0.0,120.78,22.95,3.64,0,0,1,1
5569,2024-01-12,2,38,3,60,5100,408.0,0.0,3111.0,45.0,0,0,1,1,0
5570,2024-02-18,4,30,2,21,798,0,798,486.78,27.45,0,0,1,1,0
5571,2024-09-01,1,31,1,66,792,63.36,0.0,483.12,27.9,14.57,0,0,1,1
5572,2024-09-22,3,16,3,48,288,34.56,0.0,175.68,25.2,0,0,1,1,0
5573,2024-01-09,1,13,3,84,1008,0,0,614.88,30.6,0,0,1,1,0
5574,2025-02-14,3,8,2,36,216,17.28,0.0,131.76,23.4,0,0,1,1,0
5575,2025-02-11,2,12,2,80,6800,544.0,0.0,4148.0,54.0,125.12,55.0,0,1,2
5576,2025-05-10,3,24,1,79,474,0,0,289.14,29.85,0,0,1,1,0
5577,2025-06-07,4,26,3,77,2926,234.08,0.0,1784.86,52.65,53.84,54.25,0,1,4
5578,2025-09-03,4,32,2,71,2698,0,0,1645.78,49.95,0,0,1,1,0
5579,2025-06-23,4,33,2,28,1064,0,0,649.04,30.6,0,0,1,1,0
5580,2025-10-13,3,42,3,82,492,39.36,0.0,300.12,30.3,0,0,1,1,0
5581,2024-05-19,1,6,3,89,1068,85.44,0.0,651.48,31.35,19.65,57.25,0,1,2
5582,2024-12-01,3,47,2,45,270,0,0,164.7,24.75,0,0,1,1,0
5583,2024-02-03,1,17,3,64,768,61.44,0.0,468.48,27.6,14.13,0,0,1,1
5584,2025-01-02,2,30,1,79,6715,537.2,0.0,4096.15,53.55,123.56,54.75,0,1,4
5585,2024-02-23,2,24,2,76,6460,775.2,0.0,3940.6,52.2,0,0,1,1,0
5586,2025-10-26,1,40,2,88,1056,126.72,0.0,644.16,31.2,0,0,1,1,0
5587,2025-03-11,2,17,2,14,1190,95.2,0.0,725.9,24.3,0,0,1,1,0
5588,2025-08-04,2,23,1,13,1105,132.6,0.0,674.05,23.85,0,0,1,0,0
5589,2025-02-22,4,9,2,100,3800,304.0,0.0,2318.0,63.0,0,0,1,1,0
5590,2024-11-07,3,22,2,47,282,11.28,0.0,172.02,25.05,5.41,46.75,0,1,2
5591,2025-02-12,4,25,2,48,1824,218.88,0.0,1112.64,39.6,0,0,1,1,0
5592,2024-05-30,3,47,2,75,450,18.0,0.0,274.5,29.25,0,0,1,1,0
5593,2025-03-19,1,35,1,40,480,19.2,0.0,292.8,24.0,0,0,1,1,0
5594,2025-08-22,3,5,2,85,510,0,0,311.1,30.75,0,0,1,1,0
5595,2025-05-17,2,26,3,18,1530,0,0,933.3,26.1,30.6,0,0,1,1
5596,2024-12-26,1,16,3,39,468,0,0,285.48,23.85,9.36,0,0,1,1
5597,2024-07-20,3,15,3,70,420,0,0,256.2,28.5,0,0,1,1,0
5598,2025-05-25,3,26,2,70,420,33.6,0.0,256.2,28.5,0,0,1,1,0
5599,2025-02-15,2,48,1,17,1445,115.6,0.0,881.45,25.65,0,0,1,1,0
5600,2024-11-10,2,33,1,95,8075,646.0,0.0,4925.75,60.75,0,0,1,1,0
5601,2024-10-09,3,12,1,71,426,34.08,0.0,259.86,28.65,0,0,1,1,0
5602,2024-06-24,2,32,3,100,8500,340.0,0.0,5185.0,63.0,0,0,1,1,0
5603,2025-03-30,2,19,2,51,4335,520.2,0.0,2644.35,40.95,76.3,47.75,0,1,4
5604,2025-04-12,3,20,3,94,564,22.56,0.0,344.04,32.1,10.83,58.5,0,1,2
5605,2024-01-14,1,32,2,67,804,64.32,0.0,490.44,28.05,0,0,1,1,0
5606,2025-05-21,2,27,3,90,7650,306.0,0.0,4666.5,58.5,146.88,57.5,0,1,2
5607,2025-11-21,1,25,1,47,564,22.56,0.0,344.04,25.05,0,0,1,1,0
5608,2025-06-17,1,7,1,91,1092,87.36,0.0,666.12,31.65,0,0,1,1,0
5609,2024-04-23,2,16,1,42,3570,285.6,0.0,2177.7,36.9,0,0,1,1,0
5610,2025-09-21,1,38,3,47,564,0,0,344.04,25.05,0,0,1,1,0
5611,2024-12-15,3,2,3,66,396,31.68,0.0,241.56,27.9,0,0,1,1,0
5612,2024-06-07,3,40,3,37,222,0,0,135.42,23.55,0,0,1,1,0
5613,2024-10-07,2,33,1,71,6035,724.2,0.0,3681.35,49.95,0,0,1,1,0
5614,2025-05-09,2,33,1,55,4675,374.0,0.0,2851.75,42.75,0,0,1,1,0
5615,2024-03-28,1,32,1,42,504,20.16,0.0,307.44,24.3,0,0,1,1,0
5616,2024-09-28,4,42,3,75,2850,228.0,0.0,1738.5,51.75,0,0,1,1,0
5617,2024-07-08,4,33,1,99,3762,0,0,2294.82,62.55,0,0,1,1,0
5618,2024-10-19,3,39,2,62,372,29.76,0.0,226.92,27.3,0,0,1,1,0
5619,2025-04-05,1,28,1,44,528,21.12,0.0,322.08,24.6,0,0,1,1,0
5620,2025-01-23,3,16,1,52,312,12.48,0.0,190.32,25.8,0,0,1,1,0
5621,2024-02-01,1,42,2,10,120,4.8,0.0,73.2,19.5,0,0,1,1,0
5622,2025-04-21,4,29,1,30,1140,0,0,695.4,31.5,0,0,1,1,0
5623,2024-03-05,3,40,2,40,240,9.6,0.0,146.4,24.0,0,0,1,1,0
5624,2024-06-15,1,6,2,85,1020,81.6,0.0,622.2,30.75,0,0,1,1,0
5625,2025-02-06,1,25,3,14,168,13.44,0.0,102.48,20.1,0,0,1,1,0
5626,2025-11-07,2,27,3,81,6885,0,0,4199.85,54.45,137.7,0,0,1,1
5627,2025-02-08,1,19,2,63,756,0,0,461.16,27.45,0,0,1,1,0
5628,2024-08-19,2,42,1,69,5865,234.6,0.0,3577.65,49.05,0,0,1,1,0
5629,2024-12-11,1,27,1,94,1128,90.24,0.0,688.08,32.1,20.76,58.5,0,1,4
5630,2025-11-02,4,22,1,48,1824,72.96,0.0,1112.64,39.6,0,0,1,1,0
5631,2025-11-06,4,30,3,39,1482,118.56,0.0,904.02,35.55,0,0,1,1,0
5632,2024-07-09,3,11,3,65,390,0,0,237.9,27.75,7.8,0,0,1,1
5633,2024-06-30,4,4,2,61,2318,0,0,1413.98,45.45,0,0,1,1,0
5634,2025-06-24,4,27,2,24,912,72.96,0.0,556.32,28.8,0,0,1,1,0
5635,2025-12-16,2,10,3,27,2295,91.8,0.0,1399.95,30.15,0,0,1,1,0
5636,2024-06-12,4,10,3,37,1406,112.48,0.0,857.66,34.65,0,0,1,1,0
5637,2024-07-23,2,30,3,63,5355,0,0,3266.55,46.35,107.1,50.75,0,1,4
5638,2025-07-06,3,12,1,31,186,22.32,0.0,113.46,22.65,3.27,0,0,1,1
5639,2024-02-27,1,44,1,84,1008,120.96,0.0,614.88,30.6,0,0,1,1,0
5640,2024-10-04,4,23,3,52,1976,158.08,1817.92,1205.36,41.4,0,0,1,1,0
5641,2024-08-02,2,8,2,68,5780,231.2,0.0,3525.8,48.6,0,0,1,1,0
5642,2025-06-01,3,20,1,47,282,11.28,0.0,172.02,25.05,0,0,1,1,0
5643,2025-06-29,2,21,1,17,1445,115.6,0.0,881.45,25.65,0,0,1,1,0
5644,2024-06-04,2,6,1,61,5185,414.8,0.0,3162.85,45.45,0,0,1,1,0
5645,2024-03-18,3,7,2,69,414,49.68,0.0,252.54,28.35,0,0,1,0,0
5646,2025-02-21,4,44,3,18,684,82.08,0.0,417.24,26.1,0,0,1,1,0
5647,2025-08-28,1,41,2,82,984,0,0,600.24,30.3,0,0,1,1,0
5648,2025-07-06,3,29,3,11,66,5.28,0.0,40.26,19.65,0,0,1,1,0
5649,2024-10-14,3,36,3,29,174,0,0,106.14,22.35,3.48,0,0,1,1
5650,2024-02-12,1,8,2,27,324,38.88,0.0,197.64,22.05,0,0,1,1,0
5651,2025-08-10,2,6,3,76,6460,775.2,5684.8,3940.6,52.2,0,0,1,1,0
5652,2024-09-24,3,37,1,56,336,0,0,204.96,26.4,0,0,1,1,0
5653,2024-02-22,4,22,3,82,3116,0,0,1900.76,54.9,0,0,1,1,0
5654,2024-04-12,2,16,2,76,6460,516.8,0.0,3940.6,52.2,0,0,1,1,0
5655,2025-07-30,1,40,2,53,636,0,0,387.96,25.95,0,0,1,1,0
5656,2025-12-17,1,4,3,68,816,65.28,0.0,497.76,28.2,0,0,1,1,0
5657,2024-11-01,2,32,2,27,2295,91.8,0.0,1399.95,30.15,0,0,1,1,0
5658,2024-02-17,4,45,1,79,3002,120.08,0.0,1831.22,53.55,0,0,1,1,0
5659,2025-08-11,1,7,3,61,732,29.28,0.0,446.52,27.15,14.05,0,0,1,1
5660,2025-05-01,1,35,2,97,1164,46.56,0.0,710.04,32.55,22.35,59.25,0,1,4
5661,2025-08-12,4,17,2,24,912,109.44,0.0,556.32,28.8,16.05,0,0,1,1
5662,2025-06-01,1,24,3,80,960,38.4,0.0,585.6,30.0,18.43,55.0,0,1,2
5663,2025-06-07,2,38,2,69,5865,0,0,3577.65,49.05,0,0,1,1,0
5664,2025-09-12,4,17,3,24,912,0,0,556.32,28.8,18.24,41.0,0,1,2
5665,2025-03-24,2,45,3,10,850,68.0,0.0,518.5,22.5,0,0,1,1,0
5666,2025-07-30,1,20,1,63,756,60.48,0.0,461.16,27.45,0,0,1,1,0
5667,2025-06-16,1,3,2,17,204,24.48,0.0,124.44,20.55,0,0,1,1,0
5668,2025-09-05,4,29,3,59,2242,269.04,0.0,1367.62,44.55,0,0,1,1,0
5669,2025-10-26,2,44,3,39,3315,397.8,0.0,2022.15,35.55,0,0,1,1,0
5670,2025-05-20,2,41,1,47,3995,479.4,0.0,2436.95,39.15,0,0,1,1,0
5671,2024-05-20,4,48,3,18,684,54.72,0.0,417.24,26.1,0,0,1,1,0
5672,2025-07-03,4,16,2,12,456,54.72,0.0,278.16,23.4,0,0,1,1,0
5673,2024-12-03,4,13,2,54,2052,82.08,1969.92,1251.72,42.3,0,0,1,1,0
5674,2024-08-15,3,44,2,59,354,42.48,0.0,215.94,26.85,6.23,49.75,0,1,2
5675,2024-05-16,3,25,2,42,252,0,0,153.72,24.3,0,0,1,1,0
5676,2024-07-22,2,24,3,71,6035,724.2,0.0,3681.35,49.95,0,0,1,1,0
5677,2024-02-25,2,35,3,83,7055,282.2,0.0,4303.55,55.35,0,0,1,1,0
5678,2025-12-30,3,43,2,68,408,32.64,0.0,248.88,28.2,0,0,1,1,0
5679,2025-12-04,4,30,3,16,608,72.96,0.0,370.88,25.2,0,0,1,1,0
5680,2025-09-30,4,41,1,45,1710,136.8,0.0,1043.1,38.25,0,0,1,1,0
5681,2024-02-21,1,4,1,89,1068,42.72,0.0,651.48,31.35,0,0,1,1,0
5682,2025-12-17,4,21,2,38,1444,115.52,0.0,880.84,35.1,0,0,1,1,0
5683,2024-10-15,4,35,3,62,2356,282.72,0.0,1437.16,45.9,0,0,1,0,0
5684,2024-11-28,2,19,1,84,7140,571.2,0.0,4355.4,55.8,0,0,1,1,0
5685,2025-09-10,2,36,2,32,2720,108.8,0.0,1659.2,32.4,0,0,1,1,0
5686,2025-11-22,4,22,3,34,1292,51.68,0.0,788.12,33.3,24.81,43.5,0,1,2
5687,2024-08-24,4,26,2,68,2584,0,0,1576.24,48.6,51.68,0,0,1,1
5688,2024-06-11,1,18,3,51,612,0,0,373.32,25.65,12.24,47.75,0,1,2
5689,2025-02-16,1,38,1,34,408,48.96,0.0,248.88,23.1,0,0,1,1,0
5690,2024-07-05,2,44,1,73,6205,496.4,0.0,3785.05,50.85,0,0,1,1,0
5691,2025-12-30,3,4,2,16,96,0,0,58.56,20.4,0,0,1,1,0
5692,2024-07-24,1,15,3,10,120,0,0,73.2,19.5,0,0,1,1,0
5693,2025-12-22,2,28,3,42,3570,428.4,0.0,2177.7,36.9,62.83,45.5,0,0,2
5694,2025-10-24,4,36,2,90,3420,410.4,0.0,2086.2,58.5,0,0,1,1,0
5695,2024-12-08,1,5,3,26,312,12.48,0.0,190.32,21.9,0,0,1,1,0
5696,2024-06-22,2,14,1,46,3910,312.8,0.0,2385.1,38.7,0,0,1,1,0
5697,2025-12-17,4,13,1,78,2964,118.56,0.0,1808.04,53.1,0,0,1,1,0
5698,2024-12-22,1,10,2,10,120,9.6,0.0,73.2,19.5,0,0,1,1,0
5699,2025-03-07,4,30,3,31,1178,47.12,0.0,718.58,31.95,22.62,0,0,1,1
5700,2024-07-06,1,5,2,53,636,50.88,0.0,387.96,25.95,0,0,1,1,0
5701,2025-10-22,2,39,1,66,5610,0,0,3422.1,47.7,0,0,1,1,0
5702,2025-09-18,4,7,1,93,3534,424.08,0.0,2155.74,59.85,0,0,1,1,0
5703,2024-02-06,1,48,2,99,1188,95.04,0.0,724.68,32.85,0,0,1,1,0
5704,2025-11-10,3,34,3,88,528,0,0,322.08,31.2,10.56,57.0,0,1,2
5705,2024-01-23,4,48,2,53,2014,0,0,1228.54,41.85,0,0,1,1,0
5706,2024-01-04,2,40,2,35,2975,238.0,0.0,1814.75,33.75,54.74,0,0,1,1
5707,2024-03-02,1,15,2,94,1128,0,0,688.08,32.1,0,0,1,1,0
5708,2025-10-26,3,7,3,84,504,0,0,307.44,30.6,0,0,1,1,0
5709,2024-07-07,3,5,1,30,180,21.6,0.0,109.8,22.5,3.17,0,0,1,1
5710,2024-04-10,2,17,2,56,4760,190.4,0.0,2903.6,43.2,91.39,49.0,0,1,2
5711,2024-09-21,3,10,2,91,546,0,0,333.06,31.65,0,0,1,1,0
5712,2024-11-25,4,32,2,11,418,33.44,0.0,254.98,22.95,0,0,1,1,0
5713,2024-04-14,4,40,1,16,608,48.64,0.0,370.88,25.2,0,0,1,1,0
5714,2024-05-21,4,1,1,84,3192,0,0,1947.12,55.8,0,0,1,1,0
5715,2024-09-25,4,7,1,23,874,104.88,0.0,533.14,28.35,0,0,1,1,0
5716,2025-10-12,2,14,3,48,4080,0,0,2488.8,39.6,81.6,0,0,1,1
5717,2025-09-08,3,8,3,26,156,12.48,0.0,95.16,21.9,0,0,1,1,0
5718,2025-05-06,1,31,3,79,948,113.76,0.0,578.28,29.85,0,0,1,1,0
5719,2024-11-05,3,5,3,82,492,19.68,0.0,300.12,30.3,0,0,1,1,0
5720,2024-12-30,2,30,1,62,5270,632.4,0.0,3214.7,45.9,0,0,1,1,0
5721,2024-03-05,4,33,2,69,2622,0,0,1599.42,49.05,0,0,1,1,0
5722,2024-05-08,2,29,1,72,6120,489.6,0.0,3733.2,50.4,0,0,1,1,0
5723,2024-05-18,1,12,1,19,228,18.24,0.0,139.08,20.85,0,0,1,1,0
5724,2024-10-18,4,43,3,75,2850,0,0,1738.5,51.75,57.0,53.75,0,1,4
5725,2024-03-18,4,27,3,66,2508,100.32,0.0,1529.88,47.7,0,0,1,1,0
5726,2025-01-03,3,41,2,20,120,0,0,73.2,21.0,0,0,1,1,0
5727,2024-11-17,3,48,3,58,348,27.84,0.0,212.28,26.7,6.4,49.5,0,1,2
5728,2025-08-23,4,47,3,100,3800,152.0,0.0,2318.0,63.0,0,0,1,1,0
5729,2025-10-01,4,5,2,18,684,54.72,0.0,417.24,26.1,0,0,1,1,0
5730,2024-10-17,1,48,3,85,1020,40.8,0.0,622.2,30.75,19.58,0,0,1,1
5731,2025-05-17,1,38,3,14,168,6.72,0.0,102.48,20.1,3.23,38.5,0,1,2
5732,2025-08-30,3,42,1,97,582,46.56,0.0,355.02,32.55,0,0,1,1,0
5733,2024-11-15,2,45,2,62,5270,421.6,0.0,3214.7,45.9,0,0,1,1,0
5734,2024-03-09,2,21,2,86,7310,0,0,4459.1,56.7,146.2,0,0,1,1
5735,2025-07-01,1,38,3,61,732,87.84,0.0,446.52,27.15,12.88,0,0,1,1
5736,2025-06-11,3,44,1,83,498,0,0,303.78,30.45,0,0,1,1,0
5737,2025-02-03,4,16,1,46,1748,139.84,1608.16,1066.28,38.7,0,0,1,1,0
5738,2025-11-03,1,13,3,66,792,63.36,0.0,483.12,27.9,0,0,1,1,0
5739,2025-11-30,1,35,2,48,576,69.12,0.0,351.36,25.2,0,0,1,1,0
5740,2024-01-19,3,47,2,56,336,26.88,0.0,204.96,26.4,0,0,1,1,0
5741,2025-11-19,3,11,1,16,96,0,0,58.56,20.4,0,0,1,1,0
5742,2024-05-28,4,36,3,87,3306,132.24,0.0,2016.66,57.15,0,0,1,1,0
5743,2024-09-20,1,39,1,80,960,0,0,585.6,30.0,0,0,1,1,0
5744,2025-04-26,2,24,1,93,7905,632.4,0.0,4822.05,59.85,0,0,1,1,0
5745,2024-08-12,4,11,2,44,1672,133.76,0.0,1019.92,37.8,0,0,1,1,0
5746,2024-04-01,4,42,3,79,3002,360.24,0.0,1831.22,53.55,0,0,1,1,0
5747,2025-12-22,4,13,3,32,1216,145.92,0.0,741.76,32.4,0,0,1,1,0
5748,2024-10-03,3,36,2,91,546,21.84,0.0,333.06,31.65,10.48,0,0,1,1
5749,2025-03-01,1,35,3,57,684,54.72,0.0,417.24,26.55,12.59,49.25,0,1,4
5750,2024-02-09,3,21,2,50,300,36.0,0.0,183.0,25.5,0,0,1,1,0
5751,2025-02-26,2,35,2,29,2465,98.6,0.0,1503.65,31.05,0,0,1,1,0
5752,2024-03-28,1,26,2,91,1092,43.68,0.0,666.12,31.65,0,0,1,1,0
5753,2025-10-21,2,41,2,84,7140,285.6,0.0,4355.4,55.8,137.09,56.0,0,1,2
5754,2024-06-04,3,45,2,11,66,0,0,40.26,19.65,0,0,1,1,0
5755,2024-11-14,2,22,1,32,2720,108.8,0.0,1659.2,32.4,0,0,1,1,0
5756,2025-03-27,4,46,2,94,3572,428.64,0.0,2178.92,60.3,0,0,1,1,0
5757,2024-06-18,1,38,1,65,780,0,0,475.8,27.75,0,0,1,1,0
5758,2025-11-09,2,19,2,27,2295,183.6,0.0,1399.95,30.15,0,0,1,1,0
5759,2025-06-12,1,4,1,16,192,15.36,0.0,117.12,20.4,0,0,1,1,0
5760,2025-07-19,2,30,3,97,8245,329.8,0.0,5029.45,61.65,158.3,59.25,0,1,2
5761,2025-07-06,3,2,1,25,150,12.0,0.0,91.5,21.75,0,0,1,1,0
5762,2025-05-23,1,5,2,83,996,79.68,0.0,607.56,30.45,0,0,1,1,0
5763,2025-01-18,2,4,3,100,8500,0,0,5185.0,63.0,0,0,1,1,0
5764,2025-07-23,4,17,2,95,3610,144.4,0.0,2202.1,60.75,0,0,1,1,0
5765,2025-10-02,1,16,1,39,468,18.72,0.0,285.48,23.85,0,0,1,1,0
5766,2024-08-09,3,16,2,98,588,23.52,0.0,358.68,32.7,0,0,1,1,0
5767,2025-07-22,1,25,1,89,1068,85.44,0.0,651.48,31.35,19.65,0,0,1,1
5768,2025-07-21,2,35,3,84,7140,571.2,0.0,4355.4,55.8,0,0,1,1,0
5769,2024-12-06,3,16,3,35,210,16.8,0.0,128.1,23.25,0,0,1,1,0
5770,2024-11-26,3,6,1,93,558,0,0,340.38,31.95,0,0,1,1,0
5771,2025-06-13,3,28,2,75,450,0,0,274.5,29.25,0,0,1,1,0
5772,2025-11-16,4,25,2,90,3420,0,0,2086.2,58.5,0,0,1,1,0
5773,2024-02-12,2,31,2,91,7735,618.8,0.0,4718.35,58.95,142.32,57.75,0,1,2
5774,2024-03-12,3,39,3,13,78,6.24,0.0,47.58,19.95,1.44,0,0,1,1
5775,2025-09-28,3,41,1,64,384,46.08,0.0,234.24,27.6,0,0,1,1,0
5776,2025-04-28,3,20,1,55,330,13.2,0.0,201.3,26.25,0,0,1,1,0
5777,2024-11-07,3,6,3,61,366,0,0,223.26,27.15,0,0,1,1,0
5778,2025-01-29,1,29,3,69,828,99.36,0.0,505.08,28.35,0,0,1,1,0
5779,2024-02-27,1,3,1,47,564,67.68,0.0,344.04,25.05,0,0,1,1,0
5780,2025-12-25,1,14,1,88,1056,0,0,644.16,31.2,0,0,1,1,0
5781,2025-06-30,4,39,3,66,2508,100.32,0.0,1529.88,47.7,0,0,1,1,0
5782,2024-09-24,3,1,3,56,336,40.32,0.0,204.96,26.4,5.91,0,0,1,1
5783,2025-12-29,3,40,3,55,330,13.2,0.0,201.3,26.25,6.34,0,0,1,1
5784,2024-09-09,2,2,2,73,6205,496.4,5708.6,3785.05,50.85,0,0,1,1,0
5785,2025-05-22,3,43,3,15,90,10.8,0.0,54.9,20.25,1.58,0,0,1,1
5786,2024-09-11,3,13,3,57,342,13.68,0.0,208.62,26.55,6.57,49.25,0,0,2
5787,2024-07-04,4,4,2,39,1482,59.28,0.0,904.02,35.55,0,0,1,1,0
5788,2025-08-26,1,18,1,38,456,0,0,278.16,23.7,0,0,1,1,0
5789,2025-10-24,2,11,2,30,2550,204.0,0.0,1555.5,31.5,46.92,42.5,0,1,2
5790,2025-07-23,2,42,3,33,2805,112.2,0.0,1711.05,32.85,0,0,1,1,0
5791,2024-02-11,4,33,2,24,912,36.48,0.0,556.32,28.8,0,0,1,1,0
5792,2025-06-26,2,39,2,99,8415,673.2,0.0,5133.15,62.55,0,0,1,1,0
5793,2024-08-10,4,30,3,72,2736,218.88,0.0,1668.96,50.4,50.34,0,0,1,1
5794,2025-12-04,2,31,3,21,1785,142.8,0.0,1088.85,27.45,32.84,40.25,0,1,2
5795,2025-12-31,2,2,2,94,7990,958.8,0.0,4873.9,60.3,0,0,1,1,0
5796,2025-05-16,1,7,3,72,864,69.12,0.0,527.04,28.8,15.9,0,0,1,1
5797,2024-07-12,2,28,2,64,5440,435.2,0.0,3318.4,46.8,0,0,1,1,0
5798,2025-09-26,1,38,1,81,972,116.64,0.0,592.92,30.15,17.11,55.25,0,1,2
5799,2025-07-10,3,37,2,35,210,0,0,128.1,23.25,0,0,1,1,0
5800,2025-09-12,3,2,3,97,582,46.56,0.0,355.02,32.55,10.71,0,0,1,1
5801,2024-11-01,4,22,1,62,2356,188.48,0.0,1437.16,45.9,0,0,1,1,0
5802,2025-08-08,1,10,3,75,900,36.0,0.0,549.0,29.25,0,0,1,1,0
5803,2024-08-13,4,28,2,96,3648,291.84,0.0,2225.28,61.2,0,0,1,1,0
5804,2024-01-15,4,19,2,54,2052,0,0,1251.72,42.3,41.04,0,0,1,1
5805,2024-04-27,4,28,3,85,3230,387.6,0.0,1970.3,56.25,0,0,1,1,0
5806,2024-03-19,1,43,1,37,444,17.76,0.0,270.84,23.55,0,0,1,1,0
5807,2025-08-01,4,45,2,33,1254,50.16,0.0,764.94,32.85,0,0,1,0,0
5808,2025-03-19,1,42,3,67,804,32.16,0.0,490.44,28.05,15.44,51.75,0,1,2
5809,2024-07-16,2,15,2,29,2465,197.2,0.0,1503.65,31.05,0,0,1,1,0
5810,2024-01-28,4,8,3,54,2052,82.08,0.0,1251.72,42.3,0,0,1,1,0
5811,2025-08-02,2,17,2,59,5015,0,0,3059.15,44.55,0,0,1,1,0
5812,2025-08-06,1,25,2,82,984,0,0,600.24,30.3,0,0,1,1,0
5813,2025-01-06,1,28,3,24,288,0,0,175.68,21.6,0,0,1,1,0
5814,2024-11-06,3,17,1,39,234,0,0,142.74,23.85,0,0,1,1,0
5815,2024-09-04,1,39,1,31,372,14.88,0.0,226.92,22.65,0,0,1,1,0
5816,2024-11-08,3,39,1,74,444,35.52,0.0,270.84,29.1,0,0,1,0,0
5817,2025-08-24,1,15,1,11,132,15.84,0.0,80.52,19.65,0,0,1,1,0
5818,2024-08-26,2,4,3,63,5355,0,0,3266.55,46.35,107.1,50.75,0,1,4
5819,2024-07-13,1,44,2,28,336,0,0,204.96,22.2,0,0,1,1,0
5820,2025-05-07,3,28,1,19,114,13.68,0.0,69.54,20.85,0,0,1,1,0
5821,2025-05-23,4,39,1,49,1862,74.48,0.0,1135.82,40.05,0,0,1,1,0
5822,2024-02-20,4,24,3,63,2394,287.28,0.0,1460.34,46.35,0,0,1,1,0
5823,2024-10-13,2,36,1,13,1105,44.2,0.0,674.05,23.85,21.22,38.25,0,1,4
5824,2024-12-13,2,42,3,31,2635,210.8,0.0,1607.35,31.95,0,0,1,1,0
5825,2024-05-08,4,3,3,77,2926,351.12,0.0,1784.86,52.65,51.5,0,0,1,1
5826,2025-02-08,1,18,3,63,756,30.24,0.0,461.16,27.45,0,0,1,1,0
5827,2025-03-26,3,23,2,28,168,0,0,102.48,22.2,0,0,1,1,0
5828,2024-12-09,2,13,2,97,8245,329.8,0.0,5029.45,61.65,0,0,1,1,0
5829,2024-12-06,2,27,2,51,4335,0,0,2644.35,40.95,0,0,1,1,0
5830,2024-11-13,2,38,2,16,1360,163.2,0.0,829.6,25.2,23.94,0,0,1,1
5831,2024-11-24,2,40,1,97,8245,989.4,0.0,5029.45,61.65,0,0,1,1,0
5832,2025-04-26,2,44,3,27,2295,183.6,0.0,1399.95,30.15,0,0,1,0,0
5833,2024-07-23,4,3,3,58,2204,264.48,1939.52,1344.44,44.1,0,0,1,1,0
5834,2024-06-18,4,42,3,45,1710,205.2,0.0,1043.1,38.25,30.1,0,0,1,1
5835,2025-11-24,1,15,1,21,252,10.08,0.0,153.72,21.15,0,0,1,1,0
5836,2025-02-18,4,10,2,38,1444,0,0,880.84,35.1,0,0,1,1,0
5837,2024-05-12,2,22,3,61,5185,622.2,0.0,3162.85,45.45,91.26,0,0,1,1
5838,2024-05-03,4,20,2,86,3268,392.16,0.0,1993.48,56.7,0,0,1,1,0
5839,2024-03-25,3,31,1,35,210,16.8,0.0,128.1,23.25,0,0,1,1,0
5840,2025-07-06,4,43,2,23,874,69.92,0.0,533.14,28.35,16.08,40.75,0,1,2
5841,2024-05-28,1,48,1,38,456,18.24,0.0,278.16,23.7,0,0,1,1,0
5842,2025-11-15,1,7,1,51,612,48.96,0.0,373.32,25.65,0,0,1,1,0
5843,2025-12-30,4,7,2,16,608,72.96,0.0,370.88,25.2,10.7,39.0,0,1,2
5844,2024-06-11,3,45,3,70,420,16.8,0.0,256.2,28.5,8.06,0,0,1,1
5845,2024-05-22,3,45,3,36,216,25.92,0.0,131.76,23.4,0,0,1,1,0
5846,2024-10-24,1,32,2,49,588,23.52,0.0,358.68,25.35,0,0,1,1,0
5847,2024-07-18,1,21,2,47,564,45.12,0.0,344.04,25.05,0,0,1,1,0
5848,2024-09-15,4,11,1,62,2356,188.48,0.0,1437.16,45.9,0,0,1,1,0
5849,2024-12-31,2,40,1,60,5100,204.0,0.0,3111.0,45.0,0,0,1,1,0
5850,2025-02-02,4,36,1,96,3648,291.84,0.0,2225.28,61.2,67.12,0,0,1,1
5851,2025-02-10,1,1,2,15,180,0,0,109.8,20.25,0,0,1,1,0
5852,2025-07-25,4,7,3,10,380,15.2,0.0,231.8,22.5,0,0,1,1,0
5853,2024-02-15,2,46,3,89,7565,302.6,7262.4,4614.65,58.05,145.25,57.25,0,1,2
5854,2024-02-24,1,25,2,94,1128,45.12,0.0,688.08,32.1,21.66,0,0,1,1
5855,2025-09-02,2,3,2,28,2380,190.4,0.0,1451.8,30.6,0,0,1,1,0
5856,2024-02-14,4,25,1,55,2090,167.2,0.0,1274.9,42.75,0,0,1,1,0
5857,2024-12-31,2,24,1,94,7990,639.2,0.0,4873.9,60.3,0,0,1,1,0
5858,2025-12-03,1,14,1,100,1200,96.0,0.0,732.0,33.0,0,0,1,1,0
5859,2025-09-04,3,18,2,72,432,51.84,0.0,263.52,28.8,0,0,1,0,0
5860,2024-04-03,3,33,3,85,510,40.8,0.0,311.1,30.75,0,0,1,1,0
5861,2024-08-19,4,32,2,38,1444,173.28,0.0,880.84,35.1,0,0,1,1,0
5862,2025-12-18,3,47,2,67,402,0,0,245.22,28.05,0,0,1,1,0
5863,2024-12-01,1,12,3,35,420,33.6,0.0,256.2,23.25,7.73,43.75,0,1,4
5864,2025-09-14,2,30,1,17,1445,173.4,0.0,881.45,25.65,25.43,39.25,0,1,4
5865,2024-03-08,3,36,1,61,366,29.28,0.0,223.26,27.15,0,0,1,1,0
5866,2024-05-15,1,30,2,18,216,17.28,0.0,131.76,20.7,3.97,0,0,1,1
5867,2025-03-03,2,39,2,63,5355,642.6,0.0,3266.55,46.35,0,0,1,1,0
5868,2024-07-09,4,35,1,59,2242,0,0,1367.62,44.55,0,0,1,1,0
5869,2025-01-26,2,39,1,72,6120,244.8,0.0,3733.2,50.4,0,0,1,1,0
5870,2024-11-19,1,35,1,75,900,72.0,0.0,549.0,29.25,0,0,1,1,0
5871,2024-09-13,2,41,2,30,2550,306.0,0.0,1555.5,31.5,0,0,1,1,0
5872,2025-08-01,3,26,1,50,300,24.0,0.0,183.0,25.5,0,0,1,1,0
5873,2025-10-04,4,2,1,73,2774,110.96,0.0,1692.14,50.85,0,0,1,1,0
5874,2024-04-24,4,12,2,13,494,0,0,301.34,23.85,0,0,1,1,0
5875,2025-02-17,3,36,2,40,240,0,0,146.4,24.0,0,0,1,1,0
5876,2024-11-03,4,26,3,43,1634,0,0,996.74,37.35,0,0,1,1,0
5877,2025-10-25,1,16,2,87,1044,41.76,0.0,636.84,31.05,0,0,1,1,0
5878,2025-12-07,3,2,1,75,450,54.0,0.0,274.5,29.25,0,0,1,1,0
5879,2025-01-27,3,8,1,94,564,0,0,344.04,32.1,0,0,1,1,0
5880,2025-05-28,1,48,2,44,528,21.12,0.0,322.08,24.6,0,0,1,1,0
5881,2025-02-20,1,20,1,94,1128,135.36,0.0,688.08,32.1,19.85,0,0,1,1
5882,2024-11-10,2,16,1,55,4675,561.0,0.0,2851.75,42.75,0,0,1,1,0
5883,2024-11-18,4,23,3,27,1026,0,0,625.86,30.15,20.52,0,0,1,1
5884,2025-03-19,4,41,2,31,1178,94.24,0.0,718.58,31.95,0,0,1,1,0
5885,2024-05-09,3,19,3,56,336,26.88,0.0,204.96,26.4,6.18,0,0,1,1
5886,2024-06-03,2,17,2,90,7650,918.0,0.0,4666.5,58.5,0,0,1,1,0
5887,2025-07-06,1,15,3,88,1056,0,0,644.16,31.2,21.12,57.0,0,1,2
5888,2024-01-22,1,4,2,44,528,42.24,0.0,322.08,24.6,0,0,1,1,0
5889,2024-08-09,2,22,1,49,4165,0,0,2540.65,40.05,0,0,1,1,0
5890,2025-09-13,4,36,3,35,1330,0,0,811.3,33.75,0,0,1,1,0
5891,2024-08-09,1,10,3,44,528,42.24,0.0,322.08,24.6,0,0,1,1,0
5892,2025-01-26,1,26,1,34,408,48.96,0.0,248.88,23.1,0,0,1,1,0
5893,2025-07-09,3,8,1,47,282,33.84,0.0,172.02,25.05,0,0,1,1,0
5894,2024-08-22,2,47,3,19,1615,129.2,0.0,985.15,26.55,0,0,1,1,0
5895,2025-12-13,2,35,1,86,7310,584.8,0.0,4459.1,56.7,0,0,1,1,0
5896,2024-07-11,4,26,2,31,1178,47.12,0.0,718.58,31.95,0,0,1,1,0
5897,2024-02-28,1,27,1,50,600,72.0,0.0,366.0,25.5,0,0,1,1,0
5898,2025-01-10,2,42,3,47,3995,479.4,0.0,2436.95,39.15,0,0,1,1,0
5899,2025-12-26,4,48,3,51,1938,155.04,0.0,1182.18,40.95,35.66,47.75,0,1,2
5900,2024-04-26,2,17,1,89,7565,302.6,0.0,4614.65,58.05,0,0,1,1,0
5901,2025-12-25,1,45,1,45,540,21.6,0.0,329.4,24.75,0,0,1,1,0
5902,2024-05-02,4,37,3,57,2166,86.64,0.0,1321.26,43.65,41.59,49.25,0,1,2
5903,2024-08-23,4,5,2,58,2204,0,0,1344.44,44.1,0,0,1,1,0
5904,2024-06-01,3,7,2,45,270,10.8,0.0,164.7,24.75,0,0,1,1,0
5905,2024-02-10,1,38,2,66,792,63.36,0.0,483.12,27.9,0,0,1,1,0
5906,2024-05-04,1,16,2,23,276,0,0,168.36,21.45,0,0,1,1,0
5907,2024-10-25,3,42,3,77,462,18.48,0.0,281.82,29.55,0,0,1,1,0
5908,2025-03-09,1,47,2,76,912,72.96,0.0,556.32,29.4,0,0,1,1,0
5909,2025-04-15,4,27,3,83,3154,126.16,0.0,1923.94,55.35,0,0,1,1,0
5910,2025-12-02,4,38,3,37,1406,168.72,0.0,857.66,34.65,0,0,1,1,0
5911,2024-04-13,3,14,2,17,102,12.24,0.0,62.22,20.55,0,0,1,1,0
5912,2025-02-27,3,21,1,23,138,11.04,0.0,84.18,21.45,0,0,1,1,0
5913,2025-12-30,4,29,2,22,836,100.32,0.0,509.96,27.9,0,0,1,1,0
5914,2024-03-21,1,45,3,88,1056,0,0,644.16,31.2,0,0,1,1,0
5915,2025-05-03,1,35,2,21,252,20.16,0.0,153.72,21.15,0,0,1,1,0
5916,2024-08-04,4,21,1,30,1140,45.6,0.0,695.4,31.5,0,0,1,1,0
5917,2025-07-13,1,31,2,99,1188,47.52,0.0,724.68,32.85,22.81,59.75,0,1,4
5918,2025-12-13,4,37,3,68,2584,310.08,0.0,1576.24,48.6,45.48,52.0,0,1,4
5919,2025-08-17,3,44,1,47,282,33.84,0.0,172.02,25.05,0,0,1,1,0
5920,2025-04-02,2,1,3,37,3145,251.6,0.0,1918.45,34.65,0,0,1,1,0
5921,2025-06-06,1,29,1,38,456,36.48,0.0,278.16,23.7,0,0,1,1,0
5922,2025-04-16,4,23,1,17,646,0,0,394.06,25.65,12.92,39.25,0,1,2
5923,2024-12-01,2,22,2,99,8415,673.2,0.0,5133.15,62.55,0,0,1,1,0
5924,2025-04-03,4,3,1,98,3724,148.96,0.0,2271.64,62.1,0,0,1,1,0
5925,2024-11-30,2,25,1,75,6375,0,0,3888.75,51.75,0,0,1,1,0
5926,2025-02-06,1,10,3,21,252,30.24,0.0,153.72,21.15,4.44,0,0,1,1
5927,2024-03-07,1,48,2,33,396,15.84,0.0,241.56,22.95,0,0,1,1,0
5928,2025-02-23,3,13,1,58,348,0,0,212.28,26.7,0,0,1,1,0
5929,2025-02-23,3,41,3,71,426,51.12,0.0,259.86,28.65,7.5,52.75,0,1,2
5930,2025-08-03,3,19,1,25,150,6.0,0.0,91.5,21.75,0,0,1,1,0
5931,2024-01-06,3,19,3,76,456,36.48,0.0,278.16,29.4,0,0,1,1,0
5932,2024-04-26,1,39,1,82,984,0,0,600.24,30.3,0,0,1,1,0
5933,2024-03-14,2,18,1,95,8075,969.0,0.0,4925.75,60.75,0,0,1,1,0
5934,2024-05-24,3,41,2,93,558,0,0,340.38,31.95,0,0,1,1,0
5935,2025-01-21,1,37,2,71,852,102.24,0.0,519.72,28.65,15.0,52.75,0,0,2
5936,2024-05-02,3,17,1,59,354,28.32,0.0,215.94,26.85,0,0,1,1,0
5937,2024-05-13,3,42,1,69,414,0,0,252.54,28.35,0,0,1,1,0
5938,2024-09-03,4,30,2,16,608,48.64,0.0,370.88,25.2,0,0,1,1,0
5939,2024-08-25,3,47,1,100,600,72.0,0.0,366.0,33.0,0,0,1,0,0
5940,2025-01-18,3,36,3,43,258,10.32,0.0,157.38,24.45,0,0,1,0,0
5941,2025-11-16,3,16,2,66,396,31.68,0.0,241.56,27.9,7.29,0,0,1,1
5942,2025-02-08,3,40,1,73,438,17.52,0.0,267.18,28.95,0,0,1,1,0
5943,2024-05-14,2,14,1,87,7395,887.4,0.0,4510.95,57.15,0,0,1,1,0
5944,2025-06-28,4,25,3,14,532,21.28,0.0,324.52,24.3,10.21,0,0,1,1
5945,2025-07-20,4,29,2,90,3420,136.8,0.0,2086.2,58.5,0,0,1,1,0
5946,2025-06-22,1,45,3,61,732,0,0,446.52,27.15,0,0,1,1,0
5947,2025-05-29,3,14,3,15,90,3.6,0.0,54.9,20.25,0,0,1,1,0
5948,2025-08-07,3,27,2,80,480,0,0,292.8,30.0,9.6,55.0,0,1,2
5949,2025-11-03,1,36,2,45,540,0,0,329.4,24.75,0,0,1,1,0
5950,2024-05-15,3,20,1,29,174,20.88,0.0,106.14,22.35,3.06,42.25,0,1,2
5951,2025-05-23,2,30,3,64,5440,217.6,0.0,3318.4,46.8,0,0,1,1,0
5952,2024-03-09,3,3,2,85,510,61.2,0.0,311.1,30.75,0,0,1,1,0
5953,2024-12-25,4,10,2,57,2166,173.28,0.0,1321.26,43.65,39.85,49.25,0,1,4
5954,2025-03-14,3,11,3,37,222,0,0,135.42,23.55,4.44,44.25,0,1,4
5955,2025-10-22,1,19,3,99,1188,0,0,724.68,32.85,0,0,1,1,0
5956,2025-02-19,2,48,1,89,7565,605.2,0.0,4614.65,58.05,0,0,1,1,0
5957,2025-12-22,3,12,1,66,396,0,0,241.56,27.9,0,0,1,1,0
5958,2024-09-12,1,37,2,71,852,102.24,0.0,519.72,28.65,0,0,1,1,0
5959,2025-11-11,4,16,2,87,3306,264.48,0.0,2016.66,57.15,0,0,1,1,0
5960,2024-05-14,1,26,1,24,288,23.04,0.0,175.68,21.6,0,0,1,1,0
5961,2024-04-05,2,3,3,58,4930,0,0,3007.3,44.1,98.6,49.5,0,1,4
5962,2024-11-11,1,6,3,14,168,13.44,0.0,102.48,20.1,0,0,1,1,0
5963,2024-05-11,4,11,3,74,2812,337.44,0.0,1715.32,51.3,0,0,1,1,0
5964,2025-12-17,2,32,1,79,6715,268.6,0.0,4096.15,53.55,0,0,1,1,0
5965,2024-03-07,1,33,3,10,120,4.8,0.0,73.2,19.5,2.3,0,0,1,1
5966,2025-02-25,4,45,2,35,1330,0,0,811.3,33.75,26.6,43.75,0,1,2
5967,2024-07-29,3,34,1,52,312,0,0,190.32,25.8,0,0,1,1,0
5968,2025-04-27,2,23,2,23,1955,78.2,0.0,1192.55,28.35,0,0,1,1,0
5969,2025-10-14,1,15,2,30,360,28.8,0.0,219.6,22.5,0,0,1,1,0
5970,2024-11-13,1,30,1,51,612,48.96,0.0,373.32,25.65,0,0,1,1,0
5971,2025-10-06,2,3,3,37,3145,0,0,1918.45,34.65,62.9,44.25,0,1,2
5972,2025-03-22,2,13,3,14,1190,0,0,725.9,24.3,23.8,0,0,1,1
5973,2025-01-12,2,26,3,86,7310,584.8,0.0,4459.1,56.7,0,0,1,1,0
5974,2025-02-22,1,18,3,35,420,0,0,256.2,23.25,0,0,1,1,0
5975,2024-09-22,4,42,1,95,3610,288.8,0.0,2202.1,60.75,0,0,1,1,0
5976,2025-08-28,2,33,3,20,1700,68.0,1632.0,1037.0,27.0,0,0,1,1,0
5977,2025-06-08,3,40,3,32,192,23.04,0.0,117.12,22.8,0,0,1,1,0
5978,2024-09-23,4,16,1,25,950,38.0,912.0,579.5,29.25,0,0,1,1,0
5979,2024-03-24,4,43,1,28,1064,0,0,649.04,30.6,0,0,1,1,0
5980,2025-03-02,2,13,3,76,6460,775.2,0.0,3940.6,52.2,113.7,0,0,1,1
5981,2025-04-25,2,21,1,41,3485,278.8,0.0,2125.85,36.45,0,0,1,1,0
5982,2025-05-04,2,4,2,66,5610,224.4,0.0,3422.1,47.7,0,0,1,1,0
5983,2024-04-09,1,24,2,41,492,39.36,0.0,300.12,24.15,9.05,45.25,0,1,2
5984,2025-11-16,3,27,2,22,132,5.28,0.0,80.52,21.3,0,0,1,1,0
5985,2024-06-16,4,2,3,47,1786,142.88,0.0,1089.46,39.15,0,0,1,1,0
5986,2025-03-31,2,17,2,42,3570,142.8,0.0,2177.7,36.9,0,0,1,1,0
5987,2024-07-06,2,33,1,28,2380,190.4,0.0,1451.8,30.6,0,0,1,1,0
5988,2025-11-28,1,19,1,28,336,13.44,0.0,204.96,22.2,6.45,42.0,0,1,2
5989,2024-08-25,4,27,3,94,3572,0,0,2178.92,60.3,0,0,1,1,0
5990,2025-02-28,1,3,3,45,540,43.2,0.0,329.4,24.75,9.94,0,0,1,1
5991,2025-12-11,4,9,2,13,494,0,0,301.34,23.85,9.88,38.25,0,1,2
5992,2025-07-06,2,21,3,46,3910,312.8,0.0,2385.1,38.7,71.94,0,0,1,1
5993,2024-12-30,1,14,1,65,780,31.2,0.0,475.8,27.75,0,0,1,1,0
5994,2024-10-18,1,36,2,65,780,0,0,475.8,27.75,0,0,1,1,0
5995,2024-04-28,2,9,2,65,5525,442.0,0.0,3370.25,47.25,0,0,1,1,0
5996,2024-08-27,1,4,1,98,1176,47.04,0.0,717.36,32.7,0,0,1,1,0
5997,2025-10-28,1,23,1,84,1008,40.32,0.0,614.88,30.6,0,0,1,1,0
5998,2025-03-05,3,36,2,29,174,0,0,106.14,22.35,3.48,0,0,1,1
5999,2024-09-15,1,32,1,72,864,103.68,0.0,527.04,28.8,15.21,0,0,1,1
6000,2025-11-14,3,13,1,30,180,21.6,0.0,109.8,22.5,0,0,1,1,0
6001,2024-07-07,3,10,3,95,570,45.6,0.0,347.7,32.25,10.49,58.75,0,1,2
6002,2025-08-12,3,44,3,75,450,0,0,274.5,29.25,9.0,53.75,0,1,4
6003,2025-07-05,2,41,2,15,1275,153.0,0.0,777.75,24.75,0,0,1,1,0
6004,2025-01-29,2,41,1,21,1785,0,0,1088.85,27.45,0,0,1,1,0
6005,2024-11-18,4,44,2,77,2926,234.08,0.0,1784.86,52.65,0,0,1,1,0
6006,2025-03-05,4,21,1,61,2318,185.44,0.0,1413.98,45.45,0,0,1,1,0
6007,2024-04-18,1,33,3,37,444,0,0,270.84,23.55,0,0,1,1,0
6008,2024-05-26,4,24,2,24,912,109.44,0.0,556.32,28.8,0,0,1,1,0
6009,2024-06-13,4,45,3,39,1482,59.28,0.0,904.02,35.55,0,0,1,1,0
6010,2024-05-30,4,2,1,99,3762,0,0,2294.82,62.55,0,0,1,1,0
6011,2025-02-15,2,25,1,64,5440,435.2,0.0,3318.4,46.8,0,0,1,1,0
6012,2025-05-14,3,5,3,89,534,0,0,325.74,31.35,10.68,0,0,1,1
6013,2024-09-22,4,43,3,98,3724,148.96,0.0,2271.64,62.1,0,0,1,1,0
6014,2024-07-23,2,27,1,55,4675,187.0,0.0,2851.75,42.75,0,0,1,1,0
6015,2024-01-15,3,47,2,38,228,9.12,0.0,139.08,23.7,0,0,1,1,0
6016,2025-09-25,2,47,1,33,2805,0,0,1711.05,32.85,0,0,1,1,0
6017,2024-10-19,2,14,2,45,3825,0,0,2333.25,38.25,0,0,1,1,0
6018,2025-06-26,4,31,2,53,2014,161.12,0.0,1228.54,41.85,37.06,48.25,0,1,2
6019,2025-06-01,4,21,3,81,3078,123.12,0.0,1877.58,54.45,0,0,1,1,0
6020,2025-05-17,1,11,1,54,648,0,0,395.28,26.1,0,0,1,1,0
6021,2025-10-12,1,34,3,12,144,11.52,0.0,87.84,19.8,2.65,38.0,0,1,2
6022,2024-02-11,4,5,2,29,1102,132.24,0.0,672.22,31.05,0,0,1,1,0
6023,2025-09-07,3,19,1,22,132,0,0,80.52,21.3,0,0,1,1,0
6024,2024-06-13,2,11,2,83,7055,846.6,0.0,4303.55,55.35,124.17,0,0,1,1
6025,2025-05-20,3,39,3,88,528,63.36,0.0,322.08,31.2,0,0,1,0,0
6026,2024-12-28,1,24,1,57,684,27.36,0.0,417.24,26.55,0,0,1,1,0
6027,2025-08-03,3,23,2,40,240,9.6,0.0,146.4,24.0,0,0,1,1,0
6028,2024-11-02,3,19,2,45,270,32.4,0.0,164.7,24.75,0,0,1,1,0
6029,2024-04-07,3,43,2,37,222,17.76,0.0,135.42,23.55,0,0,1,1,0
6030,2025-03-11,2,46,2,30,2550,306.0,0.0,1555.5,31.5,0,0,1,1,0
6031,2025-12-15,4,22,2,23,874,104.88,0.0,533.14,28.35,0,0,1,1,0
6032,2024-08-25,3,4,1,18,108,0,0,65.88,20.7,0,0,1,1,0
6033,2025-02-12,1,27,1,28,336,13.44,0.0,204.96,22.2,0,0,1,1,0
6034,2025-08-28,3,37,1,21,126,0,0,76.86,21.15,0,0,1,1,0
6035,2024-05-19,2,31,3,18,1530,0,0,933.3,26.1,30.6,0,0,1,1
6036,2024-01-30,4,41,2,39,1482,118.56,0.0,904.02,35.55,0,0,1,1,0
6037,2024-08-19,1,13,2,73,876,35.04,0.0,534.36,28.95,0,0,1,1,0
6038,2024-04-09,1,23,3,95,1140,45.6,0.0,695.4,32.25,21.89,58.75,0,1,2
6039,2024-02-29,2,10,1,11,935,0,0,570.35,22.95,0,0,1,1,0
6040,2025-04-23,1,12,2,70,840,67.2,0.0,512.4,28.5,0,0,1,1,0
6041,2025-12-26,1,11,3,73,876,0,0,534.36,28.95,0,0,1,1,0
6042,2024-09-15,2,18,2,67,5695,227.8,0.0,3473.95,48.15,0,0,1,1,0
6043,2025-05-05,2,16,3,52,4420,0,0,2696.2,41.4,0,0,1,1,0
6044,2025-03-04,2,23,3,44,3740,448.8,0.0,2281.4,37.8,0,0,1,1,0
6045,2024-11-06,3,1,1,100,600,0,0,366.0,33.0,12.0,0,0,1,1
6046,2024-03-28,4,37,3,90,3420,0,0,2086.2,58.5,68.4,0,0,1,1
6047,2025-05-23,1,7,2,94,1128,135.36,0.0,688.08,32.1,0,0,1,1,0
6048,2024-08-06,1,19,1,10,120,0,0,73.2,19.5,0,0,1,1,0
6049,2025-12-29,1,10,3,92,1104,132.48,0.0,673.44,31.8,19.43,58.0,0,1,2
6050,2024-12-15,3,28,1,25,150,0,0,91.5,21.75,0,0,1,0,0
6051,2025-03-03,1,17,2,71,852,34.08,0.0,519.72,28.65,16.36,0,0,1,1
6052,2025-01-26,2,41,3,18,1530,183.6,0.0,933.3,26.1,0,0,1,1,0
6053,2025-08-06,1,36,1,74,888,106.56,0.0,541.68,29.1,0,0,1,1,0
6054,2025-11-12,2,34,3,89,7565,302.6,0.0,4614.65,58.05,0,0,1,1,0
6055,2024-03-04,2,24,3,63,5355,0,0,3266.55,46.35,0,0,1,1,0
6056,2025-10-18,4,22,1,62,2356,188.48,0.0,1437.16,45.9,0,0,1,1,0
6057,2024-07-07,4,39,3,14,532,0,0,324.52,24.3,10.64,0,0,1,1
6058,2025-08-04,3,29,1,78,468,18.72,0.0,285.48,29.7,0,0,1,0,0
6059,2025-12-28,4,47,2,53,2014,0,0,1228.54,41.85,0,0,1,1,0
6060,2024-03-28,1,38,1,55,660,52.8,0.0,402.6,26.25,12.14,0,0,1,1
6061,2024-03-26,4,36,3,80,3040,243.2,0.0,1854.4,54.0,55.94,55.0,0,1,2
6062,2024-04-13,1,10,3,47,564,67.68,0.0,344.04,25.05,9.93,46.75,0,1,4
6063,2024-06-16,2,33,3,88,7480,0,0,4562.8,57.6,0,0,1,1,0
6064,2025-01-05,1,5,2,77,924,73.92,0.0,563.64,29.55,0,0,1,1,0
6065,2025-11-04,1,47,2,97,1164,93.12,0.0,710.04,32.55,0,0,1,1,0
6066,2024-10-08,1,46,3,19,228,0,0,139.08,20.85,0,0,1,1,0
6067,2025-04-09,4,21,3,35,1330,159.6,0.0,811.3,33.75,23.41,43.75,0,1,4
6068,2024-01-12,3,4,1,73,438,0,0,267.18,28.95,0,0,1,1,0
6069,2024-01-12,3,1,1,77,462,55.44,0.0,281.82,29.55,0,0,1,1,0
6070,2024-03-14,3,18,3,90,540,64.8,0.0,329.4,31.5,0,0,1,1,0
6071,2024-01-20,1,10,2,20,240,28.8,0.0,146.4,21.0,0,0,1,1,0
6072,2024-06-02,3,47,1,55,330,39.6,0.0,201.3,26.25,0,0,1,1,0
6073,2025-06-07,1,2,2,15,180,0,0,109.8,20.25,0,0,1,1,0
6074,2025-03-14,3,20,2,22,132,5.28,0.0,80.52,21.3,0,0,1,1,0
6075,2025-05-31,4,18,3,84,3192,0,0,1947.12,55.8,63.84,0,0,1,1
6076,2024-06-25,2,3,1,35,2975,357.0,0.0,1814.75,33.75,0,0,1,1,0
6077,2025-08-04,4,45,3,81,3078,369.36,0.0,1877.58,54.45,54.17,55.25,0,1,2
6078,2024-08-02,1,29,1,98,1176,141.12,0.0,717.36,32.7,0,0,1,1,0
6079,2024-02-14,3,37,1,79,474,56.88,0.0,289.14,29.85,8.34,0,0,1,1
6080,2024-03-01,4,32,3,72,2736,218.88,0.0,1668.96,50.4,50.34,53.0,0,1,2
6081,2025-06-21,4,46,3,84,3192,0,3192,1947.12,55.8,0,0,1,1,0
6082,2025-07-27,4,41,3,13,494,59.28,0.0,301.34,23.85,8.69,38.25,0,1,2
6083,2025-08-16,2,3,2,82,6970,0,0,4251.7,54.9,139.4,0,0,1,1
6084,2025-10-23,4,10,2,60,2280,91.2,0.0,1390.8,45.0,0,0,1,1,0
6085,2024-09-19,4,39,3,92,3496,0,0,2132.56,59.4,69.92,58.0,0,1,2
6086,2024-07-26,3,16,1,72,432,17.28,0.0,263.52,28.8,0,0,1,1,0
6087,2024-06-05,3,16,2,99,594,47.52,0.0,362.34,32.85,0,0,1,1,0
6088,2024-02-11,4,26,3,20,760,60.8,0.0,463.6,27.0,0,0,1,1,0
6089,2025-06-14,4,22,1,27,1026,41.04,0.0,625.86,30.15,0,0,1,1,0
6090,2025-02-16,3,28,1,96,576,23.04,0.0,351.36,32.4,0,0,1,1,0
6091,2025-07-04,4,18,3,16,608,48.64,0.0,370.88,25.2,11.19,39.0,0,1,4
6092,2024-07-05,1,33,1,76,912,72.96,0.0,556.32,29.4,0,0,1,1,0
6093,2025-09-19,2,11,2,25,2125,170.0,0.0,1296.25,29.25,39.1,41.25,0,1,4
6094,2025-07-08,2,16,2,78,6630,0,0,4044.3,53.1,0,0,1,1,0
6095,2024-07-01,3,36,1,66,396,15.84,0.0,241.56,27.9,0,0,1,1,0
6096,2025-01-02,4,16,1,79,3002,0,0,1831.22,53.55,0,0,1,1,0
6097,2025-06-09,4,39,1,42,1596,191.52,0.0,973.56,36.9,0,0,1,1,0
6098,2025-04-02,1,25,1,61,732,87.84,0.0,446.52,27.15,12.88,50.25,0,1,4
6099,2025-04-02,2,26,3,77,6545,0,0,3992.45,52.65,0,0,1,1,0
6100,2024-07-25,2,35,3,74,6290,251.6,0.0,3836.9,51.3,0,0,1,1,0
6101,2025-03-04,1,29,1,34,408,16.32,0.0,248.88,23.1,7.83,0,0,1,1
6102,2024-08-30,2,29,1,52,4420,0,0,2696.2,41.4,88.4,0,0,1,1
6103,2024-01-12,1,16,1,78,936,74.88,0.0,570.96,29.7,0,0,1,1,0
6104,2025-07-12,3,38,3,94,564,22.56,0.0,344.04,32.1,10.83,58.5,0,1,2
6105,2024-03-20,3,5,3,67,402,48.24,0.0,245.22,28.05,7.08,51.75,0,1,4
6106,2024-06-20,3,47,1,19,114,13.68,0.0,69.54,20.85,0,0,1,1,0
6107,2025-06-16,3,28,2,56,336,40.32,0.0,204.96,26.4,5.91,0,0,1,1
6108,2025-05-22,1,35,1,83,996,0,0,607.56,30.45,0,0,1,1,0
6109,2025-07-05,4,43,1,78,2964,0,0,1808.04,53.1,59.28,0,0,1,1
6110,2025-08-28,2,18,1,70,5950,238.0,0.0,3629.5,49.5,0,0,1,1,0
6111,2025-05-14,4,4,2,36,1368,164.16,0.0,834.48,34.2,0,0,1,1,0
6112,2025-10-21,4,15,2,68,2584,310.08,0.0,1576.24,48.6,0,0,1,1,0
6113,2025-07-19,1,19,1,34,408,32.64,0.0,248.88,23.1,0,0,1,1,0
6114,2024-12-06,4,27,3,58,2204,0,0,1344.44,44.1,0,0,1,1,0
6115,2025-09-23,4,48,3,29,1102,88.16,0.0,672.22,31.05,20.28,0,0,1,1
6116,2024-06-15,3,12,2,57,342,41.04,0.0,208.62,26.55,0,0,1,1,0
6117,2024-06-18,3,2,1,74,444,17.76,0.0,270.84,29.1,0,0,1,1,0
6118,2024-04-07,2,34,1,53,4505,180.2,0.0,2748.05,41.85,0,0,1,1,0
6119,2025-03-17,3,9,3,72,432,34.56,0.0,263.52,28.8,7.95,0,0,1,1
6120,2025-08-18,3,13,2,53,318,12.72,0.0,193.98,25.95,0,0,1,1,0
6121,2024-01-26,1,40,3,98,1176,0,0,717.36,32.7,23.52,0,0,1,1
6122,2025-01-13,1,30,1,71,852,0,0,519.72,28.65,0,0,1,1,0
6123,2025-06-08,4,40,2,46,1748,0,0,1066.28,38.7,34.96,0,0,1,1
6124,2025-11-20,4,27,2,48,1824,0,0,1112.64,39.6,0,0,1,1,0
6125,2024-12-16,1,12,2,43,516,20.64,0.0,314.76,24.45,0,0,1,0,0
6126,2024-01-28,4,44,3,69,2622,314.64,0.0,1599.42,49.05,46.15,0,0,1,1
6127,2024-01-30,3,16,2,51,306,12.24,0.0,186.66,25.65,0,0,1,1,0
6128,2024-03-31,3,40,3,15,90,10.8,0.0,54.9,20.25,0,0,1,0,0
6129,2024-11-01,3,19,2,14,84,6.72,0.0,51.24,20.1,0,0,1,1,0
6130,2024-02-23,1,19,1,55,660,79.2,0.0,402.6,26.25,0,0,1,1,0
6131,2025-04-05,1,48,2,82,984,118.08,0.0,600.24,30.3,0,0,1,1,0
6132,2024-09-11,3,4,1,97,582,0,0,355.02,32.55,0,0,1,1,0
6133,2025-02-26,1,24,1,59,708,28.32,0.0,431.88,26.85,13.59,0,0,1,1
6134,2025-02-04,4,20,2,28,1064,0,0,649.04,30.6,0,0,1,1,0
6135,2025-05-07,2,45,3,10,850,0,0,518.5,22.5,0,0,1,1,0
6136,2024-08-27,2,44,1,58,4930,197.2,0.0,3007.3,44.1,0,0,1,1,0
6137,2025-08-11,1,11,2,21,252,20.16,0.0,153.72,21.15,0,0,1,1,0
6138,2024-06-02,1,20,3,60,720,57.6,0.0,439.2,27.0,0,0,1,1,0
6139,2024-03-22,3,46,3,32,192,0,0,117.12,22.8,0,0,1,1,0
6140,2024-10-07,2,11,3,13,1105,0,0,674.05,23.85,0,0,1,1,0
6141,2024-05-09,1,11,3,49,588,47.04,0.0,358.68,25.35,10.82,0,0,1,1
6142,2025-06-14,4,27,1,26,988,0,0,602.68,29.7,0,0,1,1,0
6143,2024-01-17,4,10,3,67,2546,101.84,0.0,1553.06,48.15,0,0,1,1,0
6144,2024-04-24,1,18,2,55,660,52.8,0.0,402.6,26.25,0,0,1,1,0
6145,2025-07-02,3,40,2,12,72,5.76,0.0,43.92,19.8,0,0,1,1,0
6146,2024-08-26,1,37,2,50,600,48.0,0.0,366.0,25.5,11.04,47.5,0,1,4
6147,2025-06-14,4,32,3,95,3610,144.4,0.0,2202.1,60.75,0,0,1,1,0
6148,2024-08-30,2,28,3,40,3400,136.0,0.0,2074.0,36.0,0,0,1,1,0
6149,2024-05-06,4,34,2,41,1558,62.32,0.0,950.38,36.45,0,0,1,1,0
6150,2025-12-21,1,32,2,39,468,0,0,285.48,23.85,0,0,1,1,0
6151,2024-05-08,4,19,1,50,1900,152.0,0.0,1159.0,40.5,0,0,1,1,0
6152,2025-08-19,2,48,2,80,6800,272.0,0.0,4148.0,54.0,0,0,1,1,0
6153,2025-04-12,2,44,2,53,4505,180.2,0.0,2748.05,41.85,0,0,1,1,0
6154,2025-12-06,1,22,3,88,1056,126.72,0.0,644.16,31.2,18.59,57.0,0,1,2
6155,2025-05-15,2,30,3,49,4165,0,0,2540.65,40.05,0,0,1,1,0
6156,2025-12-10,3,22,3,24,144,5.76,0.0,87.84,21.6,0,0,1,1,0
6157,2024-01-25,4,4,3,10,380,45.6,0.0,231.8,22.5,6.69,37.5,0,0,2
6158,2024-04-23,4,14,2,66,2508,100.32,0.0,1529.88,47.7,48.15,51.5,0,1,4
6159,2025-07-02,1,32,1,46,552,22.08,0.0,336.72,24.9,0,0,1,1,0
6160,2024-12-26,1,46,3,37,444,53.28,0.0,270.84,23.55,0,0,1,1,0
6161,2024-09-21,3,30,2,37,222,26.64,0.0,135.42,23.55,3.91,44.25,0,1,2
6162,2024-08-26,4,44,1,26,988,0,0,602.68,29.7,0,0,1,1,0
6163,2024-01-19,3,23,1,99,594,47.52,0.0,362.34,32.85,10.93,0,0,1,1
6164,2025-07-06,2,37,1,30,2550,102.0,0.0,1555.5,31.5,0,0,1,1,0
6165,2024-08-09,4,44,2,48,1824,218.88,0.0,1112.64,39.6,32.1,0,0,1,1
6166,2024-03-19,1,12,2,84,1008,120.96,0.0,614.88,30.6,0,0,1,1,0
6167,2025-04-09,2,18,3,62,5270,210.8,0.0,3214.7,45.9,0,0,1,1,0
6168,2024-05-05,1,8,1,98,1176,141.12,0.0,717.36,32.7,0,0,1,1,0
6169,2024-11-29,2,26,1,74,6290,503.2,0.0,3836.9,51.3,115.74,53.5,0,1,2
6170,2025-11-03,4,41,3,23,874,69.92,0.0,533.14,28.35,0,0,1,1,0
6171,2025-05-23,2,46,1,41,3485,418.2,0.0,2125.85,36.45,0,0,1,1,0
6172,2024-06-04,1,21,2,54,648,77.76,0.0,395.28,26.1,0,0,1,0,0
6173,2025-11-28,3,45,2,51,306,12.24,0.0,186.66,25.65,0,0,1,1,0
6174,2025-01-31,2,42,3,70,5950,0,0,3629.5,49.5,119.0,52.5,0,1,2
6175,2025-12-23,1,25,2,66,792,0,0,483.12,27.9,0,0,1,1,0
6176,2025-03-19,2,3,2,69,5865,234.6,0.0,3577.65,49.05,0,0,1,1,0
6177,2024-04-10,1,26,3,74,888,0,0,541.68,29.1,0,0,1,0,0
6178,2024-07-02,1,38,3,21,252,0,0,153.72,21.15,0,0,1,1,0
6179,2024-07-27,4,24,1,38,1444,57.76,0.0,880.84,35.1,0,0,1,1,0
6180,2025-11-04,1,48,3,97,1164,46.56,0.0,710.04,32.55,22.35,0,0,1,1
6181,2025-08-23,3,38,1,51,306,12.24,0.0,186.66,25.65,0,0,1,1,0
6182,2025-12-06,3,46,3,91,546,21.84,0.0,333.06,31.65,0,0,1,1,0
6183,2025-06-03,3,35,2,70,420,33.6,0.0,256.2,28.5,0,0,1,1,0
6184,2024-04-11,2,14,3,16,1360,108.8,0.0,829.6,25.2,25.02,0,0,1,1
6185,2024-03-17,2,18,1,67,5695,455.6,0.0,3473.95,48.15,0,0,1,1,0
6186,2024-03-14,1,15,2,40,480,38.4,0.0,292.8,24.0,8.83,45.0,0,1,2
6187,2024-04-13,1,21,1,49,588,47.04,0.0,358.68,25.35,10.82,47.25,0,1,2
6188,2025-06-21,2,13,2,37,3145,0,0,1918.45,34.65,62.9,0,0,1,1
6189,2024-11-21,1,17,3,58,696,83.52,0.0,424.56,26.7,12.25,0,0,1,1
6190,2025-06-25,1,9,3,57,684,82.08,0.0,417.24,26.55,0,0,1,1,0
6191,2024-03-07,2,9,3,81,6885,0,0,4199.85,54.45,137.7,0,0,1,1
6192,2025-02-12,1,35,2,18,216,0,0,131.76,20.7,0,0,1,1,0
6193,2024-05-03,3,21,3,61,366,14.64,0.0,223.26,27.15,0,0,1,1,0
6194,2025-11-18,2,44,1,100,8500,0,0,5185.0,63.0,0,0,1,1,0
6195,2024-06-21,2,47,1,36,3060,0,0,1866.6,34.2,0,0,1,1,0
6196,2025-10-20,4,20,1,96,3648,291.84,0.0,2225.28,61.2,67.12,59.0,0,1,2
6197,2025-01-25,3,48,3,84,504,60.48,0.0,307.44,30.6,8.87,0,0,1,1
6198,2025-08-15,2,47,1,94,7990,319.6,0.0,4873.9,60.3,0,0,1,0,0
6199,2025-04-24,3,22,2,32,192,0,0,117.12,22.8,0,0,1,1,0
6200,2025-10-09,1,30,3,82,984,39.36,0.0,600.24,30.3,18.89,55.5,0,0,4
6201,2025-07-15,2,37,2,71,6035,0,0,3681.35,49.95,0,0,1,1,0
6202,2024-01-20,4,47,3,33,1254,0,0,764.94,32.85,25.08,0,0,1,1
6203,2025-07-15,3,17,1,18,108,12.96,0.0,65.88,20.7,0,0,1,1,0
6204,2025-01-12,3,7,3,54,324,25.92,0.0,197.64,26.1,5.96,48.5,0,1,2
6205,2025-03-30,1,9,2,63,756,0,0,461.16,27.45,0,0,1,1,0
6206,2024-01-26,3,24,2,28,168,6.72,0.0,102.48,22.2,0,0,1,1,0
6207,2025-08-11,1,7,3,14,168,0,0,102.48,20.1,3.36,0,0,1,1
6208,2025-04-26,2,39,3,85,7225,289.0,0.0,4407.25,56.25,0,0,1,1,0
6209,2024-07-04,2,8,2,31,2635,210.8,0.0,1607.35,31.95,0,0,1,1,0
6210,2025-10-30,3,5,1,91,546,43.68,0.0,333.06,31.65,0,0,1,1,0
6211,2024-04-07,2,45,1,69,5865,469.2,0.0,3577.65,49.05,0,0,1,1,0
6212,2025-09-20,4,38,2,14,532,63.84,0.0,324.52,24.3,0,0,1,1,0
6213,2025-08-13,4,42,3,44,1672,133.76,0.0,1019.92,37.8,30.76,0,0,1,1
6214,2024-09-19,4,44,1,46,1748,139.84,0.0,1066.28,38.7,0,0,1,1,0
6215,2024-05-02,3,22,3,63,378,0,0,230.58,27.45,7.56,0,0,0,1
6216,2024-08-05,2,1,2,66,5610,224.4,0.0,3422.1,47.7,107.71,0,0,1,1
6217,2024-07-21,3,10,2,44,264,21.12,0.0,161.04,24.6,0,0,1,1,0
6218,2024-08-12,1,16,2,42,504,20.16,0.0,307.44,24.3,0,0,1,1,0
6219,2025-01-01,3,10,3,95,570,22.8,0.0,347.7,32.25,0,0,1,1,0
6220,2025-01-08,1,21,2,52,624,24.96,0.0,380.64,25.8,0,0,1,1,0
6221,2024-10-14,4,40,1,36,1368,109.44,0.0,834.48,34.2,25.17,0,0,1,1
6222,2025-09-08,2,14,3,52,4420,176.8,0.0,2696.2,41.4,84.86,0,0,1,1
6223,2024-02-11,4,14,3,58,2204,0,0,1344.44,44.1,0,0,1,1,0
6224,2024-06-14,2,20,3,43,3655,292.4,0.0,2229.55,37.35,67.25,45.75,0,1,4
6225,2024-10-25,4,37,3,53,2014,161.12,0.0,1228.54,41.85,0,0,1,1,0
6226,2024-09-23,4,43,3,61,2318,185.44,0.0,1413.98,45.45,42.65,0,0,1,1
6227,2024-03-16,3,20,2,21,126,10.08,0.0,76.86,21.15,0,0,1,1,0
6228,2025-01-19,4,8,2,99,3762,0,0,2294.82,62.55,0,0,1,1,0
6229,2025-11-11,1,14,2,61,732,87.84,0.0,446.52,27.15,0,0,1,1,0
6230,2024-01-15,3,32,3,77,462,18.48,0.0,281.82,29.55,0,0,1,1,0
6231,2024-12-02,1,9,3,31,372,44.64,0.0,226.92,22.65,0,0,1,1,0
6232,2024-03-30,2,31,1,28,2380,0,0,1451.8,30.6,0,0,1,1,0
6233,2024-10-04,3,46,1,24,144,5.76,0.0,87.84,21.6,0,0,1,1,0
6234,2024-05-21,4,19,1,48,1824,218.88,0.0,1112.64,39.6,0,0,1,1,0
6235,2025-08-19,2,32,3,77,6545,523.6,0.0,3992.45,52.65,0,0,1,1,0
6236,2024-07-28,1,25,1,18,216,17.28,0.0,131.76,20.7,0,0,1,1,0
6237,2024-09-28,3,39,2,45,270,21.6,0.0,164.7,24.75,0,0,1,1,0
6238,2025-10-26,3,28,3,82,492,19.68,0.0,300.12,30.3,0,0,1,1,0
6239,2024-11-01,3,2,3,11,66,2.64,0.0,40.26,19.65,0,0,1,1,0
6240,2025-05-19,2,21,1,57,4845,581.4,0.0,2955.45,43.65,0,0,1,1,0
6241,2024-07-05,2,43,3,37,3145,125.8,0.0,1918.45,34.65,0,0,1,1,0
6242,2024-11-07,2,6,1,95,8075,0,0,4925.75,60.75,0,0,1,1,0
6243,2025-10-13,4,41,3,17,646,0,0,394.06,25.65,0,0,1,1,0
6244,2025-01-12,1,3,2,82,984,118.08,0.0,600.24,30.3,0,0,1,1,0
6245,2024-08-11,3,44,2,38,228,0,0,139.08,23.7,0,0,1,1,0
6246,2025-05-31,1,13,1,57,684,82.08,0.0,417.24,26.55,0,0,1,1,0
6247,2025-02-27,2,42,3,35,2975,0,0,1814.75,33.75,0,0,1,1,0
6248,2025-06-13,1,4,2,87,1044,41.76,0.0,636.84,31.05,0,0,1,1,0
6249,2024-12-28,3,7,3,29,174,6.96,0.0,106.14,22.35,0,0,1,1,0
6250,2025-06-30,4,38,1,21,798,31.92,0.0,486.78,27.45,0,0,1,1,0
6251,2024-03-13,2,3,1,84,7140,856.8,0.0,4355.4,55.8,125.66,56.0,0,1,2
6252,2025-08-15,4,13,2,85,3230,0,0,1970.3,56.25,64.6,56.25,0,1,2
6253,2024-01-18,4,14,3,89,3382,0,0,2063.02,58.05,67.64,0,0,1,1
6254,2025-03-08,4,44,2,27,1026,0,0,625.86,30.15,0,0,1,1,0
6255,2025-01-26,2,13,2,60,5100,204.0,0.0,3111.0,45.0,97.92,0,0,0,1
6256,2025-07-16,2,21,1,30,2550,0,0,1555.5,31.5,0,0,1,1,0
6257,2024-01-07,4,41,3,86,3268,261.44,0.0,1993.48,56.7,0,0,1,1,0
6258,2025-03-17,1,36,3,11,132,5.28,0.0,80.52,19.65,0,0,1,1,0
6259,2024-12-29,3,36,2,36,216,25.92,0.0,131.76,23.4,0,0,1,1,0
6260,2024-08-11,2,4,1,90,7650,612.0,0.0,4666.5,58.5,0,0,1,1,0
6261,2025-10-31,1,38,3,93,1116,44.64,0.0,680.76,31.95,0,0,1,1,0
6262,2024-12-05,3,31,3,51,306,24.48,0.0,186.66,25.65,5.63,0,0,1,1
6263,2024-07-02,2,47,1,92,7820,0,0,4770.2,59.4,0,0,1,1,0
6264,2024-09-20,3,47,2,20,120,9.6,0.0,73.2,21.0,2.21,0,0,1,1
6265,2024-07-15,2,30,2,42,3570,0,0,2177.7,36.9,0,0,1,1,0
6266,2024-07-25,3,39,3,91,546,0,0,333.06,31.65,10.92,57.75,0,1,2
6267,2025-02-01,3,16,2,46,276,0,0,168.36,24.9,0,0,1,1,0
6268,2024-01-07,4,8,1,65,2470,197.6,0.0,1506.7,47.25,0,0,1,1,0
6269,2025-07-07,4,42,1,92,3496,279.68,0.0,2132.56,59.4,0,0,1,1,0
6270,2025-08-23,3,23,3,65,390,0,0,237.9,27.75,7.8,0,0,1,1
6271,2025-09-14,3,38,1,94,564,22.56,0.0,344.04,32.1,0,0,1,1,0
6272,2024-08-20,1,10,2,49,588,0,0,358.68,25.35,0,0,1,1,0
6273,2025-07-06,3,8,2,59,354,0,0,215.94,26.85,0,0,1,1,0
6274,2024-04-26,4,3,3,85,3230,258.4,0.0,1970.3,56.25,59.43,0,0,1,1
6275,2024-04-30,3,31,3,21,126,0,0,76.86,21.15,2.52,0,0,1,1
6276,2024-05-24,4,39,3,57,2166,0,0,1321.26,43.65,43.32,49.25,0,1,2
6277,2025-07-30,4,32,3,20,760,60.8,0.0,463.6,27.0,0,0,1,1,0
6278,2024-04-18,3,39,2,32,192,15.36,0.0,117.12,22.8,0,0,1,1,0
6279,2024-11-17,2,31,3,20,1700,204.0,0.0,1037.0,27.0,29.92,40.0,0,1,2
6280,2025-02-09,1,22,1,53,636,76.32,0.0,387.96,25.95,0,0,1,1,0
6281,2025-10-16,1,38,3,38,456,36.48,0.0,278.16,23.7,0,0,1,1,0
6282,2024-04-15,4,14,3,76,2888,231.04,0.0,1761.68,52.2,53.14,0,0,1,1
6283,2025-10-03,4,29,2,89,3382,270.56,0.0,2063.02,58.05,0,0,1,1,0
6284,2024-05-17,2,24,3,61,5185,622.2,0.0,3162.85,45.45,0,0,1,1,0
6285,2025-02-22,2,46,3,30,2550,204.0,0.0,1555.5,31.5,0,0,1,1,0
6286,2025-05-02,2,20,2,100,8500,340.0,0.0,5185.0,63.0,163.2,60.0,0,1,2
6287,2024-07-23,2,29,2,72,6120,734.4,0.0,3733.2,50.4,0,0,1,1,0
6288,2024-11-20,1,6,1,61,732,87.84,0.0,446.52,27.15,0,0,1,1,0
6289,2025-03-06,1,38,2,78,936,37.44,0.0,570.96,29.7,17.97,54.5,0,1,2
6290,2024-10-11,2,3,1,83,7055,564.4,0.0,4303.55,55.35,129.81,55.75,0,1,4
6291,2024-02-06,2,34,1,36,3060,0,0,1866.6,34.2,0,0,1,1,0
6292,2025-01-04,1,46,2,50,600,48.0,0.0,366.0,25.5,0,0,1,1,0
6293,2025-12-23,4,7,3,26,988,118.56,0.0,602.68,29.7,17.39,41.5,0,1,2
6294,2025-01-23,2,45,1,82,6970,0,0,4251.7,54.9,0,0,1,1,0
6295,2024-04-21,1,26,1,61,732,0,0,446.52,27.15,0,0,1,1,0
6296,2025-01-30,1,6,3,36,432,34.56,0.0,263.52,23.4,0,0,1,1,0
6297,2025-08-08,2,27,2,45,3825,459.0,0.0,2333.25,38.25,0,0,1,1,0
6298,2024-09-28,4,33,1,53,2014,241.68,0.0,1228.54,41.85,0,0,1,1,0
6299,2024-09-22,1,11,3,72,864,34.56,0.0,527.04,28.8,0,0,1,1,0
6300,2024-10-10,3,14,1,18,108,4.32,0.0,65.88,20.7,0,0,1,1,0
6301,2025-04-17,2,22,3,19,1615,129.2,0.0,985.15,26.55,0,0,1,1,0
6302,2025-08-31,4,15,3,13,494,59.28,0.0,301.34,23.85,8.69,38.25,0,1,2
6303,2025-11-22,1,27,3,60,720,0,0,439.2,27.0,14.4,0,0,1,1
6304,2024-10-15,4,28,2,89,3382,405.84,0.0,2063.02,58.05,0,0,1,1,0
6305,2024-04-13,1,18,3,38,456,0,0,278.16,23.7,9.12,0,0,1,1
6306,2024-11-23,1,27,2,99,1188,95.04,0.0,724.68,32.85,0,0,1,1,0
6307,2025-01-25,4,16,2,25,950,76.0,0.0,579.5,29.25,0,0,1,1,0
6308,2024-01-19,3,36,2,35,210,16.8,0.0,128.1,23.25,0,0,1,1,0
6309,2024-08-09,3,46,3,86,516,41.28,0.0,314.76,30.9,9.49,0,0,1,1
6310,2025-07-13,2,42,3,75,6375,510.0,0.0,3888.75,51.75,117.3,0,0,1,1
6311,2024-08-06,3,39,3,53,318,25.44,0.0,193.98,25.95,0,0,1,1,0
6312,2025-05-09,1,10,3,97,1164,0,0,710.04,32.55,0,0,1,1,0
6313,2025-03-18,3,33,3,41,246,29.52,0.0,150.06,24.15,0,0,1,1,0
6314,2025-05-28,1,23,1,53,636,25.44,0.0,387.96,25.95,12.21,48.25,0,1,4
6315,2025-10-04,2,10,1,35,2975,119.0,0.0,1814.75,33.75,57.12,43.75,0,1,4
6316,2025-08-22,1,38,2,66,792,0,0,483.12,27.9,0,0,1,1,0
6317,2024-04-06,4,13,2,18,684,82.08,0.0,417.24,26.1,0,0,1,1,0
6318,2024-09-17,1,4,1,94,1128,90.24,0.0,688.08,32.1,20.76,0,0,1,1
6319,2024-04-05,1,22,1,59,708,0,0,431.88,26.85,0,0,1,1,0
6320,2025-04-20,1,1,1,48,576,46.08,0.0,351.36,25.2,0,0,1,1,0
6321,2025-03-29,3,14,2,36,216,0,0,131.76,23.4,0,0,1,1,0
6322,2025-07-07,4,28,1,11,418,0,0,254.98,22.95,0,0,1,1,0
6323,2024-11-26,3,33,1,25,150,0,0,91.5,21.75,0,0,1,1,0
6324,2024-09-12,1,30,2,84,1008,0,0,614.88,30.6,0,0,1,1,0
6325,2024-04-03,4,27,1,12,456,18.24,437.76,278.16,23.4,0,0,1,1,0
6326,2025-04-27,4,13,2,47,1786,214.32,0.0,1089.46,39.15,31.43,46.75,0,1,4
6327,2024-12-30,1,3,3,94,1128,0,0,688.08,32.1,0,0,1,1,0
6328,2024-02-16,4,29,3,74,2812,0,0,1715.32,51.3,56.24,53.5,0,1,4
6329,2025-04-19,1,5,3,89,1068,42.72,0.0,651.48,31.35,20.51,0,0,1,1
6330,2025-11-29,2,7,1,96,8160,652.8,0.0,4977.6,61.2,0,0,1,1,0
6331,2025-04-10,2,24,3,25,2125,0,0,1296.25,29.25,0,0,1,1,0
6332,2024-11-30,3,9,2,51,306,0,0,186.66,25.65,0,0,1,1,0
6333,2024-10-09,2,15,1,77,6545,0,0,3992.45,52.65,0,0,1,1,0
6334,2024-05-28,1,37,3,67,804,32.16,0.0,490.44,28.05,15.44,0,0,1,1
6335,2024-04-23,2,3,2,22,1870,224.4,0.0,1140.7,27.9,32.91,40.5,0,1,2
6336,2024-10-12,3,7,1,68,408,48.96,0.0,248.88,28.2,7.18,52.0,0,1,2
6337,2025-07-21,4,28,3,91,3458,276.64,0.0,2109.38,58.95,0,0,1,0,0
6338,2024-09-22,3,38,3,75,450,18.0,0.0,274.5,29.25,0,0,1,1,0
6339,2024-03-09,1,45,1,15,180,21.6,0.0,109.8,20.25,0,0,1,1,0
6340,2024-09-09,4,34,2,77,2926,351.12,0.0,1784.86,52.65,0,0,1,1,0
6341,2025-02-17,2,2,1,98,8330,333.2,0.0,5081.3,62.1,0,0,1,1,0
6342,2024-05-02,4,39,3,93,3534,141.36,0.0,2155.74,59.85,0,0,1,1,0
6343,2024-01-25,1,41,1,37,444,0,0,270.84,23.55,0,0,1,1,0
6344,2025-05-11,2,5,3,15,1275,51.0,0.0,777.75,24.75,0,0,1,1,0
6345,2025-02-16,2,10,1,87,7395,0,0,4510.95,57.15,0,0,1,1,0
6346,2025-03-03,4,27,3,95,3610,0,0,2202.1,60.75,72.2,58.75,0,0,2
6347,2025-05-19,2,42,2,46,3910,0,0,2385.1,38.7,0,0,1,1,0
6348,2024-08-16,3,9,2,32,192,0,0,117.12,22.8,0,0,1,1,0
6349,2025-10-04,4,8,3,38,1444,0,0,880.84,35.1,0,0,1,1,0
6350,2025-01-19,1,10,3,79,948,113.76,0.0,578.28,29.85,16.68,54.75,0,1,2
6351,2024-12-05,4,27,1,19,722,57.76,0.0,440.42,26.55,0,0,1,1,0
6352,2025-09-20,1,33,2,10,120,4.8,0.0,73.2,19.5,0,0,1,1,0
6353,2025-09-01,3,23,1,80,480,0,0,292.8,30.0,0,0,1,1,0
6354,2024-12-23,4,5,1,86,3268,0,0,1993.48,56.7,0,0,1,1,0
6355,2024-02-15,3,45,1,87,522,41.76,0.0,318.42,31.05,0,0,1,1,0
6356,2025-02-01,4,5,2,76,2888,115.52,0.0,1761.68,52.2,0,0,1,1,0
6357,2024-12-25,2,48,3,27,2295,91.8,0.0,1399.95,30.15,0,0,1,1,0
6358,2024-05-16,1,14,2,83,996,0,0,607.56,30.45,0,0,1,1,0
6359,2025-06-05,2,22,3,58,4930,197.2,0.0,3007.3,44.1,94.66,0,0,1,1
6360,2025-01-29,2,34,2,56,4760,190.4,0.0,2903.6,43.2,91.39,49.0,0,1,4
6361,2025-08-19,2,41,2,89,7565,0,0,4614.65,58.05,0,0,1,0,0
6362,2025-10-26,4,28,3,47,1786,71.44,0.0,1089.46,39.15,34.29,0,0,1,1
6363,2024-01-09,1,13,2,29,348,0,0,212.28,22.35,0,0,1,1,0
6364,2025-12-25,3,14,3,79,474,56.88,0.0,289.14,29.85,0,0,1,1,0
6365,2025-01-28,4,19,1,27,1026,123.12,0.0,625.86,30.15,0,0,1,1,0
6366,2024-05-09,3,35,3,23,138,16.56,0.0,84.18,21.45,0,0,1,1,0
6367,2024-03-31,1,34,1,94,1128,90.24,0.0,688.08,32.1,0,0,1,1,0
6368,2024-10-14,1,43,3,65,780,0,0,475.8,27.75,0,0,1,1,0
6369,2024-06-28,1,5,3,44,528,21.12,0.0,322.08,24.6,10.14,46.0,0,1,2
6370,2024-01-16,3,26,3,91,546,21.84,0.0,333.06,31.65,0,0,1,1,0
6371,2024-01-21,3,4,3,71,426,34.08,0.0,259.86,28.65,7.84,52.75,0,1,4
6372,2024-12-18,3,45,2,19,114,0,0,69.54,20.85,0,0,1,1,0
6373,2024-09-05,3,21,2,21,126,10.08,0.0,76.86,21.15,2.32,0,0,1,1
6374,2024-08-19,2,25,2,81,6885,550.8,0.0,4199.85,54.45,0,0,1,1,0
6375,2025-05-19,3,4,3,32,192,15.36,0.0,117.12,22.8,3.53,43.0,0,1,2
6376,2025-04-28,2,14,1,39,3315,265.2,0.0,2022.15,35.55,0,0,1,1,0
6377,2025-09-25,3,42,3,47,282,33.84,0.0,172.02,25.05,0,0,1,1,0
6378,2025-09-14,1,19,1,17,204,0,0,124.44,20.55,0,0,1,1,0
6379,2025-05-23,4,29,1,40,1520,0,0,927.2,36.0,0,0,1,1,0
6380,2025-01-30,2,29,3,35,2975,0,0,1814.75,33.75,0,0,1,1,0
6381,2024-06-05,2,32,1,59,5015,401.2,0.0,3059.15,44.55,0,0,1,1,0
6382,2024-07-14,4,44,1,56,2128,85.12,0.0,1298.08,43.2,40.86,0,0,0,1
6383,2024-01-23,2,3,1,76,6460,516.8,0.0,3940.6,52.2,0,0,1,1,0
6384,2024-06-23,3,24,1,66,396,0,0,241.56,27.9,0,0,1,1,0
6385,2025-02-26,2,43,2,91,7735,0,0,4718.35,58.95,0,0,1,1,0
6386,2025-04-05,2,16,2,30,2550,306.0,0.0,1555.5,31.5,0,0,1,1,0
6387,2025-08-26,4,38,2,29,1102,132.24,0.0,672.22,31.05,0,0,1,1,0
6388,2024-07-30,2,13,2,92,7820,312.8,0.0,4770.2,59.4,150.14,0,0,1,1
6389,2025-09-01,2,23,1,10,850,0,0,518.5,22.5,0,0,1,1,0
6390,2025-04-10,3,33,3,71,426,34.08,0.0,259.86,28.65,7.84,52.75,0,1,2
6391,2025-11-27,1,41,1,26,312,12.48,0.0,190.32,21.9,0,0,1,1,0
6392,2025-08-15,2,27,3,85,7225,0,0,4407.25,56.25,144.5,0,0,1,1
6393,2024-08-06,3,33,3,81,486,38.88,0.0,296.46,30.15,0,0,1,1,0
6394,2024-08-11,2,29,1,51,4335,0,0,2644.35,40.95,0,0,1,1,0
6395,2025-10-20,3,46,3,52,312,12.48,0.0,190.32,25.8,5.99,48.0,0,1,2
6396,2024-11-28,4,6,2,62,2356,282.72,0.0,1437.16,45.9,0,0,1,1,0
6397,2025-11-17,2,21,3,18,1530,122.4,0.0,933.3,26.1,28.15,39.5,0,1,4
6398,2025-01-09,4,29,3,94,3572,142.88,0.0,2178.92,60.3,68.58,0,0,1,1
6399,2024-01-07,4,13,1,83,3154,126.16,0.0,1923.94,55.35,0,0,1,1,0
6400,2024-06-09,1,11,2,38,456,0,0,278.16,23.7,0,0,1,1,0
6401,2024-03-05,1,23,1,74,888,71.04,0.0,541.68,29.1,0,0,1,1,0
6402,2024-07-03,4,47,2,54,2052,246.24,0.0,1251.72,42.3,0,0,1,1,0
6403,2024-03-13,4,9,1,73,2774,110.96,0.0,1692.14,50.85,0,0,1,1,0
6404,2024-10-07,4,26,1,28,1064,85.12,0.0,649.04,30.6,0,0,1,1,0
6405,2025-07-06,4,13,1,83,3154,378.48,0.0,1923.94,55.35,0,0,1,1,0
6406,2025-03-18,4,42,1,99,3762,451.44,0.0,2294.82,62.55,0,0,1,1,0
6407,2024-11-21,4,38,3,71,2698,323.76,0.0,1645.78,49.95,0,0,1,1,0
6408,2025-06-19,1,16,1,55,660,52.8,0.0,402.6,26.25,0,0,1,1,0
6409,2025-11-22,2,22,2,42,3570,428.4,0.0,2177.7,36.9,0,0,1,1,0
6410,2025-05-22,4,45,1,28,1064,85.12,0.0,649.04,30.6,0,0,1,1,0
6411,2024-06-05,2,33,2,60,5100,204.0,0.0,3111.0,45.0,0,0,1,1,0
6412,2025-01-08,2,23,1,33,2805,224.4,0.0,1711.05,32.85,0,0,1,1,0
6413,2024-02-19,2,26,2,36,3060,122.4,0.0,1866.6,34.2,58.75,0,0,1,1
6414,2024-06-26,4,31,2,38,1444,115.52,0.0,880.84,35.1,0,0,1,1,0
6415,2024-01-12,2,22,2,13,1105,88.4,0.0,674.05,23.85,20.33,38.25,0,1,2
6416,2024-10-24,1,46,1,59,708,0,0,431.88,26.85,14.16,0,0,1,1
6417,2024-07-26,3,23,1,41,246,0,0,150.06,24.15,0,0,1,1,0
6418,2025-05-04,2,20,2,15,1275,102.0,0.0,777.75,24.75,0,0,1,1,0
6419,2025-09-02,2,9,1,98,8330,0,8330,5081.3,62.1,0,0,1,1,0
6420,2024-12-25,1,21,3,15,180,7.2,0.0,109.8,20.25,3.46,38.75,0,1,2
6421,2024-02-29,1,11,2,22,264,31.68,0.0,161.04,21.3,0,0,1,1,0
6422,2024-09-27,1,1,3,91,1092,0,0,666.12,31.65,0,0,1,1,0
6423,2025-06-11,4,4,3,62,2356,0,0,1437.16,45.9,0,0,1,1,0
6424,2025-11-19,4,42,2,33,1254,100.32,0.0,764.94,32.85,23.07,0,0,1,1
6425,2024-03-26,2,11,2,94,7990,0,0,4873.9,60.3,0,0,1,1,0
6426,2025-06-24,4,5,3,85,3230,387.6,0.0,1970.3,56.25,56.85,56.25,0,1,2
6427,2024-01-23,3,15,1,53,318,38.16,0.0,193.98,25.95,0,0,1,1,0
6428,2024-12-07,4,12,1,58,2204,0,0,1344.44,44.1,0,0,1,1,0
6429,2025-08-10,3,10,1,33,198,0,0,120.78,22.95,0,0,1,1,0
6430,2025-04-21,3,32,1,79,474,18.96,0.0,289.14,29.85,9.1,54.75,0,1,2
6431,2024-02-17,1,43,1,38,456,18.24,0.0,278.16,23.7,0,0,1,1,0
6432,2025-02-06,1,44,3,75,900,108.0,0.0,549.0,29.25,15.84,0,0,1,1
6433,2024-12-07,3,41,2,40,240,19.2,0.0,146.4,24.0,4.42,0,0,1,1
6434,2025-07-23,2,4,1,77,6545,523.6,0.0,3992.45,52.65,0,0,1,1,0
6435,2024-01-27,2,48,1,51,4335,0,4335,2644.35,40.95,86.7,0,0,1,1
6436,2025-05-06,1,30,2,31,372,14.88,0.0,226.92,22.65,0,0,1,1,0
6437,2025-06-10,4,21,1,74,2812,337.44,0.0,1715.32,51.3,0,0,1,0,0
6438,2024-07-01,1,15,2,26,312,37.44,0.0,190.32,21.9,0,0,1,1,0
6439,2024-07-21,1,11,2,12,144,0,0,87.84,19.8,0,0,1,1,0
6440,2025-08-23,2,45,3,54,4590,183.6,0.0,2799.9,42.3,88.13,48.5,0,1,4
6441,2025-12-17,1,13,3,25,300,36.0,0.0,183.0,21.75,0,0,1,1,0
6442,2025-05-19,3,32,2,52,312,24.96,0.0,190.32,25.8,5.74,0,0,1,1
6443,2025-09-20,4,1,2,55,2090,83.6,0.0,1274.9,42.75,0,0,1,1,0
6444,2024-04-10,2,8,3,27,2295,183.6,0.0,1399.95,30.15,42.23,41.75,0,0,4
6445,2025-02-05,2,1,1,63,5355,214.2,0.0,3266.55,46.35,102.82,50.75,0,1,2
6446,2024-04-30,2,40,1,48,4080,489.6,0.0,2488.8,39.6,0,0,1,1,0
6447,2025-05-16,3,47,2,79,474,37.92,0.0,289.14,29.85,0,0,1,1,0
6448,2025-12-21,1,16,3,55,660,0,0,402.6,26.25,0,0,1,1,0
6449,2024-09-30,1,16,3,49,588,0,0,358.68,25.35,0,0,1,0,0
6450,2025-01-19,1,17,3,39,468,56.16,0.0,285.48,23.85,8.24,0,0,1,1
6451,2025-05-06,2,26,2,23,1955,0,0,1192.55,28.35,0,0,1,1,0
6452,2025-12-04,1,29,2,10,120,14.4,0.0,73.2,19.5,2.11,37.5,0,0,4
6453,2024-05-26,1,5,2,59,708,56.64,0.0,431.88,26.85,0,0,1,1,0
6454,2024-05-17,2,31,1,72,6120,244.8,0.0,3733.2,50.4,0,0,1,1,0
6455,2024-04-24,1,24,3,73,876,35.04,0.0,534.36,28.95,0,0,1,1,0
6456,2024-11-24,2,12,1,28,2380,285.6,0.0,1451.8,30.6,0,0,1,1,0
6457,2025-03-21,3,11,1,38,228,0,0,139.08,23.7,4.56,44.5,0,1,4
6458,2025-01-30,3,21,1,10,60,7.2,0.0,36.6,19.5,0,0,1,1,0
6459,2024-02-25,2,28,1,68,5780,231.2,0.0,3525.8,48.6,110.98,52.0,0,1,4
6460,2024-07-31,3,38,1,87,522,41.76,0.0,318.42,31.05,0,0,1,1,0
6461,2024-09-08,4,6,2,60,2280,91.2,0.0,1390.8,45.0,0,0,1,1,0
6462,2024-07-11,2,30,1,60,5100,612.0,0.0,3111.0,45.0,0,0,1,1,0
6463,2025-09-26,2,45,1,74,6290,503.2,0.0,3836.9,51.3,0,0,1,1,0
6464,2024-10-31,4,7,3,50,1900,228.0,0.0,1159.0,40.5,0,0,1,1,0
6465,2025-04-29,2,42,2,57,4845,387.6,0.0,2955.45,43.65,0,0,1,1,0
6466,2025-06-25,2,46,1,75,6375,510.0,0.0,3888.75,51.75,0,0,1,1,0
6467,2024-01-10,1,26,2,46,552,22.08,0.0,336.72,24.9,10.6,0,0,1,1
6468,2025-02-26,2,18,2,13,1105,132.6,0.0,674.05,23.85,0,0,1,1,0
6469,2025-02-17,4,12,2,84,3192,0,3192,1947.12,55.8,0,0,1,1,0
6470,2024-08-05,2,35,1,81,6885,0,0,4199.85,54.45,0,0,1,1,0
6471,2024-12-20,1,6,3,82,984,0,0,600.24,30.3,0,0,1,1,0
6472,2025-09-04,3,34,2,77,462,55.44,0.0,281.82,29.55,0,0,1,1,0
6473,2024-03-22,1,4,3,66,792,0,0,483.12,27.9,15.84,0,0,1,1
6474,2025-03-21,1,14,2,29,348,41.76,0.0,212.28,22.35,0,0,1,1,0
6475,2024-04-08,1,2,3,15,180,21.6,0.0,109.8,20.25,3.17,0,0,1,1
6476,2024-11-13,2,43,1,77,6545,523.6,0.0,3992.45,52.65,0,0,1,1,0
6477,2024-08-28,2,1,3,35,2975,238.0,0.0,1814.75,33.75,0,0,1,1,0
6478,2024-09-20,4,42,2,18,684,27.36,0.0,417.24,26.1,0,0,1,1,0
6479,2024-06-25,3,36,2,91,546,21.84,0.0,333.06,31.65,0,0,1,1,0
6480,2024-11-14,4,15,3,24,912,109.44,0.0,556.32,28.8,0,0,1,1,0
6481,2025-04-04,2,46,1,83,7055,0,0,4303.55,55.35,141.1,0,0,1,1
6482,2025-06-19,3,47,2,32,192,15.36,0.0,117.12,22.8,0,0,1,1,0
6483,2025-06-10,4,47,2,30,1140,45.6,0.0,695.4,31.5,0,0,1,1,0
6484,2025-03-28,4,32,3,34,1292,155.04,0.0,788.12,33.3,0,0,1,1,0
6485,2025-01-01,4,24,3,55,2090,83.6,0.0,1274.9,42.75,0,0,1,1,0
6486,2024-10-16,4,14,1,94,3572,285.76,0.0,2178.92,60.3,0,0,1,1,0
6487,2025-04-30,2,6,3,69,5865,234.6,0.0,3577.65,49.05,0,0,1,1,0
6488,2025-10-09,1,36,1,63,756,30.24,0.0,461.16,27.45,0,0,1,1,0
6489,2025-05-16,1,13,1,29,348,27.84,0.0,212.28,22.35,0,0,1,1,0
6490,2024-04-06,3,2,1,100,600,0,0,366.0,33.0,0,0,1,1,0
6491,2025-12-12,3,2,1,76,456,54.72,0.0,278.16,29.4,0,0,1,1,0
6492,2024-03-09,1,47,1,75,900,108.0,0.0,549.0,29.25,0,0,1,1,0
6493,2025-12-04,4,28,2,45,1710,0,0,1043.1,38.25,0,0,1,1,0
6494,2024-08-29,4,10,1,59,2242,89.68,2152.32,1367.62,44.55,0,0,1,1,0
6495,2024-04-28,4,40,2,73,2774,221.92,0.0,1692.14,50.85,51.04,0,0,1,1
6496,2025-02-01,1,14,2,87,1044,0,0,636.84,31.05,0,0,1,1,0
6497,2025-12-22,1,36,2,99,1188,47.52,0.0,724.68,32.85,22.81,0,0,1,1
6498,2025-12-17,1,32,1,27,324,25.92,0.0,197.64,22.05,0,0,1,1,0
6499,2024-02-01,4,41,1,12,456,54.72,0.0,278.16,23.4,0,0,1,0,0
6500,2024-03-20,3,31,2,100,600,24.0,0.0,366.0,33.0,0,0,1,1,0
6501,2025-10-06,3,23,2,81,486,19.44,0.0,296.46,30.15,0,0,1,1,0
6502,2024-03-22,2,7,1,14,1190,95.2,0.0,725.9,24.3,0,0,1,1,0
6503,2025-02-01,2,26,3,13,1105,0,0,674.05,23.85,22.1,38.25,0,1,4
6504,2025-06-05,4,19,3,65,2470,197.6,0.0,1506.7,47.25,0,0,1,1,0
6505,2024-08-15,2,34,3,63,5355,642.6,4712.4,3266.55,46.35,94.25,50.75,0,1,4
6506,2024-07-07,3,12,2,35,210,25.2,0.0,128.1,23.25,0,0,1,1,0
6507,2024-12-27,3,41,1,41,246,29.52,0.0,150.06,24.15,0,0,1,1,0
6508,2024-08-05,1,34,3,93,1116,44.64,0.0,680.76,31.95,0,0,1,1,0
6509,2024-05-31,2,46,3,71,6035,241.4,0.0,3681.35,49.95,115.87,0,0,1,1
6510,2024-04-09,4,7,1,42,1596,191.52,0.0,973.56,36.9,0,0,1,1,0
6511,2024-10-31,3,10,1,12,72,0,0,43.92,19.8,1.44,0,0,1,1
6512,2025-10-09,2,7,1,40,3400,272.0,0.0,2074.0,36.0,62.56,0,0,1,1
6513,2024-05-28,3,2,3,30,180,0,0,109.8,22.5,3.6,0,0,1,1
6514,2025-04-18,2,27,3,42,3570,285.6,0.0,2177.7,36.9,65.69,45.5,0,1,4
6515,2025-06-18,1,35,3,29,348,41.76,0.0,212.28,22.35,0,0,1,1,0
6516,2024-04-13,4,39,1,45,1710,0,0,1043.1,38.25,0,0,1,1,0
6517,2024-08-10,4,7,1,29,1102,0,0,672.22,31.05,0,0,1,1,0
6518,2024-08-08,3,28,2,77,462,0,0,281.82,29.55,0,0,1,1,0
6519,2025-08-09,1,40,1,28,336,13.44,0.0,204.96,22.2,0,0,1,1,0
6520,2024-07-11,4,37,3,65,2470,296.4,0.0,1506.7,47.25,0,0,1,1,0
6521,2024-06-23,1,15,1,45,540,21.6,0.0,329.4,24.75,0,0,1,1,0
6522,2024-05-23,1,23,1,68,816,32.64,0.0,497.76,28.2,0,0,1,1,0
6523,2025-08-18,2,16,2,38,3230,387.6,0.0,1970.3,35.1,0,0,1,1,0
6524,2025-01-14,1,17,2,61,732,58.56,0.0,446.52,27.15,0,0,1,1,0
6525,2025-03-09,4,25,2,24,912,0,0,556.32,28.8,18.24,41.0,0,1,2
6526,2024-02-10,4,28,3,56,2128,170.24,0.0,1298.08,43.2,0,0,1,1,0
6527,2025-07-15,3,9,3,100,600,0,0,366.0,33.0,0,0,1,1,0
6528,2025-09-12,1,11,2,49,588,70.56,0.0,358.68,25.35,0,0,1,1,0
6529,2024-12-13,3,37,3,69,414,0,0,252.54,28.35,8.28,52.25,0,1,2
6530,2024-01-16,3,44,2,36,216,17.28,0.0,131.76,23.4,3.97,0,0,1,1
6531,2025-04-20,1,30,1,69,828,66.24,0.0,505.08,28.35,0,0,1,1,0
6532,2025-10-25,4,35,1,81,3078,246.24,0.0,1877.58,54.45,0,0,1,1,0
6533,2025-05-15,1,2,1,76,912,72.96,0.0,556.32,29.4,0,0,1,1,0
6534,2025-10-21,4,45,1,89,3382,270.56,0.0,2063.02,58.05,0,0,1,1,0
6535,2024-10-20,2,46,1,25,2125,170.0,0.0,1296.25,29.25,0,0,1,1,0
6536,2024-09-25,4,3,1,67,2546,203.68,2342.32,1553.06,48.15,0,0,1,1,0
6537,2024-02-27,3,43,3,12,72,5.76,0.0,43.92,19.8,0,0,1,1,0
6538,2024-07-16,3,27,1,75,450,54.0,0.0,274.5,29.25,0,0,1,1,0
6539,2025-09-01,2,14,3,32,2720,217.6,0.0,1659.2,32.4,0,0,1,1,0
6540,2025-08-28,3,12,3,12,72,0,0,43.92,19.8,0,0,1,1,0
6541,2024-05-04,2,16,3,10,850,102.0,0.0,518.5,22.5,14.96,37.5,0,1,2
6542,2024-09-20,1,29,1,36,432,34.56,0.0,263.52,23.4,0,0,1,1,0
6543,2024-06-12,4,35,2,69,2622,0,0,1599.42,49.05,0,0,1,1,0
6544,2025-11-06,3,44,2,94,564,45.12,0.0,344.04,32.1,0,0,1,1,0
6545,2025-11-28,2,1,3,30,2550,0,0,1555.5,31.5,0,0,1,1,0
6546,2024-06-17,2,40,3,87,7395,0,0,4510.95,57.15,147.9,0,0,1,1
6547,2024-11-19,2,18,3,94,7990,958.8,0.0,4873.9,60.3,0,0,1,1,0
6548,2025-02-15,4,45,1,36,1368,109.44,0.0,834.48,34.2,0,0,1,1,0
6549,2025-02-27,2,47,1,84,7140,285.6,0.0,4355.4,55.8,0,0,1,1,0
6550,2024-11-05,3,47,2,52,312,24.96,0.0,190.32,25.8,5.74,0,0,1,1
6551,2025-06-12,2,32,1,80,6800,0,0,4148.0,54.0,0,0,1,1,0
6552,2025-07-07,2,42,1,81,6885,550.8,0.0,4199.85,54.45,0,0,1,1,0
6553,2025-12-20,1,16,3,74,888,35.52,0.0,541.68,29.1,0,0,1,1,0
6554,2024-05-16,3,29,3,48,288,11.52,0.0,175.68,25.2,0,0,1,1,0
6555,2025-03-19,1,19,1,92,1104,88.32,0.0,673.44,31.8,20.31,58.0,0,1,4
6556,2024-09-24,4,24,1,80,3040,0,0,1854.4,54.0,0,0,1,1,0
6557,2024-11-28,4,23,1,80,3040,0,0,1854.4,54.0,0,0,1,0,0
6558,2024-08-12,2,19,3,53,4505,0,0,2748.05,41.85,0,0,1,1,0
6559,2025-05-20,1,45,3,94,1128,90.24,0.0,688.08,32.1,20.76,0,0,1,1
6560,2024-08-09,3,16,2,50,300,0,0,183.0,25.5,0,0,1,1,0
6561,2024-01-13,1,18,3,87,1044,83.52,0.0,636.84,31.05,19.21,56.75,0,1,4
6562,2024-01-05,3,42,3,94,564,22.56,0.0,344.04,32.1,0,0,1,1,0
6563,2024-01-15,3,41,1,69,414,16.56,0.0,252.54,28.35,0,0,1,1,0
6564,2025-10-15,2,20,2,50,4250,340.0,0.0,2592.5,40.5,78.2,0,0,1,1
6565,2024-10-09,1,12,2,11,132,5.28,0.0,80.52,19.65,0,0,1,1,0
6566,2025-07-07,3,45,3,15,90,3.6,0.0,54.9,20.25,0,0,1,1,0
6567,2024-08-25,1,37,2,49,588,70.56,0.0,358.68,25.35,0,0,1,1,0
6568,2024-01-25,1,43,2,41,492,0,0,300.12,24.15,0,0,1,1,0
6569,2024-06-09,4,8,3,55,2090,0,0,1274.9,42.75,0,0,1,1,0
6570,2025-01-20,3,34,1,54,324,12.96,0.0,197.64,26.1,6.22,0,0,1,1
6571,2024-10-24,4,14,2,28,1064,127.68,0.0,649.04,30.6,0,0,1,1,0
6572,2024-08-16,2,41,1,21,1785,71.4,0.0,1088.85,27.45,34.27,40.25,0,1,2
6573,2024-10-22,2,41,3,98,8330,0,0,5081.3,62.1,0,0,1,1,0
6574,2025-10-10,2,29,1,89,7565,907.8,0.0,4614.65,58.05,0,0,1,1,0
6575,2024-04-16,4,31,3,96,3648,291.84,0.0,2225.28,61.2,67.12,59.0,0,1,2
6576,2024-07-13,4,37,2,52,1976,79.04,0.0,1205.36,41.4,0,0,1,1,0
6577,2025-02-07,2,21,1,64,5440,435.2,5004.8,3318.4,46.8,0,0,1,1,0
6578,2025-11-13,2,32,2,28,2380,0,0,1451.8,30.6,0,0,1,1,0
6579,2024-09-09,1,3,1,56,672,53.76,0.0,409.92,26.4,12.36,0,0,1,1
6580,2024-11-16,4,6,1,37,1406,112.48,0.0,857.66,34.65,0,0,1,1,0
6581,2025-04-24,1,35,3,32,384,30.72,0.0,234.24,22.8,7.07,43.0,0,0,4
6582,2024-07-13,4,18,3,89,3382,270.56,0.0,2063.02,58.05,62.23,57.25,0,1,4
6583,2025-07-29,2,47,2,71,6035,724.2,0.0,3681.35,49.95,0,0,1,1,0
6584,2025-05-22,3,11,3,92,552,0,0,336.72,31.8,11.04,0,0,1,1
6585,2024-10-01,4,35,1,80,3040,243.2,0.0,1854.4,54.0,0,0,1,1,0
6586,2025-05-24,4,6,2,20,760,0,0,463.6,27.0,0,0,1,1,0
6587,2024-02-10,4,2,3,69,2622,314.64,0.0,1599.42,49.05,0,0,1,1,0
6588,2024-07-21,3,38,1,64,384,46.08,0.0,234.24,27.6,6.76,51.0,0,1,4
6589,2025-12-03,2,26,2,86,7310,877.2,0.0,4459.1,56.7,0,0,1,1,0
6590,2024-06-07,4,1,3,35,1330,159.6,0.0,811.3,33.75,23.41,0,0,1,1
6591,2024-10-18,4,2,2,20,760,60.8,0.0,463.6,27.0,0,0,1,1,0
6592,2024-01-13,4,10,3,48,1824,0,0,1112.64,39.6,0,0,1,1,0
6593,2024-09-02,2,6,1,38,3230,387.6,2842.4,1970.3,35.1,0,0,1,1,0
6594,2024-12-31,1,43,1,80,960,38.4,0.0,585.6,30.0,0,0,1,1,0
6595,2025-10-08,1,27,2,60,720,0,0,439.2,27.0,14.4,50.0,0,1,2
6596,2025-10-30,2,3,2,63,5355,0,0,3266.55,46.35,0,0,1,1,0
6597,2024-10-05,2,22,2,48,4080,489.6,0.0,2488.8,39.6,0,0,1,1,0
6598,2025-04-25,4,36,2,75,2850,342.0,0.0,1738.5,51.75,0,0,1,1,0
6599,2024-07-28,1,48,1,36,432,51.84,0.0,263.52,23.4,0,0,1,1,0
6600,2024-04-30,2,39,1,51,4335,0,0,2644.35,40.95,0,0,1,1,0
6601,2024-05-12,4,2,1,67,2546,203.68,0.0,1553.06,48.15,0,0,1,1,0
6602,2024-11-25,3,1,1,72,432,0,0,263.52,28.8,0,0,1,1,0
6603,2024-12-12,3,22,2,96,576,23.04,0.0,351.36,32.4,0,0,1,1,0
6604,2025-05-20,3,4,3,16,96,3.84,0.0,58.56,20.4,0,0,1,1,0
6605,2025-11-09,4,43,2,69,2622,104.88,0.0,1599.42,49.05,0,0,1,1,0
6606,2025-09-01,2,26,2,78,6630,530.4,0.0,4044.3,53.1,0,0,1,1,0
6607,2024-02-12,2,27,3,48,4080,326.4,0.0,2488.8,39.6,75.07,47.0,0,1,2
6608,2025-05-14,4,9,2,32,1216,48.64,0.0,741.76,32.4,0,0,1,1,0
6609,2025-11-16,4,35,3,88,3344,267.52,0.0,2039.84,57.6,61.53,57.0,0,1,4
6610,2024-05-01,2,42,3,88,7480,598.4,0.0,4562.8,57.6,0,0,1,0,0
6611,2024-11-20,2,42,1,42,3570,142.8,0.0,2177.7,36.9,0,0,1,0,0
6612,2024-09-23,4,6,3,64,2432,194.56,0.0,1483.52,46.8,0,0,1,1,0
6613,2024-04-08,3,34,2,71,426,17.04,0.0,259.86,28.65,0,0,1,1,0
6614,2025-09-26,3,45,2,98,588,0,0,358.68,32.7,0,0,1,1,0
6615,2025-04-14,4,40,3,64,2432,97.28,0.0,1483.52,46.8,0,0,1,1,0
6616,2025-10-05,2,19,2,34,2890,115.6,0.0,1762.9,33.3,0,0,1,1,0
6617,2024-05-25,2,32,1,80,6800,816.0,0.0,4148.0,54.0,0,0,1,1,0
6618,2025-04-29,2,7,3,77,6545,785.4,0.0,3992.45,52.65,0,0,1,1,0
6619,2024-02-04,1,33,2,75,900,36.0,0.0,549.0,29.25,0,0,1,1,0
6620,2025-12-06,2,18,1,72,6120,734.4,0.0,3733.2,50.4,0,0,1,1,0
6621,2024-02-28,3,13,1,26,156,18.72,0.0,95.16,21.9,2.75,0,0,1,1
6622,2025-06-02,1,6,3,11,132,10.56,0.0,80.52,19.65,2.43,37.75,0,1,2
6623,2025-01-18,2,40,1,41,3485,139.4,0.0,2125.85,36.45,0,0,1,1,0
6624,2024-11-21,4,15,1,57,2166,86.64,0.0,1321.26,43.65,41.59,0,0,1,1
6625,2024-08-11,3,38,1,22,132,15.84,0.0,80.52,21.3,2.32,40.5,0,1,2
6626,2024-12-20,4,37,2,37,1406,56.24,0.0,857.66,34.65,27.0,44.25,0,1,2
6627,2025-05-26,2,43,3,74,6290,0,6290,3836.9,51.3,125.8,0,0,1,1
6628,2025-03-10,4,24,2,74,2812,337.44,0.0,1715.32,51.3,0,0,1,1,0
6629,2024-01-25,1,4,3,33,396,31.68,0.0,241.56,22.95,0,0,1,1,0
6630,2025-09-07,1,13,3,50,600,72.0,0.0,366.0,25.5,0,0,1,1,0
6631,2025-06-16,2,18,3,84,7140,285.6,0.0,4355.4,55.8,0,0,1,1,0
6632,2024-09-25,1,36,3,62,744,0,0,453.84,27.3,14.88,50.5,0,1,4
6633,2025-04-20,2,22,2,20,1700,0,0,1037.0,27.0,34.0,0,0,1,1
6634,2024-11-25,2,24,3,73,6205,744.6,0.0,3785.05,50.85,0,0,1,1,0
6635,2024-12-15,1,20,2,17,204,16.32,0.0,124.44,20.55,0,0,1,1,0
6636,2024-04-09,2,4,2,65,5525,0,5525,3370.25,47.25,0,0,1,1,0
6637,2024-05-01,2,32,3,41,3485,278.8,0.0,2125.85,36.45,0,0,1,1,0
6638,2024-01-19,4,4,1,71,2698,0,0,1645.78,49.95,0,0,1,1,0
6639,2025-11-06,1,29,2,46,552,22.08,0.0,336.72,24.9,0,0,1,1,0
6640,2024-09-03,3,44,2,89,534,64.08,0.0,325.74,31.35,0,0,1,1,0
6641,2024-08-05,1,24,3,27,324,38.88,0.0,197.64,22.05,5.7,41.75,0,0,4
6642,2024-12-28,1,43,2,23,276,22.08,0.0,168.36,21.45,0,0,1,1,0
6643,2025-05-23,2,44,1,49,4165,0,0,2540.65,40.05,0,0,1,1,0
6644,2024-05-02,3,26,2,86,516,20.64,0.0,314.76,30.9,0,0,1,1,0
6645,2025-06-28,2,9,1,41,3485,0,0,2125.85,36.45,0,0,1,1,0
6646,2025-10-31,2,2,3,82,6970,836.4,0.0,4251.7,54.9,122.67,0,0,1,1
6647,2024-04-17,1,11,1,72,864,69.12,0.0,527.04,28.8,0,0,1,1,0
6648,2025-02-03,3,22,1,56,336,13.44,0.0,204.96,26.4,0,0,1,1,0
6649,2024-04-30,3,29,2,79,474,56.88,0.0,289.14,29.85,0,0,1,1,0
6650,2025-02-15,3,30,1,28,168,0,0,102.48,22.2,0,0,1,1,0
6651,2025-01-24,3,34,3,47,282,33.84,0.0,172.02,25.05,0,0,1,1,0
6652,2025-12-21,3,46,3,63,378,0,0,230.58,27.45,7.56,50.75,0,1,2
6653,2024-02-23,3,12,3,94,564,67.68,0.0,344.04,32.1,0,0,1,1,0
6654,2024-08-29,4,8,3,69,2622,104.88,0.0,1599.42,49.05,0,0,1,1,0
6655,2025-02-13,3,8,1,79,474,0,0,289.14,29.85,0,0,1,1,0
6656,2024-04-26,4,26,1,89,3382,405.84,0.0,2063.02,58.05,0,0,1,1,0
6657,2024-07-18,1,42,2,69,828,33.12,0.0,505.08,28.35,15.9,52.25,0,1,2
6658,2024-05-16,3,3,1,93,558,0,0,340.38,31.95,0,0,1,1,0
6659,2025-06-13,1,8,2,32,384,46.08,0.0,234.24,22.8,0,0,1,1,0
6660,2025-05-11,3,42,1,83,498,19.92,0.0,303.78,30.45,0,0,1,1,0
6661,2025-06-08,1,25,1,17,204,8.16,0.0,124.44,20.55,0,0,1,1,0
6662,2024-07-08,1,6,2,100,1200,48.0,0.0,732.0,33.0,23.04,0,0,1,1
6663,2025-04-08,3,42,3,59,354,14.16,0.0,215.94,26.85,6.8,49.75,0,1,2
6664,2025-05-26,3,45,1,61,366,43.92,0.0,223.26,27.15,0,0,1,1,0
6665,2024-01-05,2,33,3,98,8330,333.2,0.0,5081.3,62.1,0,0,1,0,0
6666,2025-05-04,2,41,1,24,2040,163.2,0.0,1244.4,28.8,0,0,1,1,0
6667,2025-12-22,1,7,3,22,264,10.56,253.44,161.04,21.3,0,0,1,1,0
6668,2025-02-14,2,24,1,70,5950,238.0,0.0,3629.5,49.5,0,0,1,1,0
6669,2025-10-15,4,16,1,24,912,72.96,0.0,556.32,28.8,0,0,1,1,0
6670,2024-01-31,1,5,3,71,852,102.24,0.0,519.72,28.65,0,0,1,1,0
6671,2024-07-05,4,37,1,50,1900,76.0,0.0,1159.0,40.5,36.48,47.5,0,1,2
6672,2024-01-17,4,23,1,93,3534,0,0,2155.74,59.85,0,0,1,1,0
6673,2025-01-03,3,1,2,78,468,0,0,285.48,29.7,9.36,54.5,0,1,4
6674,2025-04-11,3,21,2,11,66,2.64,0.0,40.26,19.65,0,0,1,1,0
6675,2025-10-18,1,31,3,75,900,0,0,549.0,29.25,18.0,53.75,0,1,2
6676,2025-06-02,2,7,3,48,4080,489.6,0.0,2488.8,39.6,71.81,0,0,1,1
6677,2025-11-27,3,42,1,18,108,4.32,0.0,65.88,20.7,2.07,0,0,0,1
6678,2024-05-01,2,29,3,64,5440,217.6,0.0,3318.4,46.8,104.45,51.0,0,1,4
6679,2024-02-07,2,2,3,53,4505,360.4,0.0,2748.05,41.85,0,0,1,1,0
6680,2024-03-17,3,26,1,22,132,0,0,80.52,21.3,0,0,1,1,0
6681,2025-08-24,2,9,1,18,1530,122.4,0.0,933.3,26.1,28.15,0,0,1,1
6682,2024-04-05,2,1,1,35,2975,119.0,0.0,1814.75,33.75,0,0,1,1,0
6683,2025-06-12,4,7,1,93,3534,282.72,0.0,2155.74,59.85,0,0,1,1,0
6684,2025-07-20,3,28,1,46,276,11.04,0.0,168.36,24.9,0,0,1,1,0
6685,2025-03-01,2,42,1,87,7395,0,0,4510.95,57.15,147.9,0,0,1,1
6686,2024-08-20,1,5,2,99,1188,47.52,0.0,724.68,32.85,0,0,1,1,0
6687,2025-05-28,2,48,3,38,3230,129.2,0.0,1970.3,35.1,0,0,1,1,0
6688,2024-12-03,1,22,1,100,1200,48.0,0.0,732.0,33.0,0,0,1,1,0
6689,2025-02-12,4,47,2,47,1786,142.88,0.0,1089.46,39.15,32.86,0,0,0,1
6690,2025-06-13,1,25,3,14,168,20.16,0.0,102.48,20.1,0,0,1,1,0
6691,2025-12-13,3,36,2,86,516,41.28,0.0,314.76,30.9,9.49,56.5,0,1,2
6692,2024-07-24,4,47,1,31,1178,47.12,0.0,718.58,31.95,0,0,1,1,0
6693,2024-11-09,4,21,3,33,1254,50.16,0.0,764.94,32.85,0,0,1,1,0
6694,2024-10-04,3,29,3,71,426,34.08,0.0,259.86,28.65,0,0,1,1,0
6695,2025-10-24,1,48,3,30,360,0,0,219.6,22.5,7.2,42.5,0,1,2
6696,2025-08-19,1,10,2,29,348,0,0,212.28,22.35,6.96,0,0,1,1
6697,2025-11-10,4,16,2,92,3496,139.84,0.0,2132.56,59.4,0,0,1,1,0
6698,2024-10-19,1,21,3,30,360,28.8,0.0,219.6,22.5,6.62,0,0,1,1
6699,2025-12-24,1,43,1,23,276,11.04,0.0,168.36,21.45,5.3,40.75,0,1,2
6700,2025-07-14,3,41,1,100,600,72.0,0.0,366.0,33.0,0,0,1,1,0
6701,2025-08-06,1,17,3,74,888,71.04,0.0,541.68,29.1,16.34,53.5,0,1,4
6702,2025-08-09,2,42,1,11,935,37.4,0.0,570.35,22.95,0,0,1,1,0
6703,2024-11-11,4,29,3,44,1672,66.88,0.0,1019.92,37.8,0,0,1,1,0
6704,2024-06-11,3,30,3,17,102,12.24,0.0,62.22,20.55,0,0,1,1,0
6705,2024-07-24,4,47,3,48,1824,72.96,0.0,1112.64,39.6,0,0,1,1,0
6706,2025-12-30,4,32,2,74,2812,112.48,0.0,1715.32,51.3,0,0,1,1,0
6707,2024-04-04,2,9,1,48,4080,326.4,0.0,2488.8,39.6,0,0,1,1,0
6708,2024-08-24,2,20,1,67,5695,227.8,0.0,3473.95,48.15,0,0,1,1,0
6709,2025-07-20,1,43,1,62,744,0,0,453.84,27.3,0,0,1,1,0
6710,2024-07-27,1,4,2,31,372,14.88,0.0,226.92,22.65,0,0,1,1,0
6711,2025-10-16,2,36,1,72,6120,734.4,0.0,3733.2,50.4,0,0,1,1,0
6712,2024-08-12,1,47,3,38,456,54.72,0.0,278.16,23.7,8.03,44.5,0,1,2
6713,2024-10-24,1,29,1,84,1008,120.96,0.0,614.88,30.6,0,0,1,0,0
6714,2025-09-24,1,21,1,45,540,21.6,0.0,329.4,24.75,0,0,1,0,0
6715,2025-08-14,3,27,2,24,144,11.52,0.0,87.84,21.6,0,0,1,1,0
6716,2024-04-01,1,20,2,27,324,25.92,0.0,197.64,22.05,5.96,41.75,0,1,2
6717,2025-04-24,4,22,2,90,3420,410.4,0.0,2086.2,58.5,0,0,1,1,0
6718,2024-07-29,2,1,1,62,5270,421.6,0.0,3214.7,45.9,0,0,1,0,0
6719,2024-06-08,3,18,3,23,138,11.04,0.0,84.18,21.45,2.54,0,0,1,1
6720,2025-06-07,1,33,1,73,876,35.04,0.0,534.36,28.95,16.82,53.25,0,1,2
6721,2024-03-10,3,11,3,45,270,10.8,0.0,164.7,24.75,5.18,0,0,1,1
6722,2024-09-14,1,45,1,51,612,73.44,0.0,373.32,25.65,0,0,1,1,0
6723,2024-12-28,2,41,1,36,3060,367.2,0.0,1866.6,34.2,0,0,1,1,0
6724,2024-05-31,4,10,2,54,2052,246.24,0.0,1251.72,42.3,0,0,1,1,0
6725,2025-10-20,4,27,3,50,1900,0,0,1159.0,40.5,0,0,1,1,0
6726,2025-03-18,3,1,2,50,300,0,0,183.0,25.5,0,0,1,1,0
6727,2024-04-06,3,12,2,53,318,12.72,0.0,193.98,25.95,0,0,1,1,0
6728,2025-05-25,3,14,1,61,366,29.28,0.0,223.26,27.15,0,0,1,1,0
6729,2025-10-15,3,34,1,59,354,14.16,0.0,215.94,26.85,0,0,1,1,0
6730,2025-04-06,3,20,2,69,414,49.68,364.32,252.54,28.35,0,0,1,1,0
6731,2024-06-16,2,17,2,17,1445,57.8,0.0,881.45,25.65,0,0,1,1,0
6732,2025-06-16,3,14,1,51,306,0,0,186.66,25.65,0,0,1,1,0
6733,2025-05-15,3,3,2,77,462,55.44,0.0,281.82,29.55,0,0,1,1,0
6734,2025-11-13,1,33,1,48,576,23.04,0.0,351.36,25.2,11.06,0,0,1,1
6735,2025-01-09,3,5,3,91,546,21.84,0.0,333.06,31.65,0,0,1,1,0
6736,2025-04-27,1,34,2,69,828,66.24,0.0,505.08,28.35,15.24,0,0,1,1
6737,2024-04-11,1,47,2,18,216,17.28,0.0,131.76,20.7,0,0,1,1,0
6738,2024-09-08,1,5,2,57,684,54.72,0.0,417.24,26.55,0,0,1,1,0
6739,2024-09-23,4,43,3,94,3572,142.88,0.0,2178.92,60.3,0,0,1,0,0
6740,2025-11-20,1,48,1,16,192,23.04,0.0,117.12,20.4,3.38,0,0,1,1
6741,2025-03-31,1,32,1,11,132,0,0,80.52,19.65,0,0,1,1,0
6742,2025-12-07,4,45,1,31,1178,94.24,0.0,718.58,31.95,0,0,1,0,0
6743,2024-05-26,3,8,2,55,330,26.4,0.0,201.3,26.25,6.07,48.75,0,0,2
6744,2025-03-16,3,7,3,97,582,0,0,355.02,32.55,0,0,1,1,0
6745,2025-09-21,3,28,1,79,474,56.88,0.0,289.14,29.85,0,0,1,1,0
6746,2025-03-05,4,40,2,33,1254,0,0,764.94,32.85,0,0,1,1,0
6747,2025-03-17,3,11,3,16,96,11.52,0.0,58.56,20.4,1.69,0,0,1,1
6748,2024-10-09,4,21,1,54,2052,82.08,0.0,1251.72,42.3,39.4,48.5,0,1,2
6749,2024-08-27,3,11,2,70,420,16.8,0.0,256.2,28.5,0,0,1,1,0
6750,2024-01-20,1,47,1,66,792,0,0,483.12,27.9,0,0,1,1,0
6751,2025-02-27,3,16,1,67,402,32.16,0.0,245.22,28.05,0,0,1,1,0
6752,2024-12-09,2,23,2,29,2465,0,0,1503.65,31.05,0,0,1,1,0
6753,2025-12-06,3,18,3,28,168,20.16,0.0,102.48,22.2,2.96,42.0,0,1,4
6754,2024-02-24,3,9,1,32,192,0,0,117.12,22.8,0,0,1,1,0
6755,2025-03-05,3,1,1,54,324,38.88,0.0,197.64,26.1,0,0,1,1,0
6756,2024-11-18,4,5,3,20,760,60.8,0.0,463.6,27.0,13.98,40.0,0,1,2
6757,2025-01-20,2,28,1,86,7310,0,0,4459.1,56.7,146.2,0,0,1,1
6758,2024-05-12,1,27,2,79,948,113.76,0.0,578.28,29.85,0,0,1,1,0
6759,2025-06-06,3,7,3,92,552,0,0,336.72,31.8,0,0,1,1,0
6760,2025-08-12,2,21,3,49,4165,333.2,0.0,2540.65,40.05,76.64,47.25,0,1,2
6761,2024-01-09,4,20,3,89,3382,405.84,0.0,2063.02,58.05,59.52,0,0,1,1
6762,2024-04-15,3,28,3,95,570,68.4,0.0,347.7,32.25,0,0,1,1,0
6763,2024-11-02,2,32,2,21,1785,142.8,0.0,1088.85,27.45,0,0,1,0,0
6764,2025-01-20,4,1,3,49,1862,0,0,1135.82,40.05,0,0,1,1,0
6765,2024-01-26,2,7,3,62,5270,421.6,0.0,3214.7,45.9,0,0,1,1,0
6766,2025-09-14,1,16,2,41,492,19.68,0.0,300.12,24.15,0,0,1,1,0
6767,2025-08-26,3,32,1,55,330,39.6,0.0,201.3,26.25,0,0,1,1,0
6768,2025-03-27,4,18,1,14,532,42.56,0.0,324.52,24.3,0,0,1,1,0
6769,2024-01-26,2,1,3,41,3485,278.8,0.0,2125.85,36.45,0,0,1,1,0
6770,2025-04-07,2,13,2,71,6035,241.4,0.0,3681.35,49.95,0,0,1,1,0
6771,2025-01-22,1,14,1,10,120,9.6,0.0,73.2,19.5,2.21,0,0,1,1
6772,2025-08-17,2,41,3,30,2550,204.0,0.0,1555.5,31.5,0,0,1,1,0
6773,2024-05-25,3,5,1,51,306,0,0,186.66,25.65,0,0,1,0,0
6774,2025-06-02,1,4,1,64,768,30.72,0.0,468.48,27.6,0,0,1,1,0
6775,2024-04-30,2,18,3,82,6970,278.8,0.0,4251.7,54.9,133.82,55.5,0,1,4
6776,2024-02-20,2,24,2,33,2805,0,0,1711.05,32.85,0,0,1,1,0
6777,2025-03-31,4,19,2,64,2432,0,0,1483.52,46.8,0,0,1,1,0
6778,2025-04-27,4,12,2,37,1406,168.72,0.0,857.66,34.65,24.75,44.25,0,1,2
6779,2024-10-02,1,39,2,14,168,20.16,0.0,102.48,20.1,0,0,1,1,0
6780,2025-04-24,1,21,3,77,924,0,0,563.64,29.55,0,0,1,1,0
6781,2025-01-14,1,20,3,46,552,0,0,336.72,24.9,0,0,1,1,0
6782,2025-10-28,4,44,3,67,2546,0,0,1553.06,48.15,0,0,1,1,0
6783,2024-12-14,2,21,2,27,2295,275.4,0.0,1399.95,30.15,0,0,1,0,0
6784,2025-11-30,3,46,2,95,570,68.4,0.0,347.7,32.25,10.03,0,0,1,1
6785,2025-01-25,4,31,3,68,2584,103.36,0.0,1576.24,48.6,49.61,0,0,1,1
6786,2025-10-05,2,42,3,96,8160,326.4,0.0,4977.6,61.2,156.67,59.0,0,1,4
6787,2024-09-27,2,29,2,44,3740,149.6,0.0,2281.4,37.8,71.81,0,0,1,1
6788,2024-09-30,1,40,3,92,1104,0,0,673.44,31.8,22.08,58.0,0,1,2
6789,2025-01-06,3,31,2,78,468,56.16,0.0,285.48,29.7,0,0,1,1,0
6790,2025-06-16,2,17,1,92,7820,938.4,0.0,4770.2,59.4,0,0,1,1,0
6791,2024-11-02,2,38,3,36,3060,0,0,1866.6,34.2,0,0,1,1,0
6792,2025-12-07,4,45,3,86,3268,0,0,1993.48,56.7,65.36,56.5,0,1,4
6793,2025-04-29,4,45,3,27,1026,82.08,0.0,625.86,30.15,0,0,1,1,0
6794,2025-03-30,4,20,3,46,1748,139.84,0.0,1066.28,38.7,32.16,46.5,0,1,4
6795,2024-10-14,4,13,3,16,608,72.96,535.04,370.88,25.2,0,0,1,1,0
6796,2024-06-30,1,11,2,44,528,21.12,0.0,322.08,24.6,0,0,1,1,0
6797,2025-03-20,4,47,2,91,3458,138.32,0.0,2109.38,58.95,66.39,0,0,1,1
6798,2024-10-26,2,8,3,69,5865,0,0,3577.65,49.05,0,0,1,1,0
6799,2025-04-24,1,28,1,15,180,0,0,109.8,20.25,0,0,1,1,0
6800,2025-03-30,2,26,2,28,2380,95.2,0.0,1451.8,30.6,0,0,1,1,0
6801,2024-03-26,1,20,3,70,840,0,0,512.4,28.5,16.8,52.5,0,1,2
6802,2024-06-27,3,17,2,22,132,5.28,0.0,80.52,21.3,0,0,1,1,0
6803,2025-02-01,4,6,3,87,3306,132.24,0.0,2016.66,57.15,63.48,56.75,0,1,2
6804,2024-04-19,2,25,1,55,4675,0,0,2851.75,42.75,0,0,1,1,0
6805,2024-05-03,4,46,2,76,2888,0,0,1761.68,52.2,0,0,1,1,0
6806,2024-12-19,2,10,3,82,6970,836.4,0.0,4251.7,54.9,0,0,1,1,0
6807,2025-01-31,4,37,1,98,3724,446.88,0.0,2271.64,62.1,0,0,1,1,0
6808,2025-12-05,1,45,2,60,720,0,0,439.2,27.0,0,0,1,1,0
6809,2024-08-28,4,38,3,59,2242,179.36,0.0,1367.62,44.55,0,0,1,1,0
6810,2024-09-06,4,36,2,73,2774,221.92,0.0,1692.14,50.85,0,0,1,1,0
6811,2024-04-30,3,40,3,23,138,5.52,0.0,84.18,21.45,2.65,0,0,1,1
6812,2024-06-11,3,26,3,62,372,0,0,226.92,27.3,7.44,0,0,1,1
6813,2025-11-22,4,39,3,86,3268,130.72,0.0,1993.48,56.7,62.75,56.5,0,1,2
6814,2025-06-14,4,20,1,52,1976,0,0,1205.36,41.4,39.52,48.0,0,1,2
6815,2024-01-30,1,4,1,20,240,19.2,0.0,146.4,21.0,0,0,1,1,0
6816,2025-03-06,3,10,1,51,306,24.48,0.0,186.66,25.65,0,0,1,1,0
6817,2024-04-24,4,37,2,63,2394,191.52,0.0,1460.34,46.35,0,0,1,1,0
6818,2024-08-07,4,12,2,39,1482,177.84,0.0,904.02,35.55,26.08,0,0,1,1
6819,2024-09-03,1,32,3,87,1044,83.52,0.0,636.84,31.05,0,0,1,0,0
6820,2024-02-08,4,10,2,95,3610,144.4,3465.6,2202.1,60.75,0,0,1,1,0
6821,2025-11-17,4,15,1,18,684,0,0,417.24,26.1,0,0,1,1,0
6822,2025-10-08,3,45,3,80,480,38.4,0.0,292.8,30.0,8.83,0,0,1,1
6823,2024-10-27,3,39,2,95,570,45.6,0.0,347.7,32.25,0,0,1,1,0
6824,2024-06-01,2,27,3,34,2890,231.2,0.0,1762.9,33.3,53.18,43.5,0,1,4
6825,2025-07-08,2,40,2,46,3910,312.8,0.0,2385.1,38.7,0,0,1,1,0
6826,2025-08-15,3,22,3,37,222,0,0,135.42,23.55,4.44,0,0,1,1
6827,2024-09-26,2,26,3,99,8415,1009.8,0.0,5133.15,62.55,0,0,1,1,0
6828,2024-08-20,4,30,2,32,1216,48.64,0.0,741.76,32.4,0,0,1,1,0
6829,2025-10-13,2,27,1,34,2890,231.2,0.0,1762.9,33.3,0,0,1,1,0
6830,2025-02-28,4,10,3,50,1900,0,0,1159.0,40.5,0,0,1,1,0
6831,2025-02-22,4,8,2,100,3800,0,0,2318.0,63.0,0,0,1,1,0
6832,2025-01-28,4,8,1,87,3306,396.72,0.0,2016.66,57.15,0,0,1,0,0
6833,2025-03-24,1,32,3,22,264,10.56,0.0,161.04,21.3,0,0,1,1,0
6834,2024-10-08,2,38,3,22,1870,74.8,0.0,1140.7,27.9,0,0,1,1,0
6835,2024-08-06,1,39,1,86,1032,123.84,0.0,629.52,30.9,0,0,1,1,0
6836,2024-04-19,2,24,1,69,5865,469.2,0.0,3577.65,49.05,0,0,1,1,0
6837,2025-01-09,1,35,3,19,228,27.36,0.0,139.08,20.85,0,0,1,1,0
6838,2024-07-15,4,46,2,49,1862,74.48,0.0,1135.82,40.05,0,0,1,1,0
6839,2025-06-23,1,38,3,22,264,10.56,0.0,161.04,21.3,5.07,40.5,0,1,2
6840,2025-06-22,4,33,3,93,3534,0,0,2155.74,59.85,70.68,0,0,1,1
6841,2025-04-15,1,9,2,54,648,25.92,0.0,395.28,26.1,0,0,1,1,0
6842,2024-06-01,4,9,3,46,1748,0,0,1066.28,38.7,0,0,1,1,0
6843,2024-10-08,1,19,3,68,816,32.64,0.0,497.76,28.2,0,0,1,1,0
6844,2025-02-09,4,35,2,29,1102,44.08,0.0,672.22,31.05,0,0,1,1,0
6845,2024-09-12,2,34,1,21,1785,214.2,1570.8,1088.85,27.45,0,0,1,1,0
6846,2024-11-13,3,20,1,35,210,0,0,128.1,23.25,0,0,1,1,0
6847,2024-11-16,1,3,2,66,792,95.04,0.0,483.12,27.9,0,0,1,1,0
6848,2025-05-11,3,18,3,47,282,22.56,0.0,172.02,25.05,0,0,1,1,0
6849,2024-03-06,2,38,1,30,2550,204.0,0.0,1555.5,31.5,0,0,1,1,0
6850,2024-06-19,3,42,2,93,558,66.96,0.0,340.38,31.95,0,0,1,1,0
6851,2025-06-14,3,34,2,63,378,30.24,0.0,230.58,27.45,0,0,1,1,0
6852,2025-07-23,2,1,1,71,6035,724.2,0.0,3681.35,49.95,0,0,1,1,0
6853,2025-05-10,4,9,1,20,760,91.2,0.0,463.6,27.0,0,0,1,1,0
6854,2024-07-02,1,22,2,85,1020,40.8,0.0,622.2,30.75,19.58,56.25,0,1,2
6855,2025-03-14,4,39,2,45,1710,68.4,0.0,1043.1,38.25,0,0,1,1,0
6856,2025-12-09,2,14,3,14,1190,142.8,0.0,725.9,24.3,20.94,0,0,1,1
6857,2025-03-05,1,31,3,75,900,72.0,0.0,549.0,29.25,0,0,1,1,0
6858,2024-06-15,2,27,3,69,5865,469.2,0.0,3577.65,49.05,107.92,52.25,0,1,4
6859,2024-04-01,2,28,2,73,6205,248.2,0.0,3785.05,50.85,0,0,1,1,0
6860,2025-08-13,1,31,2,49,588,70.56,0.0,358.68,25.35,0,0,1,1,0
6861,2025-01-28,1,10,3,38,456,18.24,0.0,278.16,23.7,0,0,1,1,0
6862,2024-11-18,2,46,1,20,1700,68.0,0.0,1037.0,27.0,0,0,1,1,0
6863,2024-06-28,4,35,3,24,912,36.48,0.0,556.32,28.8,17.51,0,0,1,1
6864,2025-12-24,4,24,2,70,2660,106.4,0.0,1622.6,49.5,0,0,1,1,0
6865,2025-01-06,1,11,1,80,960,115.2,0.0,585.6,30.0,0,0,1,1,0
6866,2024-09-11,4,45,1,50,1900,152.0,0.0,1159.0,40.5,0,0,1,1,0
6867,2025-07-30,4,42,3,65,2470,98.8,0.0,1506.7,47.25,47.42,51.25,0,1,4
6868,2024-03-11,1,39,2,76,912,109.44,0.0,556.32,29.4,0,0,1,1,0
6869,2025-03-01,4,15,2,55,2090,167.2,0.0,1274.9,42.75,0,0,1,1,0
6870,2025-09-21,4,20,1,68,2584,103.36,0.0,1576.24,48.6,0,0,1,1,0
6871,2025-10-01,2,3,2,45,3825,306.0,0.0,2333.25,38.25,70.38,0,0,1,1
6872,2025-11-27,4,37,3,34,1292,51.68,0.0,788.12,33.3,24.81,0,0,1,1
6873,2024-08-08,4,39,3,43,1634,130.72,0.0,996.74,37.35,0,0,1,1,0
6874,2025-05-11,1,37,1,95,1140,91.2,0.0,695.4,32.25,0,0,1,1,0
6875,2024-09-29,4,29,2,47,1786,214.32,0.0,1089.46,39.15,0,0,1,1,0
6876,2024-06-02,3,29,2,38,228,27.36,0.0,139.08,23.7,0,0,1,1,0
6877,2025-06-15,3,4,2,100,600,24.0,0.0,366.0,33.0,0,0,1,1,0
6878,2024-12-13,1,23,1,85,1020,40.8,0.0,622.2,30.75,0,0,1,1,0
6879,2025-02-07,4,10,3,38,1444,115.52,0.0,880.84,35.1,0,0,1,1,0
6880,2024-09-18,3,14,2,90,540,43.2,0.0,329.4,31.5,0,0,1,1,0
6881,2025-07-14,4,5,3,34,1292,155.04,0.0,788.12,33.3,0,0,1,1,0
6882,2025-11-15,1,1,2,81,972,116.64,855.36,592.92,30.15,17.11,0,0,1,1
6883,2025-05-21,1,29,1,27,324,0,0,197.64,22.05,6.48,41.75,0,0,4
6884,2024-04-21,4,11,3,27,1026,123.12,0.0,625.86,30.15,0,0,1,1,0
6885,2025-05-09,2,20,2,45,3825,459.0,0.0,2333.25,38.25,67.32,46.25,0,1,4
6886,2024-11-11,1,25,1,47,564,22.56,0.0,344.04,25.05,0,0,1,1,0
6887,2025-10-27,4,33,1,54,2052,164.16,0.0,1251.72,42.3,0,0,1,1,0
6888,2025-11-11,4,24,1,67,2546,0,0,1553.06,48.15,0,0,1,1,0
6889,2025-01-14,3,2,2,51,306,36.72,0.0,186.66,25.65,0,0,1,1,0
6890,2024-12-20,3,11,2,99,594,47.52,0.0,362.34,32.85,0,0,1,1,0
6891,2025-10-22,1,26,2,43,516,41.28,0.0,314.76,24.45,0,0,1,1,0
6892,2024-12-14,3,16,3,55,330,0,0,201.3,26.25,0,0,1,1,0
6893,2025-01-10,4,19,2,61,2318,278.16,0.0,1413.98,45.45,0,0,1,1,0
6894,2024-04-15,2,34,3,16,1360,54.4,0.0,829.6,25.2,26.11,39.0,0,0,2
6895,2024-07-24,3,38,1,91,546,0,0,333.06,31.65,0,0,1,1,0
6896,2025-08-08,4,18,2,82,3116,0,0,1900.76,54.9,0,0,1,1,0
6897,2024-10-23,4,37,3,34,1292,103.36,0.0,788.12,33.3,23.77,0,0,1,1
6898,2024-08-06,4,15,2,47,1786,142.88,0.0,1089.46,39.15,0,0,1,1,0
6899,2024-09-24,3,27,2,39,234,0,0,142.74,23.85,0,0,1,1,0
6900,2024-09-18,4,12,1,29,1102,132.24,0.0,672.22,31.05,0,0,1,1,0
6901,2024-02-07,3,12,3,15,90,7.2,0.0,54.9,20.25,0,0,1,1,0
6902,2024-07-08,1,39,3,56,672,0,0,409.92,26.4,0,0,1,1,0
6903,2025-08-27,2,3,3,38,3230,387.6,0.0,1970.3,35.1,56.85,0,0,1,1
6904,2025-08-08,1,25,2,26,312,24.96,0.0,190.32,21.9,5.74,41.5,0,1,2
6905,2025-08-13,4,25,1,51,1938,155.04,0.0,1182.18,40.95,0,0,1,1,0
6906,2025-11-27,3,34,2,77,462,55.44,0.0,281.82,29.55,0,0,1,1,0
6907,2024-07-30,3,44,2,54,324,38.88,0.0,197.64,26.1,0,0,1,1,0
6908,2024-07-06,2,21,2,10,850,0,0,518.5,22.5,17.0,0,0,1,1
6909,2025-10-22,4,5,1,27,1026,0,0,625.86,30.15,0,0,1,1,0
6910,2025-07-05,1,40,1,89,1068,85.44,0.0,651.48,31.35,19.65,0,0,1,1
6911,2024-02-14,2,34,1,40,3400,0,0,2074.0,36.0,0,0,1,1,0
6912,2025-10-26,4,31,3,86,3268,392.16,0.0,1993.48,56.7,0,0,1,1,0
6913,2025-02-24,2,28,2,78,6630,0,0,4044.3,53.1,0,0,1,1,0
6914,2024-04-10,3,12,1,19,114,9.12,0.0,69.54,20.85,0,0,1,1,0
6915,2024-03-05,3,19,2,79,474,37.92,0.0,289.14,29.85,8.72,0,0,1,1
6916,2024-12-06,2,1,1,81,6885,275.4,6609.6,4199.85,54.45,0,0,1,1,0
6917,2024-07-31,4,25,1,80,3040,364.8,0.0,1854.4,54.0,0,0,1,0,0
6918,2024-09-30,2,40,3,88,7480,0,0,4562.8,57.6,0,0,1,1,0
6919,2025-10-30,4,40,2,13,494,0,0,301.34,23.85,0,0,1,1,0
6920,2025-09-29,1,46,2,53,636,0,0,387.96,25.95,0,0,1,1,0
6921,2025-08-13,4,44,2,32,1216,48.64,0.0,741.76,32.4,0,0,1,1,0
6922,2024-08-12,3,37,3,67,402,16.08,0.0,245.22,28.05,7.72,0,0,1,1
6923,2024-01-20,3,29,3,75,450,0,0,274.5,29.25,0,0,1,1,0
6924,2025-02-18,1,32,1,76,912,0,0,556.32,29.4,0,0,1,1,0
6925,2025-08-06,2,12,1,100,8500,680.0,0.0,5185.0,63.0,0,0,1,1,0
6926,2025-10-25,2,22,1,87,7395,887.4,0.0,4510.95,57.15,0,0,1,1,0
6927,2025-01-18,4,15,3,47,1786,71.44,0.0,1089.46,39.15,0,0,1,1,0
6928,2025-06-27,1,44,3,20,240,0,0,146.4,21.0,4.8,0,0,1,1
6929,2025-12-15,3,18,1,31,186,7.44,0.0,113.46,22.65,0,0,1,1,0
6930,2025-12-11,3,30,1,89,534,42.72,0.0,325.74,31.35,0,0,1,1,0
6931,2024-12-17,4,20,1,69,2622,104.88,0.0,1599.42,49.05,0,0,1,1,0
6932,2024-11-14,4,37,2,94,3572,285.76,0.0,2178.92,60.3,0,0,1,1,0
6933,2025-06-29,1,36,2,65,780,31.2,0.0,475.8,27.75,0,0,1,1,0
6934,2025-04-14,3,4,2,36,216,8.64,0.0,131.76,23.4,0,0,1,1,0
6935,2025-10-03,3,21,3,44,264,21.12,0.0,161.04,24.6,4.86,46.0,0,1,4
6936,2025-08-26,2,40,1,83,7055,0,0,4303.55,55.35,0,0,1,1,0
6937,2025-07-07,2,35,1,50,4250,0,0,2592.5,40.5,0,0,1,1,0
6938,2024-03-06,3,4,2,11,66,5.28,0.0,40.26,19.65,1.21,0,0,1,1
6939,2024-03-07,4,33,1,97,3686,294.88,0.0,2248.46,61.65,67.82,0,0,1,1
6940,2024-06-25,3,42,2,23,138,0,0,84.18,21.45,2.76,40.75,0,0,4
6941,2024-09-17,4,21,3,50,1900,228.0,0.0,1159.0,40.5,0,0,1,0,0
6942,2024-11-28,3,34,3,29,174,0,0,106.14,22.35,0,0,1,1,0
6943,2025-09-24,2,39,3,55,4675,374.0,0.0,2851.75,42.75,0,0,1,1,0
6944,2024-05-10,1,25,1,81,972,38.88,0.0,592.92,30.15,0,0,1,1,0
6945,2025-08-11,4,19,1,29,1102,44.08,0.0,672.22,31.05,21.16,42.25,0,1,2
6946,2024-02-23,3,36,1,81,486,58.32,0.0,296.46,30.15,0,0,1,1,0
6947,2024-10-28,4,38,2,27,1026,82.08,0.0,625.86,30.15,18.88,0,0,1,1
6948,2024-10-11,1,5,3,58,696,27.84,0.0,424.56,26.7,13.36,0,0,1,1
6949,2024-05-23,1,5,2,45,540,43.2,0.0,329.4,24.75,0,0,1,1,0
6950,2025-12-22,2,7,3,39,3315,132.6,0.0,2022.15,35.55,0,0,1,1,0
6951,2025-02-08,2,47,3,59,5015,601.8,0.0,3059.15,44.55,0,0,1,1,0
6952,2024-05-22,3,25,3,40,240,0,0,146.4,24.0,0,0,1,1,0
6953,2025-10-11,1,14,3,88,1056,84.48,0.0,644.16,31.2,19.43,57.0,0,1,2
6954,2024-08-18,3,40,2,68,408,32.64,0.0,248.88,28.2,7.51,0,0,1,1
6955,2024-01-01,4,12,2,53,2014,241.68,0.0,1228.54,41.85,35.45,48.25,0,1,2
6956,2025-01-21,2,34,2,58,4930,591.6,0.0,3007.3,44.1,86.77,0,0,1,1
6957,2025-03-10,1,16,2,39,468,0,0,285.48,23.85,9.36,0,0,1,1
6958,2024-05-10,1,48,1,63,756,60.48,0.0,461.16,27.45,0,0,1,1,0
6959,2025-08-11,3,11,2,41,246,19.68,226.32,150.06,24.15,0,0,1,1,0
6960,2024-05-13,1,5,2,36,432,34.56,0.0,263.52,23.4,0,0,1,1,0
6961,2025-01-09,2,12,1,36,3060,122.4,0.0,1866.6,34.2,0,0,1,1,0
6962,2025-07-01,2,27,3,62,5270,632.4,0.0,3214.7,45.9,0,0,1,1,0
6963,2025-10-16,4,4,1,68,2584,206.72,0.0,1576.24,48.6,0,0,1,1,0
6964,2024-09-22,2,32,2,41,3485,0,0,2125.85,36.45,0,0,1,1,0
6965,2025-10-18,3,18,3,62,372,14.88,0.0,226.92,27.3,0,0,1,1,0
6966,2025-10-30,2,19,3,59,5015,401.2,0.0,3059.15,44.55,0,0,1,1,0
6967,2024-08-12,2,11,1,82,6970,0,0,4251.7,54.9,0,0,1,1,0
6968,2025-07-23,1,47,1,22,264,31.68,0.0,161.04,21.3,0,0,1,1,0
6969,2024-05-14,2,38,2,11,935,74.8,0.0,570.35,22.95,0,0,1,1,0
6970,2025-08-12,4,47,1,32,1216,145.92,0.0,741.76,32.4,0,0,1,1,0
6971,2025-08-23,4,22,3,25,950,114.0,0.0,579.5,29.25,16.72,41.25,0,1,2
6972,2025-06-15,2,3,3,89,7565,302.6,0.0,4614.65,58.05,145.25,0,0,1,1
6973,2024-12-15,1,29,3,56,672,80.64,0.0,409.92,26.4,11.83,0,0,1,1
6974,2025-05-10,2,5,1,43,3655,292.4,0.0,2229.55,37.35,0,0,1,1,0
6975,2025-09-21,2,15,2,67,5695,455.6,0.0,3473.95,48.15,0,0,1,1,0
6976,2024-02-03,4,6,2,75,2850,342.0,0.0,1738.5,51.75,0,0,1,1,0
6977,2025-03-12,4,43,1,44,1672,0,0,1019.92,37.8,33.44,0,0,1,1
6978,2024-10-07,2,38,2,45,3825,0,0,2333.25,38.25,0,0,1,0,0
6979,2024-05-08,3,22,2,87,522,41.76,0.0,318.42,31.05,0,0,1,1,0
6980,2024-03-13,1,39,3,97,1164,139.68,0.0,710.04,32.55,0,0,1,1,0
6981,2024-12-05,1,44,1,91,1092,131.04,0.0,666.12,31.65,0,0,1,1,0
6982,2025-04-07,4,44,3,57,2166,173.28,0.0,1321.26,43.65,39.85,0,0,1,1
6983,2024-06-14,4,11,1,55,2090,250.8,0.0,1274.9,42.75,0,0,1,1,0
6984,2024-10-25,4,1,3,55,2090,83.6,0.0,1274.9,42.75,40.13,48.75,0,1,2
6985,2025-06-01,3,24,2,64,384,15.36,0.0,234.24,27.6,0,0,1,1,0
6986,2024-01-09,3,45,2,48,288,0,0,175.68,25.2,0,0,1,1,0
6987,2025-07-14,3,13,2,29,174,0,0,106.14,22.35,0,0,1,1,0
6988,2024-06-27,2,33,2,28,2380,95.2,0.0,1451.8,30.6,0,0,1,1,0
6989,2024-11-03,3,1,1,37,222,26.64,0.0,135.42,23.55,0,0,1,1,0
6990,2024-09-25,1,13,3,11,132,10.56,0.0,80.52,19.65,0,0,1,0,0
6991,2024-03-08,1,25,3,14,168,13.44,0.0,102.48,20.1,0,0,1,1,0
6992,2025-04-04,4,18,3,49,1862,0,0,1135.82,40.05,0,0,1,1,0
6993,2025-12-27,2,10,3,86,7310,584.8,0.0,4459.1,56.7,134.5,56.5,0,1,2
6994,2024-09-07,1,46,3,73,876,70.08,0.0,534.36,28.95,0,0,1,1,0
6995,2025-11-04,4,42,1,99,3762,150.48,0.0,2294.82,62.55,0,0,1,1,0
6996,2024-09-03,4,33,1,97,3686,0,0,2248.46,61.65,0,0,1,1,0
6997,2025-11-08,1,41,1,63,756,30.24,0.0,461.16,27.45,0,0,1,1,0
6998,2024-03-11,1,39,1,35,420,33.6,0.0,256.2,23.25,0,0,1,1,0
6999,2025-02-10,2,7,2,71,6035,724.2,0.0,3681.35,49.95,0,0,1,1,0
7000,2024-05-18,4,2,2,30,1140,45.6,0.0,695.4,31.5,0,0,1,1,0
7001,2025-11-13,4,27,3,43,1634,65.36,0.0,996.74,37.35,31.37,45.75,0,1,4
7002,2025-05-10,2,9,2,100,8500,1020.0,0.0,5185.0,63.0,149.6,60.0,0,1,4
7003,2024-01-26,1,15,3,66,792,63.36,0.0,483.12,27.9,0,0,1,1,0
7004,2024-01-30,3,34,1,85,510,20.4,0.0,311.1,30.75,0,0,1,1,0
7005,2025-04-14,3,7,3,16,96,7.68,0.0,58.56,20.4,0,0,1,1,0
7006,2024-06-13,3,20,3,66,396,47.52,0.0,241.56,27.9,6.97,0,0,1,1
7007,2025-01-07,4,14,3,57,2166,259.92,0.0,1321.26,43.65,0,0,1,1,0
7008,2024-12-19,4,35,2,57,2166,173.28,0.0,1321.26,43.65,0,0,1,1,0
7009,2024-05-16,2,22,2,49,4165,0,0,2540.65,40.05,0,0,1,1,0
7010,2025-08-29,1,15,3,78,936,37.44,898.56,570.96,29.7,0,0,1,1,0
7011,2024-06-15,4,44,1,31,1178,47.12,0.0,718.58,31.95,0,0,1,1,0
7012,2024-01-04,1,2,2,29,348,0,0,212.28,22.35,0,0,1,1,0
7013,2025-06-11,4,14,2,58,2204,0,0,1344.44,44.1,0,0,1,1,0
7014,2025-12-08,2,44,2,17,1445,173.4,0.0,881.45,25.65,25.43,39.25,0,1,2
7015,2025-11-04,2,38,1,44,3740,448.8,0.0,2281.4,37.8,0,0,1,1,0
7016,2025-10-23,3,36,1,22,132,15.84,0.0,80.52,21.3,0,0,1,1,0
7017,2025-05-01,2,11,3,82,6970,278.8,0.0,4251.7,54.9,0,0,1,1,0
7018,2025-02-24,2,11,2,38,3230,387.6,0.0,1970.3,35.1,0,0,1,1,0
7019,2025-10-08,4,35,1,58,2204,176.32,0.0,1344.44,44.1,40.55,49.5,0,0,2
7020,2025-05-30,1,11,2,20,240,9.6,0.0,146.4,21.0,0,0,1,1,0
7021,2024-03-20,3,37,3,82,492,39.36,0.0,300.12,30.3,9.05,0,0,1,1
7022,2024-02-22,3,29,2,72,432,0,0,263.52,28.8,0,0,1,1,0
7023,2025-07-24,1,5,3,63,756,60.48,0.0,461.16,27.45,0,0,1,1,0
7024,2024-12-29,1,47,2,39,468,0,0,285.48,23.85,0,0,1,1,0
7025,2025-01-25,2,28,1,18,1530,0,0,933.3,26.1,30.6,39.5,0,1,2
7026,2025-02-27,1,48,2,32,384,30.72,0.0,234.24,22.8,0,0,1,1,0
7027,2024-02-12,2,10,3,63,5355,428.4,0.0,3266.55,46.35,0,0,1,1,0
7028,2025-07-24,3,40,1,55,330,39.6,0.0,201.3,26.25,5.81,48.75,0,1,2
7029,2024-10-26,2,42,1,68,5780,693.6,0.0,3525.8,48.6,0,0,1,0,0
7030,2024-06-17,4,11,2,38,1444,173.28,0.0,880.84,35.1,0,0,1,1,0
7031,2025-02-20,1,4,2,87,1044,0,0,636.84,31.05,0,0,1,1,0
7032,2025-11-08,1,9,1,100,1200,48.0,0.0,732.0,33.0,23.04,60.0,0,1,2
7033,2024-04-18,1,19,2,75,900,108.0,0.0,549.0,29.25,0,0,1,1,0
7034,2024-10-10,1,36,3,81,972,116.64,0.0,592.92,30.15,17.11,0,0,1,1
7035,2024-12-16,2,25,2,39,3315,397.8,0.0,2022.15,35.55,0,0,1,0,0
7036,2024-09-26,4,36,3,97,3686,442.32,0.0,2248.46,61.65,64.87,59.25,0,1,2
7037,2024-02-27,4,46,1,94,3572,142.88,0.0,2178.92,60.3,0,0,1,1,0
7038,2025-02-18,4,7,1,42,1596,191.52,0.0,973.56,36.9,0,0,1,0,0
7039,2025-02-05,2,4,2,23,1955,156.4,0.0,1192.55,28.35,0,0,1,1,0
7040,2025-12-17,3,19,1,22,132,10.56,0.0,80.52,21.3,0,0,1,1,0
7041,2024-05-13,2,4,3,60,5100,0,0,3111.0,45.0,102.0,0,0,1,1
7042,2024-12-17,4,18,3,47,1786,142.88,0.0,1089.46,39.15,0,0,1,1,0
7043,2024-06-07,1,48,1,52,624,24.96,0.0,380.64,25.8,11.98,48.0,0,1,4
7044,2025-11-14,4,48,2,78,2964,0,0,1808.04,53.1,59.28,54.5,0,1,4
7045,2025-11-08,1,15,1,78,936,37.44,0.0,570.96,29.7,17.97,54.5,0,1,2
7046,2025-11-14,1,32,3,80,960,0,0,585.6,30.0,0,0,1,1,0
7047,2024-02-16,4,5,2,96,3648,291.84,0.0,2225.28,61.2,0,0,1,1,0
7048,2025-10-26,4,18,1,18,684,0,0,417.24,26.1,13.68,0,0,1,1
7049,2025-08-10,3,12,3,70,420,0,0,256.2,28.5,8.4,0,0,1,1
7050,2024-12-09,3,47,2,76,456,36.48,0.0,278.16,29.4,0,0,1,1,0
7051,2025-02-26,2,21,1,76,6460,258.4,0.0,3940.6,52.2,0,0,1,1,0
7052,2024-04-22,2,20,2,22,1870,224.4,0.0,1140.7,27.9,0,0,1,1,0
7053,2025-11-08,4,14,1,82,3116,0,0,1900.76,54.9,0,0,1,1,0
7054,2024-02-04,1,4,1,87,1044,0,0,636.84,31.05,20.88,0,0,1,1
7055,2025-04-03,3,29,3,53,318,38.16,0.0,193.98,25.95,5.6,48.25,0,1,2
7056,2025-10-17,2,21,3,70,5950,476.0,0.0,3629.5,49.5,109.48,52.5,0,1,4
7057,2025-06-12,1,5,1,62,744,29.76,0.0,453.84,27.3,0,0,1,1,0
7058,2025-02-25,2,14,2,47,3995,159.8,0.0,2436.95,39.15,76.7,0,0,1,1
7059,2024-05-14,4,1,2,41,1558,0,0,950.38,36.45,0,0,1,1,0
7060,2024-11-12,3,31,1,59,354,42.48,0.0,215.94,26.85,0,0,1,1,0
7061,2024-10-13,2,29,2,66,5610,0,0,3422.1,47.7,0,0,1,1,0
7062,2025-07-05,2,34,1,52,4420,0,0,2696.2,41.4,0,0,1,1,0
7063,2025-01-16,3,43,3,40,240,19.2,0.0,146.4,24.0,4.42,45.0,0,1,2
7064,2024-11-25,1,8,3,65,780,31.2,0.0,475.8,27.75,0,0,1,1,0
7065,2024-11-08,1,10,1,66,792,95.04,0.0,483.12,27.9,13.94,0,0,1,1
7066,2025-05-23,4,1,1,73,2774,110.96,0.0,1692.14,50.85,53.26,0,0,1,1
7067,2025-10-03,4,48,3,76,2888,115.52,0.0,1761.68,52.2,0,0,1,1,0
7068,2025-11-01,2,32,1,50,4250,510.0,0.0,2592.5,40.5,0,0,1,1,0
7069,2025-06-26,1,27,3,55,660,26.4,0.0,402.6,26.25,0,0,1,1,0
7070,2024-10-26,2,41,3,97,8245,659.6,0.0,5029.45,61.65,151.71,0,0,0,1
7071,2025-08-03,3,27,3,69,414,16.56,0.0,252.54,28.35,7.95,0,0,1,1
7072,2025-05-22,4,46,3,94,3572,142.88,0.0,2178.92,60.3,0,0,1,1,0
7073,2024-06-01,4,40,1,42,1596,191.52,0.0,973.56,36.9,0,0,1,1,0
7074,2024-05-17,2,22,1,50,4250,510.0,0.0,2592.5,40.5,0,0,1,1,0
7075,2025-06-07,1,36,2,58,696,55.68,0.0,424.56,26.7,0,0,1,0,0
7076,2024-02-28,2,26,3,39,3315,0,0,2022.15,35.55,0,0,1,1,0
7077,2024-04-08,4,15,3,97,3686,147.44,0.0,2248.46,61.65,70.77,0,0,1,1
7078,2024-03-07,1,1,2,11,132,15.84,0.0,80.52,19.65,0,0,1,1,0
7079,2025-01-26,4,13,3,14,532,0,0,324.52,24.3,0,0,1,1,0
7080,2025-08-22,2,9,3,39,3315,265.2,0.0,2022.15,35.55,0,0,1,1,0
7081,2024-04-16,3,7,1,76,456,18.24,0.0,278.16,29.4,0,0,1,1,0
7082,2024-01-07,2,38,1,14,1190,142.8,0.0,725.9,24.3,0,0,1,1,0
7083,2024-10-09,3,11,1,53,318,25.44,0.0,193.98,25.95,5.85,0,0,1,1
7084,2024-05-21,2,32,1,79,6715,805.8,0.0,4096.15,53.55,0,0,1,1,0
7085,2025-06-03,1,28,2,70,840,0,0,512.4,28.5,0,0,1,1,0
7086,2025-12-04,3,41,2,94,564,67.68,0.0,344.04,32.1,0,0,1,1,0
7087,2025-06-28,2,44,2,18,1530,122.4,0.0,933.3,26.1,28.15,39.5,0,1,2
7088,2025-09-23,4,45,2,92,3496,279.68,0.0,2132.56,59.4,0,0,1,1,0
7089,2025-01-08,2,46,2,55,4675,0,0,2851.75,42.75,0,0,1,1,0
7090,2025-12-26,2,41,1,43,3655,146.2,0.0,2229.55,37.35,0,0,1,1,0
7091,2025-05-09,1,3,1,44,528,42.24,0.0,322.08,24.6,9.72,46.0,0,1,2
7092,2024-04-14,2,7,1,10,850,34.0,0.0,518.5,22.5,16.32,0,0,1,1
7093,2025-06-30,3,17,2,14,84,10.08,0.0,51.24,20.1,1.48,38.5,0,1,2
7094,2024-05-24,3,12,2,42,252,10.08,0.0,153.72,24.3,0,0,1,1,0
7095,2025-04-29,1,39,3,10,120,9.6,0.0,73.2,19.5,0,0,1,1,0
7096,2024-11-13,3,44,3,64,384,46.08,0.0,234.24,27.6,6.76,0,0,1,1
7097,2024-07-18,3,22,3,72,432,34.56,0.0,263.52,28.8,0,0,1,1,0
7098,2025-11-14,1,31,1,39,468,37.44,0.0,285.48,23.85,0,0,1,1,0
7099,2024-07-28,1,36,2,49,588,47.04,0.0,358.68,25.35,0,0,1,1,0
7100,2025-05-13,4,35,3,60,2280,182.4,2097.6,1390.8,45.0,0,0,1,1,0
7101,2025-11-27,4,17,2,23,874,0,0,533.14,28.35,0,0,1,1,0
7102,2024-08-10,2,46,1,44,3740,448.8,0.0,2281.4,37.8,0,0,1,1,0
7103,2025-07-15,4,19,1,64,2432,291.84,0.0,1483.52,46.8,0,0,1,1,0
7104,2025-09-24,3,43,1,74,444,53.28,0.0,270.84,29.1,0,0,1,1,0
7105,2025-07-28,3,36,3,64,384,0,0,234.24,27.6,0,0,1,1,0
7106,2025-09-23,3,45,2,20,120,0,0,73.2,21.0,2.4,40.0,0,1,2
7107,2025-12-07,4,45,1,13,494,39.52,0.0,301.34,23.85,9.09,0,0,1,1
7108,2025-01-01,2,1,3,29,2465,295.8,0.0,1503.65,31.05,0,0,1,1,0
7109,2024-06-03,4,10,3,100,3800,0,0,2318.0,63.0,76.0,60.0,0,1,2
7110,2025-03-24,1,23,1,62,744,59.52,0.0,453.84,27.3,13.69,0,0,1,1
7111,2024-05-26,2,48,1,72,6120,0,0,3733.2,50.4,122.4,0,0,1,1
7112,2024-02-19,4,27,2,24,912,109.44,0.0,556.32,28.8,0,0,1,1,0
7113,2024-12-30,4,28,1,20,760,0,0,463.6,27.0,15.2,0,0,1,1
7114,2024-05-10,4,19,1,75,2850,114.0,0.0,1738.5,51.75,0,0,1,1,0
7115,2024-05-27,1,10,1,64,768,92.16,0.0,468.48,27.6,0,0,1,0,0
7116,2024-10-05,1,29,2,15,180,7.2,0.0,109.8,20.25,0,0,1,1,0
7117,2025-01-01,2,20,1,68,5780,693.6,0.0,3525.8,48.6,0,0,1,1,0
7118,2024-01-10,1,8,2,22,264,0,0,161.04,21.3,0,0,1,1,0
7119,2024-07-06,4,31,1,51,1938,0,0,1182.18,40.95,0,0,1,1,0
7120,2024-01-16,1,48,2,71,852,102.24,0.0,519.72,28.65,0,0,1,0,0
7121,2025-11-15,3,21,2,48,288,11.52,0.0,175.68,25.2,0,0,1,1,0
7122,2025-03-27,1,18,2,51,612,73.44,0.0,373.32,25.65,10.77,0,0,1,1
7123,2024-11-16,1,47,3,65,780,0,0,475.8,27.75,0,0,1,1,0
7124,2025-03-15,3,13,1,62,372,0,0,226.92,27.3,0,0,1,1,0
7125,2025-06-18,3,18,2,13,78,3.12,0.0,47.58,19.95,0,0,1,1,0
7126,2024-01-25,1,32,3,12,144,5.76,0.0,87.84,19.8,2.76,0,0,1,1
7127,2024-05-02,4,38,2,70,2660,319.2,2340.8,1622.6,49.5,0,0,1,1,0
7128,2024-06-15,4,17,3,44,1672,66.88,0.0,1019.92,37.8,32.1,0,0,1,1
7129,2025-12-25,1,41,2,59,708,0,0,431.88,26.85,14.16,0,0,1,1
7130,2025-08-18,4,35,2,14,532,42.56,0.0,324.52,24.3,9.79,38.5,0,1,2
7131,2024-02-06,4,38,3,86,3268,392.16,0.0,1993.48,56.7,57.52,0,0,1,1
7132,2025-05-27,3,41,3,75,450,54.0,0.0,274.5,29.25,0,0,1,1,0
7133,2025-10-16,1,40,2,39,468,37.44,0.0,285.48,23.85,0,0,1,1,0
7134,2024-05-26,2,6,1,22,1870,74.8,0.0,1140.7,27.9,0,0,1,1,0
7135,2025-04-05,1,4,2,10,120,14.4,0.0,73.2,19.5,0,0,1,1,0
7136,2025-01-31,1,2,1,29,348,27.84,0.0,212.28,22.35,6.4,42.25,0,1,2
7137,2024-07-04,2,33,1,54,4590,183.6,0.0,2799.9,42.3,0,0,1,1,0
7138,2024-08-02,4,41,1,29,1102,0,0,672.22,31.05,0,0,1,1,0
7139,2025-11-30,1,24,2,35,420,0,0,256.2,23.25,8.4,0,0,1,1
7140,2024-01-30,4,9,1,75,2850,342.0,0.0,1738.5,51.75,0,0,1,1,0
7141,2025-12-30,3,32,2,29,174,0,0,106.14,22.35,0,0,1,1,0
7142,2024-09-20,2,12,2,23,1955,234.6,0.0,1192.55,28.35,0,0,1,1,0
7143,2025-12-13,1,48,2,50,600,0,0,366.0,25.5,0,0,1,1,0
7144,2025-03-16,4,7,1,36,1368,0,0,834.48,34.2,27.36,44.0,0,1,4
7145,2024-07-02,1,47,1,35,420,50.4,0.0,256.2,23.25,0,0,1,1,0
7146,2025-02-13,1,2,3,100,1200,0,0,732.0,33.0,24.0,60.0,0,1,4
7147,2025-09-05,4,35,3,53,2014,80.56,0.0,1228.54,41.85,0,0,1,1,0
7148,2024-03-22,3,25,2,51,306,24.48,0.0,186.66,25.65,0,0,1,0,0
7149,2024-07-29,4,45,1,83,3154,378.48,0.0,1923.94,55.35,0,0,1,1,0
7150,2025-08-08,4,36,1,48,1824,0,0,1112.64,39.6,0,0,1,1,0
7151,2025-02-02,4,6,3,43,1634,0,0,996.74,37.35,32.68,0,0,1,1
7152,2025-08-23,1,33,2,47,564,0,0,344.04,25.05,0,0,1,1,0
7153,2025-02-01,2,31,2,81,6885,275.4,0.0,4199.85,54.45,0,0,1,1,0
7154,2025-07-31,4,4,3,84,3192,127.68,0.0,1947.12,55.8,0,0,1,1,0
7155,2025-02-18,3,42,2,35,210,0,0,128.1,23.25,0,0,1,1,0
7156,2024-12-09,3,47,2,66,396,0,0,241.56,27.9,0,0,1,1,0
7157,2025-11-06,4,46,1,20,760,60.8,0.0,463.6,27.0,0,0,1,1,0
7158,2025-06-08,2,35,3,79,6715,537.2,0.0,4096.15,53.55,0,0,1,1,0
7159,2024-07-26,1,6,3,36,432,17.28,0.0,263.52,23.4,8.29,44.0,0,1,4
7160,2025-09-20,1,2,2,29,348,27.84,320.16,212.28,22.35,6.4,0,0,1,1
7161,2025-10-28,1,42,1,72,864,103.68,0.0,527.04,28.8,0,0,1,1,0
7162,2024-09-04,3,20,1,56,336,13.44,0.0,204.96,26.4,0,0,1,1,0
7163,2024-08-27,4,4,3,49,1862,148.96,0.0,1135.82,40.05,34.26,0,0,1,1
7164,2025-07-13,3,7,1,83,498,59.76,0.0,303.78,30.45,0,0,1,1,0
7165,2025-04-26,3,15,2,19,114,0,0,69.54,20.85,0,0,1,1,0
7166,2025-07-08,1,4,1,44,528,63.36,0.0,322.08,24.6,0,0,1,1,0
7167,2024-12-12,3,19,3,18,108,12.96,0.0,65.88,20.7,0,0,1,1,0
7168,2024-11-15,2,31,1,10,850,68.0,0.0,518.5,22.5,0,0,1,1,0
7169,2025-08-12,3,4,3,95,570,0,0,347.7,32.25,11.4,58.75,0,1,2
7170,2025-09-26,4,36,1,63,2394,191.52,0.0,1460.34,46.35,0,0,1,1,0
7171,2025-07-30,3,2,3,39,234,9.36,0.0,142.74,23.85,4.49,44.75,0,1,4
7172,2025-12-16,4,48,2,46,1748,139.84,0.0,1066.28,38.7,0,0,1,1,0
7173,2025-03-17,4,42,3,61,2318,92.72,0.0,1413.98,45.45,44.51,0,0,1,1
7174,2024-02-25,3,15,2,96,576,46.08,0.0,351.36,32.4,0,0,1,1,0
7175,2025-04-25,1,3,2,73,876,0,0,534.36,28.95,0,0,1,1,0
7176,2024-11-30,4,43,1,70,2660,106.4,0.0,1622.6,49.5,0,0,1,1,0
7177,2024-01-03,1,29,1,95,1140,0,0,695.4,32.25,0,0,1,0,0
7178,2025-01-10,3,3,3,17,102,12.24,89.76,62.22,20.55,0,0,1,1,0
7179,2025-10-25,1,41,3,52,624,49.92,0.0,380.64,25.8,11.48,0,0,1,1
7180,2024-11-15,2,35,1,68,5780,462.4,0.0,3525.8,48.6,0,0,1,1,0
7181,2025-02-19,3,19,1,73,438,17.52,0.0,267.18,28.95,0,0,1,1,0
7182,2024-04-28,2,22,2,68,5780,462.4,0.0,3525.8,48.6,0,0,1,1,0
7183,2025-09-22,4,32,1,25,950,38.0,0.0,579.5,29.25,0,0,1,1,0
7184,2024-10-28,2,8,2,63,5355,428.4,0.0,3266.55,46.35,98.53,0,0,1,1
7185,2024-02-02,2,3,1,99,8415,1009.8,0.0,5133.15,62.55,0,0,1,1,0
7186,2024-11-06,2,16,3,38,3230,0,0,1970.3,35.1,0,0,1,1,0
7187,2025-08-09,1,26,3,65,780,93.6,0.0,475.8,27.75,13.73,51.25,0,1,4
7188,2025-03-12,4,4,1,50,1900,152.0,0.0,1159.0,40.5,0,0,1,1,0
7189,2024-10-10,4,30,1,23,874,34.96,0.0,533.14,28.35,16.78,0,0,1,1
7190,2025-12-22,4,6,2,69,2622,209.76,0.0,1599.42,49.05,0,0,1,1,0
7191,2025-07-19,1,2,3,20,240,0,0,146.4,21.0,4.8,0,0,1,1
7192,2025-03-19,1,27,1,55,660,0,0,402.6,26.25,0,0,1,1,0
7193,2025-11-17,2,14,3,46,3910,312.8,0.0,2385.1,38.7,71.94,0,0,1,1
7194,2025-01-21,2,31,3,65,5525,221.0,0.0,3370.25,47.25,0,0,1,1,0
7195,2024-08-09,3,22,1,84,504,60.48,0.0,307.44,30.6,0,0,1,1,0
7196,2025-10-03,1,9,1,35,420,0,0,256.2,23.25,0,0,1,1,0
7197,2025-06-13,1,8,3,31,372,29.76,0.0,226.92,22.65,0,0,1,1,0
7198,2024-10-12,4,35,2,77,2926,234.08,0.0,1784.86,52.65,53.84,0,0,1,1
7199,2025-12-08,4,43,1,24,912,72.96,0.0,556.32,28.8,0,0,1,1,0
7200,2025-07-18,3,4,2,23,138,0,0,84.18,21.45,0,0,1,1,0
7201,2025-08-08,4,39,3,60,2280,0,0,1390.8,45.0,0,0,1,1,0
7202,2025-08-04,1,47,2,29,348,0,0,212.28,22.35,0,0,1,1,0
7203,2024-10-16,2,7,3,65,5525,663.0,0.0,3370.25,47.25,97.24,0,0,1,1
7204,2025-10-05,2,23,1,10,850,102.0,0.0,518.5,22.5,14.96,37.5,0,1,2
7205,2024-03-15,4,35,2,76,2888,0,0,1761.68,52.2,0,0,1,1,0
7206,2024-05-04,1,22,3,62,744,0,0,453.84,27.3,0,0,1,1,0
7207,2025-02-23,4,9,1,73,2774,221.92,0.0,1692.14,50.85,0,0,1,1,0
7208,2025-09-05,3,12,3,46,276,0,0,168.36,24.9,0,0,1,1,0
7209,2024-03-11,4,39,1,27,1026,41.04,0.0,625.86,30.15,0,0,1,1,0
7210,2025-01-14,4,22,3,59,2242,179.36,2062.64,1367.62,44.55,0,0,1,1,0
7211,2025-09-26,4,35,1,62,2356,188.48,0.0,1437.16,45.9,0,0,1,1,0
7212,2025-03-14,3,27,3,20,120,9.6,0.0,73.2,21.0,2.21,0,0,1,1
7213,2025-10-18,3,21,3,99,594,47.52,0.0,362.34,32.85,10.93,59.75,0,1,2
7214,2025-01-21,2,42,3,49,4165,333.2,0.0,2540.65,40.05,0,0,1,1,0
7215,2025-07-16,1,43,3,15,180,7.2,0.0,109.8,20.25,3.46,38.75,0,1,4
7216,2024-01-08,1,36,2,25,300,24.0,0.0,183.0,21.75,0,0,1,1,0
7217,2025-10-17,4,11,1,33,1254,50.16,0.0,764.94,32.85,0,0,1,1,0
7218,2024-06-10,2,12,3,96,8160,326.4,0.0,4977.6,61.2,0,0,1,1,0
7219,2025-06-22,1,11,3,78,936,112.32,0.0,570.96,29.7,16.47,0,0,1,1
7220,2024-10-08,4,46,2,22,836,0,0,509.96,27.9,0,0,1,1,0
7221,2024-03-15,2,21,2,86,7310,877.2,0.0,4459.1,56.7,128.66,56.5,0,1,4
7222,2025-06-25,3,33,1,49,294,0,0,179.34,25.35,0,0,1,1,0
7223,2025-05-29,4,44,1,21,798,0,0,486.78,27.45,0,0,1,1,0
7224,2024-06-12,4,10,3,66,2508,0,0,1529.88,47.7,0,0,1,1,0
7225,2025-02-14,1,40,2,74,888,106.56,0.0,541.68,29.1,0,0,1,1,0
7226,2025-07-18,3,22,1,45,270,10.8,0.0,164.7,24.75,5.18,46.25,0,1,2
7227,2025-10-14,1,37,3,49,588,47.04,0.0,358.68,25.35,10.82,47.25,0,1,2
7228,2025-01-30,2,26,3,95,8075,646.0,0.0,4925.75,60.75,148.58,0,0,1,1
7229,2025-03-05,2,39,2,32,2720,108.8,0.0,1659.2,32.4,0,0,1,1,0
7230,2024-10-17,2,27,2,32,2720,217.6,0.0,1659.2,32.4,50.05,43.0,0,1,4
7231,2024-04-15,3,15,3,75,450,18.0,0.0,274.5,29.25,0,0,1,1,0
7232,2025-10-13,2,20,2,50,4250,0,0,2592.5,40.5,0,0,1,0,0
7233,2024-12-18,3,31,1,79,474,56.88,0.0,289.14,29.85,0,0,1,1,0
7234,2025-04-25,3,28,1,44,264,10.56,0.0,161.04,24.6,5.07,46.0,0,1,4
7235,2025-02-02,3,39,3,60,360,43.2,0.0,219.6,27.0,0,0,1,1,0
7236,2025-06-09,2,47,1,91,7735,618.8,0.0,4718.35,58.95,142.32,0,0,1,1
7237,2024-08-05,3,22,2,17,102,0,0,62.22,20.55,0,0,1,0,0
7238,2024-07-12,3,32,1,33,198,23.76,0.0,120.78,22.95,0,0,1,1,0
7239,2024-07-25,1,6,1,76,912,0,0,556.32,29.4,0,0,1,1,0
7240,2024-07-03,3,1,2,81,486,0,0,296.46,30.15,0,0,1,0,0
7241,2025-10-20,1,28,1,77,924,110.88,0.0,563.64,29.55,0,0,1,1,0
7242,2024-07-28,3,43,1,76,456,18.24,0.0,278.16,29.4,0,0,1,1,0
7243,2024-11-04,4,32,2,89,3382,0,0,2063.02,58.05,0,0,1,1,0
7244,2024-06-17,3,18,3,57,342,0,0,208.62,26.55,0,0,1,1,0
7245,2024-07-21,2,35,3,77,6545,785.4,0.0,3992.45,52.65,0,0,1,1,0
7246,2024-05-07,1,47,3,95,1140,91.2,0.0,695.4,32.25,0,0,1,1,0
7247,2025-08-09,3,48,2,26,156,0,0,95.16,21.9,0,0,1,1,0
7248,2024-02-01,1,23,1,66,792,0,0,483.12,27.9,0,0,1,1,0
7249,2025-07-13,2,16,2,99,8415,1009.8,7405.2,5133.15,62.55,0,0,1,1,0
7250,2024-06-13,1,24,2,61,732,0,0,446.52,27.15,0,0,1,1,0
7251,2025-01-05,2,35,3,87,7395,0,0,4510.95,57.15,147.9,56.75,0,1,2
7252,2025-01-01,3,11,2,40,240,19.2,0.0,146.4,24.0,4.42,0,0,1,1
7253,2024-05-19,1,36,2,58,696,0,696,424.56,26.7,0,0,1,1,0
7254,2025-07-01,3,5,3,47,282,22.56,0.0,172.02,25.05,5.19,46.75,0,1,2
7255,2024-02-16,3,45,1,94,564,45.12,0.0,344.04,32.1,10.38,58.5,0,1,2
7256,2024-07-09,2,34,1,61,5185,0,0,3162.85,45.45,0,0,1,1,0
7257,2024-09-17,2,24,1,43,3655,438.6,0.0,2229.55,37.35,64.33,0,0,1,1
7258,2024-01-02,1,14,1,48,576,0,0,351.36,25.2,0,0,1,1,0
7259,2025-08-31,2,7,2,36,3060,367.2,0.0,1866.6,34.2,0,0,1,1,0
7260,2024-07-20,1,39,2,64,768,92.16,0.0,468.48,27.6,0,0,1,1,0
7261,2024-09-18,4,43,3,15,570,68.4,0.0,347.7,24.75,10.03,38.75,0,1,2
7262,2025-04-21,2,36,1,34,2890,231.2,0.0,1762.9,33.3,0,0,1,1,0
7263,2025-12-10,2,13,3,61,5185,414.8,0.0,3162.85,45.45,95.4,50.25,0,1,4
7264,2025-09-25,1,5,2,97,1164,139.68,0.0,710.04,32.55,0,0,1,1,0
7265,2024-06-07,2,42,1,17,1445,0,0,881.45,25.65,0,0,1,1,0
7266,2024-03-21,1,30,2,12,144,5.76,0.0,87.84,19.8,0,0,1,1,0
7267,2025-05-22,4,33,2,14,532,42.56,0.0,324.52,24.3,0,0,1,1,0
7268,2024-07-16,3,2,1,60,360,43.2,0.0,219.6,27.0,0,0,1,1,0
7269,2025-09-13,4,23,2,72,2736,0,0,1668.96,50.4,54.72,0,0,1,1
7270,2024-01-05,3,27,3,92,552,44.16,0.0,336.72,31.8,0,0,1,1,0
7271,2024-09-26,1,25,1,64,768,61.44,0.0,468.48,27.6,0,0,1,0,0
7272,2024-01-16,4,1,2,100,3800,152.0,0.0,2318.0,63.0,0,0,1,1,0
7273,2024-06-03,4,40,2,92,3496,139.84,0.0,2132.56,59.4,0,0,1,1,0
7274,2025-05-02,2,37,2,78,6630,265.2,0.0,4044.3,53.1,0,0,1,1,0
7275,2024-04-28,4,21,2,59,2242,0,0,1367.62,44.55,0,0,1,1,0
7276,2024-08-08,3,44,2,45,270,0,0,164.7,24.75,0,0,1,1,0
7277,2025-09-24,4,31,3,94,3572,0,0,2178.92,60.3,71.44,0,0,1,1
7278,2025-06-22,3,41,3,14,84,0,0,51.24,20.1,1.68,0,0,1,1
7279,2025-07-16,4,3,1,53,2014,161.12,0.0,1228.54,41.85,0,0,1,1,0
7280,2024-04-15,4,11,2,90,3420,136.8,0.0,2086.2,58.5,0,0,1,1,0
7281,2024-09-26,3,2,1,61,366,43.92,0.0,223.26,27.15,6.44,50.25,0,1,2
7282,2024-09-14,1,33,3,77,924,0,0,563.64,29.55,0,0,1,1,0
7283,2024-11-10,2,25,3,73,6205,248.2,0.0,3785.05,50.85,119.14,53.25,0,1,4
7284,2024-02-16,2,27,3,69,5865,703.8,0.0,3577.65,49.05,0,0,1,1,0
7285,2024-02-08,2,21,3,35,2975,357.0,0.0,1814.75,33.75,0,0,1,1,0
7286,2024-04-09,3,32,1,64,384,0,384,234.24,27.6,0,0,1,1,0
7287,2025-07-20,1,1,2,66,792,31.68,0.0,483.12,27.9,0,0,1,1,0
7288,2025-08-16,3,8,1,47,282,0,0,172.02,25.05,0,0,1,1,0
7289,2025-09-02,1,22,1,98,1176,0,0,717.36,32.7,0,0,1,1,0
7290,2024-02-19,4,19,3,77,2926,351.12,0.0,1784.86,52.65,0,0,1,1,0
7291,2024-03-03,4,39,2,16,608,24.32,583.68,370.88,25.2,0,0,1,0,0
7292,2025-09-06,4,1,3,58,2204,88.16,0.0,1344.44,44.1,42.32,49.5,0,1,2
7293,2025-01-21,3,18,1,67,402,48.24,0.0,245.22,28.05,0,0,1,1,0
7294,2025-10-05,1,21,2,76,912,72.96,0.0,556.32,29.4,0,0,1,1,0
7295,2024-07-27,2,35,3,99,8415,336.6,0.0,5133.15,62.55,0,0,1,1,0
7296,2025-09-13,1,5,1,88,1056,84.48,0.0,644.16,31.2,19.43,57.0,0,1,2
7297,2024-07-26,4,32,3,52,1976,0,0,1205.36,41.4,39.52,48.0,0,1,2
7298,2024-07-19,4,41,2,100,3800,304.0,0.0,2318.0,63.0,0,0,1,1,0
7299,2024-04-26,3,5,3,39,234,9.36,0.0,142.74,23.85,0,0,1,1,0
7300,2025-03-18,3,27,1,19,114,0,0,69.54,20.85,0,0,1,1,0
7301,2024-07-10,1,42,2,20,240,19.2,0.0,146.4,21.0,0,0,1,1,0
7302,2024-03-17,3,43,2,51,306,36.72,0.0,186.66,25.65,0,0,1,1,0
7303,2024-11-30,4,34,3,74,2812,224.96,0.0,1715.32,51.3,0,0,1,1,0
7304,2025-02-17,2,46,3,18,1530,183.6,0.0,933.3,26.1,26.93,39.5,0,1,4
7305,2024-01-17,4,3,1,19,722,28.88,0.0,440.42,26.55,0,0,1,1,0
7306,2025-01-25,3,33,3,83,498,59.76,0.0,303.78,30.45,0,0,1,1,0
7307,2025-07-03,2,13,2,46,3910,0,0,2385.1,38.7,0,0,1,1,0
7308,2024-08-03,4,39,1,95,3610,288.8,0.0,2202.1,60.75,66.42,58.75,0,1,2
7309,2024-02-20,1,9,1,94,1128,45.12,0.0,688.08,32.1,0,0,1,1,0
7310,2025-10-12,3,28,3,37,222,17.76,0.0,135.42,23.55,0,0,1,1,0
7311,2024-04-05,2,6,3,43,3655,292.4,0.0,2229.55,37.35,0,0,1,1,0
7312,2025-09-11,3,46,2,34,204,0,0,124.44,23.1,0,0,1,1,0
7313,2024-04-29,1,41,1,55,660,0,0,402.6,26.25,13.2,48.75,0,1,4
7314,2025-07-20,3,44,2,89,534,42.72,0.0,325.74,31.35,0,0,1,1,0
7315,2025-06-08,2,38,2,39,3315,265.2,0.0,2022.15,35.55,0,0,1,1,0
7316,2024-11-09,2,2,2,22,1870,224.4,0.0,1140.7,27.9,0,0,1,1,0
7317,2024-10-19,2,14,1,17,1445,0,0,881.45,25.65,0,0,1,1,0
7318,2025-06-26,4,1,3,64,2432,97.28,0.0,1483.52,46.8,0,0,1,1,0
7319,2024-04-10,4,27,2,41,1558,124.64,0.0,950.38,36.45,0,0,1,0,0
7320,2024-01-02,1,1,3,98,1176,94.08,0.0,717.36,32.7,0,0,1,1,0
7321,2024-05-17,2,16,2,90,7650,918.0,0.0,4666.5,58.5,0,0,1,1,0
7322,2025-01-16,3,29,2,43,258,20.64,0.0,157.38,24.45,0,0,1,1,0
7323,2025-03-18,2,34,3,75,6375,765.0,0.0,3888.75,51.75,112.2,0,0,1,1
7324,2025-01-15,2,11,1,23,1955,234.6,0.0,1192.55,28.35,34.41,40.75,0,1,2
7325,2024-10-01,1,14,3,10,120,4.8,0.0,73.2,19.5,0,0,1,1,0
7326,2024-05-09,2,37,1,79,6715,268.6,0.0,4096.15,53.55,0,0,1,1,0
7327,2025-12-25,3,11,2,24,144,5.76,0.0,87.84,21.6,2.76,0,0,1,1
7328,2025-10-18,4,42,3,76,2888,115.52,0.0,1761.68,52.2,55.45,0,0,1,1
7329,2025-04-26,2,19,3,100,8500,1020.0,0.0,5185.0,63.0,0,0,1,0,0
7330,2025-01-05,2,45,3,41,3485,278.8,0.0,2125.85,36.45,0,0,1,1,0
7331,2025-01-15,3,4,2,99,594,71.28,0.0,362.34,32.85,0,0,1,1,0
7332,2025-06-22,3,35,3,91,546,43.68,0.0,333.06,31.65,0,0,1,1,0
7333,2025-07-31,3,23,3,47,282,33.84,0.0,172.02,25.05,0,0,1,1,0
7334,2025-11-04,3,39,3,28,168,13.44,0.0,102.48,22.2,3.09,0,0,1,1
7335,2025-10-05,4,39,1,83,3154,0,0,1923.94,55.35,0,0,1,0,0
7336,2025-10-05,1,34,3,95,1140,91.2,0.0,695.4,32.25,0,0,1,1,0
7337,2024-11-24,2,33,1,54,4590,183.6,0.0,2799.9,42.3,0,0,1,1,0
7338,2025-06-12,4,36,1,91,3458,0,0,2109.38,58.95,0,0,1,1,0
7339,2025-09-28,4,8,2,62,2356,282.72,0.0,1437.16,45.9,0,0,1,1,0
7340,2025-07-20,2,34,3,90,7650,0,0,4666.5,58.5,153.0,0,0,1,1
7341,2024-06-30,2,18,2,16,1360,163.2,0.0,829.6,25.2,0,0,1,1,0
7342,2025-01-16,1,7,2,52,624,24.96,0.0,380.64,25.8,0,0,1,1,0
7343,2025-09-08,1,43,3,47,564,45.12,0.0,344.04,25.05,0,0,1,1,0
7344,2025-08-17,1,29,1,74,888,35.52,0.0,541.68,29.1,0,0,1,1,0
7345,2025-08-31,1,36,1,22,264,21.12,0.0,161.04,21.3,0,0,1,1,0
7346,2025-10-10,3,39,2,88,528,0,0,322.08,31.2,0,0,1,0,0
7347,2024-02-24,3,39,2,96,576,46.08,0.0,351.36,32.4,10.6,59.0,0,1,2
7348,2025-12-29,3,37,2,49,294,23.52,0.0,179.34,25.35,0,0,1,1,0
7349,2024-12-20,1,30,3,19,228,0,0,139.08,20.85,0,0,1,1,0
7350,2025-10-27,4,32,3,62,2356,282.72,0.0,1437.16,45.9,41.47,0,0,1,1
7351,2025-11-23,2,12,2,63,5355,0,0,3266.55,46.35,0,0,1,1,0
7352,2025-02-17,3,15,3,68,408,48.96,0.0,248.88,28.2,0,0,1,1,0
7353,2025-01-29,4,24,1,29,1102,88.16,0.0,672.22,31.05,20.28,0,0,1,1
7354,2024-12-25,1,6,1,22,264,10.56,0.0,161.04,21.3,0,0,1,1,0
7355,2024-05-10,2,5,3,91,7735,618.8,0.0,4718.35,58.95,0,0,1,1,0
7356,2024-01-14,2,15,3,60,5100,204.0,0.0,3111.0,45.0,97.92,50.0,0,1,2
7357,2024-04-24,3,31,1,59,354,28.32,0.0,215.94,26.85,0,0,1,1,0
7358,2024-08-19,1,39,1,93,1116,89.28,0.0,680.76,31.95,0,0,1,1,0
7359,2024-10-20,1,28,2,20,240,19.2,0.0,146.4,21.0,0,0,1,1,0
7360,2024-04-25,3,17,3,88,528,0,0,322.08,31.2,10.56,57.0,0,1,2
7361,2024-08-04,3,41,1,49,294,11.76,0.0,179.34,25.35,0,0,1,1,0
7362,2025-11-12,3,30,2,80,480,0,0,292.8,30.0,0,0,1,1,0
7363,2024-07-04,4,22,2,65,2470,296.4,0.0,1506.7,47.25,0,0,1,1,0
7364,2025-08-17,2,19,3,87,7395,0,0,4510.95,57.15,0,0,1,1,0
7365,2025-08-06,4,32,1,85,3230,387.6,0.0,1970.3,56.25,56.85,56.25,0,1,2
7366,2024-10-09,3,41,2,36,216,17.28,0.0,131.76,23.4,0,0,1,1,0
7367,2025-10-21,3,46,1,69,414,16.56,0.0,252.54,28.35,0,0,1,1,0
7368,2025-10-11,1,21,3,97,1164,46.56,0.0,710.04,32.55,22.35,0,0,1,1
7369,2024-08-09,2,21,1,10,850,102.0,0.0,518.5,22.5,0,0,1,1,0
7370,2024-12-13,4,41,1,72,2736,0,0,1668.96,50.4,0,0,1,1,0
7371,2025-10-08,1,21,2,75,900,108.0,0.0,549.0,29.25,0,0,1,1,0
7372,2024-08-17,1,35,1,37,444,53.28,0.0,270.84,23.55,7.81,44.25,0,1,4
7373,2024-12-24,1,26,2,79,948,113.76,0.0,578.28,29.85,0,0,1,1,0
7374,2025-09-21,2,29,1,42,3570,285.6,0.0,2177.7,36.9,0,0,1,1,0
7375,2025-01-26,1,41,2,63,756,0,0,461.16,27.45,0,0,1,1,0
7376,2025-07-30,2,41,3,54,4590,367.2,0.0,2799.9,42.3,0,0,1,1,0
7377,2024-06-30,2,33,1,54,4590,367.2,0.0,2799.9,42.3,84.46,48.5,0,1,2
7378,2024-06-21,1,24,2,70,840,0,0,512.4,28.5,0,0,1,1,0
7379,2024-07-03,1,8,1,99,1188,47.52,0.0,724.68,32.85,0,0,1,1,0
7380,2025-05-20,2,2,2,22,1870,0,0,1140.7,27.9,0,0,1,1,0
7381,2024-08-24,3,29,2,17,102,4.08,0.0,62.22,20.55,0,0,1,1,0
7382,2025-08-30,4,34,1,70,2660,106.4,0.0,1622.6,49.5,0,0,1,0,0
7383,2025-06-23,1,11,2,43,516,20.64,0.0,314.76,24.45,0,0,1,0,0
7384,2025-08-10,1,44,1,60,720,0,0,439.2,27.0,0,0,1,1,0
7385,2025-10-09,3,15,1,70,420,50.4,0.0,256.2,28.5,0,0,1,1,0
7386,2025-09-19,3,17,1,69,414,49.68,0.0,252.54,28.35,7.29,0,0,1,1
7387,2025-04-18,2,45,2,32,2720,217.6,0.0,1659.2,32.4,0,0,1,1,0
7388,2025-02-10,3,1,2,22,132,15.84,0.0,80.52,21.3,2.32,0,0,1,1
7389,2024-07-19,2,12,3,14,1190,95.2,1094.8,725.9,24.3,0,0,1,1,0
7390,2024-05-02,2,14,3,87,7395,591.6,0.0,4510.95,57.15,0,0,1,1,0
7391,2024-11-27,4,8,1,52,1976,0,0,1205.36,41.4,0,0,1,1,0
7392,2024-02-11,1,4,2,81,972,38.88,0.0,592.92,30.15,18.66,0,0,1,1
7393,2025-08-22,3,37,3,25,150,6.0,0.0,91.5,21.75,0,0,1,1,0
7394,2025-03-03,4,7,3,67,2546,0,0,1553.06,48.15,50.92,0,0,1,1
7395,2025-05-04,4,35,2,13,494,39.52,0.0,301.34,23.85,9.09,0,0,1,1
7396,2024-12-25,2,13,3,46,3910,469.2,0.0,2385.1,38.7,0,0,1,1,0
7397,2025-03-29,4,35,2,52,1976,0,0,1205.36,41.4,39.52,0,0,1,1
7398,2025-12-12,3,14,3,83,498,59.76,438.24,303.78,30.45,0,0,1,1,0
7399,2025-03-13,1,6,1,80,960,76.8,0.0,585.6,30.0,0,0,1,1,0
7400,2024-12-01,3,16,2,37,222,8.88,0.0,135.42,23.55,0,0,1,1,0
7401,2025-01-12,1,15,2,23,276,33.12,0.0,168.36,21.45,0,0,1,1,0
7402,2024-04-06,3,47,2,20,120,4.8,0.0,73.2,21.0,0,0,1,1,0
7403,2025-08-09,2,9,1,24,2040,81.6,0.0,1244.4,28.8,39.17,0,0,1,1
7404,2025-03-16,4,29,1,91,3458,138.32,0.0,2109.38,58.95,0,0,1,1,0
7405,2025-11-22,4,9,3,66,2508,200.64,0.0,1529.88,47.7,0,0,1,1,0
7406,2025-03-27,4,48,1,30,1140,91.2,0.0,695.4,31.5,20.98,0,0,1,1
7407,2025-09-13,2,17,1,82,6970,557.6,0.0,4251.7,54.9,0,0,1,1,0
7408,2024-06-29,1,32,2,38,456,18.24,0.0,278.16,23.7,0,0,1,1,0
7409,2025-10-01,3,20,2,54,324,12.96,0.0,197.64,26.1,0,0,1,1,0
7410,2025-12-01,2,11,2,65,5525,442.0,0.0,3370.25,47.25,0,0,1,1,0
7411,2024-02-11,3,41,1,91,546,0,0,333.06,31.65,10.92,0,0,1,1
7412,2025-03-01,4,45,3,50,1900,76.0,0.0,1159.0,40.5,0,0,1,1,0
7413,2024-10-25,4,27,1,20,760,30.4,0.0,463.6,27.0,0,0,1,1,0
7414,2025-01-30,2,39,2,78,6630,795.6,0.0,4044.3,53.1,0,0,1,1,0
7415,2024-01-22,2,8,3,51,4335,520.2,0.0,2644.35,40.95,0,0,1,1,0
7416,2024-09-11,2,13,2,66,5610,448.8,0.0,3422.1,47.7,0,0,1,1,0
7417,2025-12-03,1,44,2,28,336,26.88,0.0,204.96,22.2,6.18,42.0,0,1,2
7418,2024-02-20,4,26,3,79,3002,360.24,0.0,1831.22,53.55,0,0,1,1,0
7419,2025-02-17,4,17,2,76,2888,346.56,0.0,1761.68,52.2,0,0,1,1,0
7420,2024-09-23,3,5,1,44,264,31.68,0.0,161.04,24.6,0,0,1,1,0
7421,2024-01-15,4,8,3,45,1710,136.8,0.0,1043.1,38.25,0,0,1,0,0
7422,2025-08-12,4,31,1,58,2204,264.48,0.0,1344.44,44.1,38.79,49.5,0,1,4
7423,2024-08-12,4,37,3,44,1672,133.76,0.0,1019.92,37.8,30.76,0,0,1,1
7424,2025-08-28,4,6,2,92,3496,419.52,0.0,2132.56,59.4,0,0,1,1,0
7425,2025-06-16,3,22,2,56,336,26.88,0.0,204.96,26.4,0,0,1,1,0
7426,2024-05-19,2,37,3,43,3655,438.6,0.0,2229.55,37.35,64.33,45.75,0,1,2
7427,2024-03-12,2,47,3,72,6120,244.8,0.0,3733.2,50.4,117.5,0,0,1,1
7428,2024-04-20,2,1,1,57,4845,193.8,0.0,2955.45,43.65,93.02,0,0,1,1
7429,2025-05-11,4,16,1,29,1102,44.08,0.0,672.22,31.05,0,0,1,1,0
7430,2024-12-27,2,8,3,96,8160,326.4,0.0,4977.6,61.2,156.67,59.0,0,1,2
7431,2025-01-24,2,6,1,72,6120,734.4,0.0,3733.2,50.4,107.71,53.0,0,1,4
7432,2025-03-30,1,48,2,81,972,38.88,0.0,592.92,30.15,0,0,1,1,0
7433,2025-11-10,2,17,3,46,3910,0,0,2385.1,38.7,78.2,0,0,1,1
7434,2024-08-17,3,2,3,19,114,9.12,0.0,69.54,20.85,2.1,39.75,0,1,4
7435,2024-05-29,3,28,3,27,162,0,0,98.82,22.05,0,0,1,1,0
7436,2024-01-26,2,35,3,93,7905,632.4,0.0,4822.05,59.85,0,0,1,1,0
7437,2025-05-12,2,36,2,35,2975,119.0,0.0,1814.75,33.75,0,0,1,1,0
7438,2025-03-01,3,5,2,13,78,6.24,0.0,47.58,19.95,0,0,1,1,0
7439,2025-04-25,3,30,2,28,168,6.72,0.0,102.48,22.2,0,0,1,1,0
7440,2025-04-13,1,14,1,88,1056,0,0,644.16,31.2,0,0,1,1,0
7441,2024-04-28,1,26,3,70,840,0,0,512.4,28.5,0,0,1,1,0
7442,2024-04-01,3,24,2,93,558,0,0,340.38,31.95,0,0,1,1,0
7443,2025-07-27,4,2,3,22,836,33.44,0.0,509.96,27.9,16.05,0,0,1,1
7444,2025-12-25,1,47,2,64,768,30.72,0.0,468.48,27.6,14.75,51.0,0,1,4
7445,2024-11-27,4,37,3,89,3382,135.28,0.0,2063.02,58.05,64.93,57.25,0,1,2
7446,2025-05-15,2,25,1,25,2125,170.0,0.0,1296.25,29.25,39.1,0,0,1,1
7447,2024-12-14,3,2,2,74,444,35.52,0.0,270.84,29.1,8.17,0,0,1,1
7448,2025-05-23,3,28,3,53,318,25.44,0.0,193.98,25.95,5.85,0,0,1,1
7449,2025-07-19,1,36,3,93,1116,89.28,0.0,680.76,31.95,0,0,1,1,0
7450,2025-09-28,2,22,3,22,1870,149.6,0.0,1140.7,27.9,0,0,1,1,0
7451,2025-07-18,4,36,1,30,1140,91.2,0.0,695.4,31.5,0,0,1,1,0
7452,2024-12-22,1,13,1,70,840,33.6,0.0,512.4,28.5,0,0,1,1,0
7453,2025-02-02,2,22,2,82,6970,0,0,4251.7,54.9,0,0,1,1,0
7454,2025-09-02,2,41,3,77,6545,785.4,0.0,3992.45,52.65,115.19,54.25,0,1,2
7455,2025-04-22,4,2,2,51,1938,155.04,0.0,1182.18,40.95,35.66,47.75,0,1,2
7456,2024-03-29,2,48,2,69,5865,0,0,3577.65,49.05,117.3,52.25,0,1,2
7457,2024-07-29,1,14,3,29,348,41.76,0.0,212.28,22.35,0,0,1,1,0
7458,2024-07-20,1,6,2,83,996,0,0,607.56,30.45,0,0,1,1,0
7459,2024-01-13,3,9,1,36,216,25.92,0.0,131.76,23.4,0,0,1,1,0
7460,2024-11-03,4,46,2,74,2812,0,0,1715.32,51.3,0,0,1,1,0
7461,2024-04-19,4,27,2,84,3192,255.36,0.0,1947.12,55.8,0,0,1,1,0
7462,2025-12-07,2,37,1,52,4420,176.8,0.0,2696.2,41.4,0,0,1,1,0
7463,2025-05-15,4,4,1,45,1710,68.4,0.0,1043.1,38.25,0,0,1,1,0
7464,2024-05-02,3,45,1,90,540,43.2,0.0,329.4,31.5,0,0,1,1,0
7465,2025-04-11,2,3,3,32,2720,217.6,0.0,1659.2,32.4,0,0,1,1,0
7466,2025-01-27,2,36,3,19,1615,193.8,0.0,985.15,26.55,28.42,0,0,1,1
7467,2024-10-21,4,44,2,55,2090,0,0,1274.9,42.75,0,0,1,1,0
7468,2025-10-25,4,2,2,82,3116,249.28,0.0,1900.76,54.9,0,0,1,1,0
7469,2025-06-15,1,21,3,50,600,72.0,0.0,366.0,25.5,0,0,1,1,0
7470,2025-08-20,3,25,3,22,132,0,132,80.52,21.3,2.64,40.5,0,1,2
7471,2024-09-12,4,20,1,87,3306,396.72,0.0,2016.66,57.15,0,0,1,1,0
7472,2024-10-25,2,19,1,92,7820,0,0,4770.2,59.4,0,0,1,1,0
7473,2025-06-29,3,43,2,67,402,32.16,0.0,245.22,28.05,0,0,1,0,0
7474,2025-08-13,3,20,2,65,390,31.2,0.0,237.9,27.75,0,0,1,1,0
7475,2024-01-07,2,45,3,70,5950,238.0,0.0,3629.5,49.5,0,0,1,1,0
7476,2025-01-23,4,7,2,40,1520,121.6,0.0,927.2,36.0,0,0,1,1,0
7477,2025-10-08,4,48,2,35,1330,53.2,0.0,811.3,33.75,0,0,1,1,0
7478,2024-07-12,1,23,2,49,588,23.52,0.0,358.68,25.35,0,0,1,1,0
7479,2024-09-14,2,27,3,95,8075,969.0,0.0,4925.75,60.75,142.12,58.75,0,1,4
7480,2024-06-21,1,10,3,20,240,0,0,146.4,21.0,0,0,1,1,0
7481,2025-06-30,1,13,3,64,768,30.72,0.0,468.48,27.6,14.75,0,0,1,1
7482,2024-04-17,2,24,2,28,2380,190.4,0.0,1451.8,30.6,0,0,1,1,0
7483,2025-08-19,4,13,3,38,1444,115.52,0.0,880.84,35.1,0,0,1,1,0
7484,2024-06-28,1,13,1,67,804,96.48,0.0,490.44,28.05,14.15,0,0,1,1
7485,2025-08-26,1,23,3,47,564,45.12,0.0,344.04,25.05,0,0,1,1,0
7486,2025-01-17,3,28,3,54,324,0,0,197.64,26.1,6.48,48.5,0,1,4
7487,2024-10-08,2,6,1,67,5695,683.4,0.0,3473.95,48.15,0,0,1,1,0
7488,2025-02-16,4,44,2,14,532,42.56,0.0,324.52,24.3,0,0,1,1,0
7489,2025-01-28,3,21,2,55,330,0,0,201.3,26.25,0,0,1,1,0
7490,2025-09-22,4,37,3,16,608,72.96,0.0,370.88,25.2,0,0,1,1,0
7491,2025-07-13,1,28,3,95,1140,0,0,695.4,32.25,22.8,58.75,0,1,2
7492,2024-12-01,2,41,2,21,1785,0,1785,1088.85,27.45,0,0,1,1,0
7493,2024-09-23,4,24,1,44,1672,66.88,0.0,1019.92,37.8,0,0,1,1,0
7494,2025-11-27,2,26,3,16,1360,54.4,0.0,829.6,25.2,26.11,39.0,0,1,4
7495,2025-01-12,1,11,2,24,288,23.04,0.0,175.68,21.6,0,0,1,0,0
7496,2025-09-27,2,13,3,76,6460,516.8,0.0,3940.6,52.2,118.86,0,0,1,1
7497,2025-04-10,3,9,1,27,162,0,0,98.82,22.05,0,0,1,1,0
7498,2025-05-30,4,45,1,77,2926,117.04,0.0,1784.86,52.65,0,0,1,1,0
7499,2024-03-27,1,45,1,74,888,35.52,0.0,541.68,29.1,0,0,1,1,0
7500,2024-11-10,3,2,1,33,198,15.84,0.0,120.78,22.95,0,0,1,1,0
7501,2025-02-06,4,17,1,24,912,109.44,0.0,556.32,28.8,16.05,0,0,1,1
7502,2024-09-29,2,37,1,94,7990,0,0,4873.9,60.3,0,0,1,1,0
7503,2024-11-05,4,33,2,60,2280,273.6,0.0,1390.8,45.0,40.13,50.0,0,1,2
7504,2024-04-01,1,2,2,22,264,0,0,161.04,21.3,0,0,1,1,0
7505,2025-12-01,1,24,3,80,960,38.4,0.0,585.6,30.0,18.43,55.0,0,1,2
7506,2024-11-26,3,38,2,48,288,11.52,0.0,175.68,25.2,0,0,1,1,0
7507,2024-12-10,3,19,1,21,126,15.12,0.0,76.86,21.15,0,0,1,1,0
7508,2024-06-20,1,2,3,67,804,64.32,0.0,490.44,28.05,0,0,1,1,0
7509,2025-05-08,1,40,1,28,336,0,0,204.96,22.2,6.72,0,0,1,1
7510,2025-02-23,3,1,3,34,204,24.48,0.0,124.44,23.1,3.59,0,0,1,1
7511,2024-08-31,1,36,3,81,972,0,0,592.92,30.15,0,0,1,1,0
7512,2025-05-09,2,20,2,92,7820,312.8,0.0,4770.2,59.4,0,0,1,1,0
7513,2025-04-15,2,7,1,33,2805,336.6,0.0,1711.05,32.85,0,0,1,1,0
7514,2025-11-03,2,21,3,63,5355,214.2,0.0,3266.55,46.35,0,0,1,1,0
7515,2025-10-16,3,35,1,76,456,36.48,0.0,278.16,29.4,8.39,54.0,0,0,4
7516,2024-12-09,3,34,1,64,384,0,0,234.24,27.6,0,0,1,1,0
7517,2025-05-13,3,20,1,46,276,33.12,0.0,168.36,24.9,0,0,1,1,0
7518,2025-04-30,2,43,1,72,6120,734.4,0.0,3733.2,50.4,0,0,1,1,0
7519,2025-04-15,4,14,1,59,2242,0,0,1367.62,44.55,0,0,1,1,0
7520,2025-05-25,2,13,2,34,2890,231.2,0.0,1762.9,33.3,0,0,1,1,0
7521,2024-10-18,3,46,2,42,252,30.24,0.0,153.72,24.3,4.44,45.5,0,1,2
7522,2024-06-01,3,44,2,68,408,16.32,0.0,248.88,28.2,0,0,1,1,0
7523,2024-06-01,2,3,3,100,8500,680.0,0.0,5185.0,63.0,156.4,0,0,1,1
7524,2024-12-15,4,24,1,19,722,28.88,0.0,440.42,26.55,13.86,39.75,0,1,2
7525,2025-05-27,1,31,3,21,252,20.16,0.0,153.72,21.15,4.64,40.25,0,1,2
7526,2024-08-29,1,11,2,12,144,5.76,0.0,87.84,19.8,0,0,1,1,0
7527,2025-08-10,2,36,3,32,2720,217.6,0.0,1659.2,32.4,0,0,1,1,0
7528,2025-04-06,4,25,3,90,3420,0,0,2086.2,58.5,0,0,1,1,0
7529,2024-11-29,4,22,3,55,2090,0,0,1274.9,42.75,0,0,1,1,0
7530,2024-01-17,4,20,3,34,1292,155.04,0.0,788.12,33.3,0,0,1,1,0
7531,2025-04-03,2,25,2,56,4760,380.8,0.0,2903.6,43.2,0,0,1,1,0
7532,2025-01-10,3,31,1,31,186,0,0,113.46,22.65,0,0,1,1,0
7533,2024-11-30,4,6,3,86,3268,0,0,1993.48,56.7,65.36,0,0,1,1
7534,2024-10-28,1,27,1,27,324,38.88,0.0,197.64,22.05,5.7,41.75,0,1,2
7535,2025-10-31,3,25,2,62,372,29.76,0.0,226.92,27.3,0,0,1,1,0
7536,2024-05-19,4,4,2,75,2850,228.0,0.0,1738.5,51.75,0,0,1,1,0
7537,2024-10-22,2,32,1,53,4505,0,0,2748.05,41.85,0,0,1,1,0
7538,2024-07-08,1,28,1,89,1068,42.72,0.0,651.48,31.35,20.51,0,0,1,1
7539,2024-04-06,3,31,3,24,144,11.52,0.0,87.84,21.6,0,0,1,1,0
7540,2025-07-27,4,23,3,52,1976,158.08,1817.92,1205.36,41.4,36.36,48.0,0,1,2
7541,2024-04-21,4,21,1,11,418,0,0,254.98,22.95,0,0,1,1,0
7542,2024-01-06,2,3,3,60,5100,612.0,0.0,3111.0,45.0,89.76,50.0,0,1,2
7543,2024-04-20,4,30,3,64,2432,0,0,1483.52,46.8,48.64,51.0,0,1,2
7544,2025-03-31,1,33,1,36,432,0,0,263.52,23.4,0,0,1,1,0
7545,2024-12-07,1,9,1,44,528,0,0,322.08,24.6,10.56,46.0,0,1,2
7546,2024-07-04,1,3,1,97,1164,93.12,0.0,710.04,32.55,0,0,1,1,0
7547,2024-06-26,2,42,2,20,1700,68.0,0.0,1037.0,27.0,0,0,1,1,0
7548,2025-05-26,1,8,1,85,1020,0,0,622.2,30.75,0,0,1,1,0
7549,2025-01-24,2,7,1,28,2380,285.6,0.0,1451.8,30.6,0,0,1,0,0
7550,2024-02-17,2,13,1,13,1105,132.6,0.0,674.05,23.85,19.45,38.25,0,1,2
7551,2024-12-21,1,35,1,80,960,76.8,0.0,585.6,30.0,17.66,0,0,1,1
7552,2025-05-03,2,28,1,23,1955,234.6,0.0,1192.55,28.35,0,0,1,1,0
7553,2024-11-29,1,32,3,14,168,0,0,102.48,20.1,0,0,1,1,0
7554,2024-07-03,4,1,1,64,2432,194.56,0.0,1483.52,46.8,0,0,1,1,0
7555,2024-05-26,3,23,1,11,66,7.92,0.0,40.26,19.65,0,0,1,1,0
7556,2024-08-25,3,2,1,14,84,6.72,0.0,51.24,20.1,0,0,1,1,0
7557,2025-06-03,3,34,2,63,378,45.36,0.0,230.58,27.45,0,0,1,1,0
7558,2024-08-21,4,26,2,94,3572,142.88,0.0,2178.92,60.3,0,0,1,1,0
7559,2024-10-26,2,16,1,97,8245,989.4,0.0,5029.45,61.65,0,0,1,0,0
7560,2024-02-02,3,2,1,81,486,19.44,0.0,296.46,30.15,0,0,1,1,0
7561,2024-10-04,2,3,1,83,7055,846.6,0.0,4303.55,55.35,0,0,1,1,0
7562,2024-05-23,2,45,2,21,1785,71.4,0.0,1088.85,27.45,0,0,1,1,0
7563,2025-04-11,4,31,3,57,2166,0,0,1321.26,43.65,43.32,49.25,0,0,4
7564,2025-07-07,2,10,3,67,5695,455.6,0.0,3473.95,48.15,104.79,51.75,0,1,2
7565,2024-05-06,3,17,3,79,474,0,0,289.14,29.85,0,0,1,1,0
7566,2024-07-12,2,30,3,16,1360,54.4,0.0,829.6,25.2,0,0,1,1,0
7567,2024-09-22,1,44,1,58,696,55.68,0.0,424.56,26.7,12.81,49.5,0,1,2
7568,2025-09-11,4,18,3,48,1824,218.88,1605.12,1112.64,39.6,32.1,0,0,1,1
7569,2024-03-27,3,2,1,40,240,19.2,0.0,146.4,24.0,4.42,45.0,0,1,2
7570,2025-03-28,4,32,2,50,1900,0,0,1159.0,40.5,0,0,1,1,0
7571,2025-12-15,2,18,2,92,7820,312.8,0.0,4770.2,59.4,0,0,1,1,0
7572,2024-06-17,3,37,1,48,288,11.52,0.0,175.68,25.2,0,0,1,1,0
7573,2024-03-13,4,26,2,90,3420,0,0,2086.2,58.5,68.4,57.5,0,1,2
7574,2024-04-05,3,40,2,14,84,0,0,51.24,20.1,0,0,1,1,0
7575,2024-07-14,1,48,2,68,816,32.64,0.0,497.76,28.2,15.67,52.0,0,1,2
7576,2024-05-02,2,31,3,80,6800,0,6800,4148.0,54.0,0,0,1,1,0
7577,2025-02-21,3,1,3,36,216,8.64,0.0,131.76,23.4,0,0,1,1,0
7578,2025-02-11,2,26,3,36,3060,122.4,2937.6,1866.6,34.2,0,0,1,1,0
7579,2024-12-22,2,33,1,99,8415,673.2,0.0,5133.15,62.55,0,0,1,1,0
7580,2025-12-13,3,20,1,56,336,40.32,0.0,204.96,26.4,5.91,49.0,0,1,2
7581,2024-06-16,2,20,3,98,8330,0,0,5081.3,62.1,0,0,1,1,0
7582,2024-07-12,4,40,1,95,3610,288.8,0.0,2202.1,60.75,0,0,1,1,0
7583,2024-07-27,4,3,1,77,2926,351.12,0.0,1784.86,52.65,0,0,1,1,0
7584,2025-12-28,4,32,3,31,1178,47.12,0.0,718.58,31.95,0,0,1,1,0
7585,2025-01-10,2,15,3,37,3145,125.8,0.0,1918.45,34.65,0,0,1,1,0
7586,2024-05-28,3,11,3,67,402,0,402,245.22,28.05,8.04,51.75,0,1,4
7587,2024-06-14,3,28,3,28,168,13.44,0.0,102.48,22.2,0,0,1,1,0
7588,2025-12-28,4,6,2,14,532,0,0,324.52,24.3,10.64,38.5,0,1,2
7589,2025-05-06,2,22,1,11,935,37.4,0.0,570.35,22.95,17.95,0,0,1,1
7590,2024-07-03,2,42,3,47,3995,0,0,2436.95,39.15,0,0,1,1,0
7591,2025-12-24,1,34,2,72,864,103.68,0.0,527.04,28.8,0,0,1,1,0
7592,2025-01-19,2,11,3,54,4590,183.6,0.0,2799.9,42.3,0,0,1,1,0
7593,2025-03-13,2,23,2,63,5355,428.4,0.0,3266.55,46.35,0,0,1,1,0
7594,2025-02-28,3,14,1,20,120,14.4,0.0,73.2,21.0,0,0,1,0,0
7595,2025-09-20,1,15,2,36,432,51.84,0.0,263.52,23.4,0,0,1,1,0
7596,2024-05-26,1,33,2,80,960,76.8,0.0,585.6,30.0,17.66,0,0,1,1
7597,2025-07-28,2,38,2,12,1020,122.4,0.0,622.2,23.4,0,0,1,1,0
7598,2025-11-08,3,34,3,52,312,0,0,190.32,25.8,0,0,1,1,0
7599,2024-09-19,4,24,3,56,2128,255.36,0.0,1298.08,43.2,0,0,1,1,0
7600,2024-06-21,4,5,1,39,1482,118.56,0.0,904.02,35.55,0,0,1,1,0
7601,2025-06-30,1,29,1,56,672,0,0,409.92,26.4,0,0,1,1,0
7602,2024-10-05,1,12,2,45,540,64.8,0.0,329.4,24.75,0,0,1,1,0
7603,2024-06-24,1,10,2,31,372,44.64,0.0,226.92,22.65,0,0,1,1,0
7604,2025-08-11,4,1,2,83,3154,0,0,1923.94,55.35,0,0,1,1,0
7605,2024-08-08,1,30,3,29,348,13.92,0.0,212.28,22.35,0,0,1,1,0
7606,2024-11-03,2,2,2,21,1785,214.2,0.0,1088.85,27.45,31.42,40.25,0,1,2
7607,2025-09-09,3,35,3,99,594,47.52,0.0,362.34,32.85,10.93,0,0,1,1
7608,2025-09-24,4,16,2,57,2166,173.28,0.0,1321.26,43.65,0,0,1,1,0
7609,2024-02-13,1,29,1,31,372,44.64,0.0,226.92,22.65,6.55,42.75,0,1,2
7610,2024-01-27,3,33,3,96,576,69.12,0.0,351.36,32.4,10.14,0,0,1,1
7611,2025-06-21,2,11,3,30,2550,306.0,0.0,1555.5,31.5,0,0,1,1,0
7612,2024-03-01,2,3,2,88,7480,0,0,4562.8,57.6,149.6,57.0,0,1,4
7613,2024-07-23,4,15,2,88,3344,401.28,0.0,2039.84,57.6,0,0,1,1,0
7614,2025-08-29,3,6,3,53,318,38.16,0.0,193.98,25.95,0,0,1,1,0
7615,2025-01-31,4,6,2,86,3268,0,0,1993.48,56.7,0,0,1,1,0
7616,2025-11-24,4,34,1,53,2014,80.56,0.0,1228.54,41.85,0,0,1,1,0
7617,2024-04-20,3,32,2,28,168,0,0,102.48,22.2,0,0,1,1,0
7618,2025-08-12,2,5,3,22,1870,74.8,0.0,1140.7,27.9,35.9,0,0,1,1
7619,2025-02-20,2,24,3,58,4930,394.4,0.0,3007.3,44.1,90.71,49.5,0,1,4
7620,2024-01-24,3,12,3,100,600,72.0,0.0,366.0,33.0,0,0,1,1,0
7621,2025-06-18,2,2,3,76,6460,0,0,3940.6,52.2,129.2,0,0,1,1
7622,2024-02-17,2,1,2,45,3825,459.0,0.0,2333.25,38.25,0,0,1,1,0
7623,2024-02-13,2,34,1,71,6035,724.2,0.0,3681.35,49.95,0,0,1,1,0
7624,2024-12-06,4,15,3,19,722,28.88,0.0,440.42,26.55,0,0,1,1,0
7625,2024-07-16,3,15,3,27,162,0,0,98.82,22.05,0,0,1,1,0
7626,2025-05-08,3,25,2,51,306,24.48,0.0,186.66,25.65,0,0,1,1,0
7627,2024-09-25,1,17,1,22,264,10.56,0.0,161.04,21.3,0,0,1,1,0
7628,2024-07-04,3,16,2,90,540,64.8,0.0,329.4,31.5,0,0,1,1,0
7629,2024-05-11,1,6,1,59,708,28.32,0.0,431.88,26.85,0,0,1,1,0
7630,2025-02-07,3,19,3,98,588,0,0,358.68,32.7,11.76,59.5,0,1,2
7631,2025-02-28,1,24,1,58,696,55.68,0.0,424.56,26.7,0,0,1,1,0
7632,2025-03-16,3,35,3,89,534,42.72,0.0,325.74,31.35,0,0,1,1,0
7633,2025-06-22,1,24,2,89,1068,42.72,0.0,651.48,31.35,0,0,1,1,0
7634,2025-04-06,1,8,1,43,516,41.28,0.0,314.76,24.45,0,0,1,1,0
7635,2025-12-21,1,47,2,40,480,57.6,0.0,292.8,24.0,0,0,1,1,0
7636,2024-08-27,1,40,2,19,228,9.12,218.88,139.08,20.85,0,0,1,1,0
7637,2025-12-18,2,15,1,75,6375,765.0,0.0,3888.75,51.75,0,0,1,0,0
7638,2025-12-27,4,36,1,14,532,0,532,324.52,24.3,10.64,0,0,1,1
7639,2024-05-10,2,4,3,38,3230,258.4,2971.6,1970.3,35.1,0,0,1,0,0
7640,2024-11-04,3,43,2,71,426,34.08,0.0,259.86,28.65,0,0,1,1,0
7641,2024-11-23,4,40,1,70,2660,106.4,0.0,1622.6,49.5,0,0,1,1,0
7642,2025-07-11,4,2,3,86,3268,261.44,0.0,1993.48,56.7,0,0,1,1,0
7643,2025-03-28,2,40,3,24,2040,244.8,0.0,1244.4,28.8,35.9,41.0,0,0,4
7644,2024-03-08,4,11,1,63,2394,191.52,0.0,1460.34,46.35,0,0,1,1,0
7645,2025-03-09,1,12,1,85,1020,81.6,0.0,622.2,30.75,0,0,1,1,0
7646,2025-07-27,2,29,2,18,1530,61.2,0.0,933.3,26.1,0,0,1,1,0
7647,2025-10-13,4,11,3,76,2888,115.52,0.0,1761.68,52.2,0,0,1,0,0
7648,2025-07-17,2,20,3,25,2125,255.0,0.0,1296.25,29.25,37.4,41.25,0,1,2
7649,2024-08-24,3,38,1,89,534,64.08,0.0,325.74,31.35,0,0,1,1,0
7650,2024-01-23,3,29,2,70,420,50.4,0.0,256.2,28.5,0,0,1,1,0
7651,2025-11-03,4,4,2,78,2964,0,0,1808.04,53.1,0,0,1,1,0
7652,2025-12-21,1,41,1,16,192,15.36,0.0,117.12,20.4,0,0,1,1,0
7653,2024-05-07,1,43,1,84,1008,40.32,0.0,614.88,30.6,0,0,1,1,0
7654,2025-04-05,2,5,1,16,1360,163.2,0.0,829.6,25.2,0,0,1,1,0
7655,2025-08-19,2,22,2,61,5185,207.4,0.0,3162.85,45.45,0,0,1,0,0
7656,2025-01-07,1,34,3,65,780,93.6,0.0,475.8,27.75,0,0,1,1,0
7657,2024-11-18,2,45,1,14,1190,0,0,725.9,24.3,0,0,1,1,0
7658,2024-08-10,2,46,1,13,1105,0,0,674.05,23.85,0,0,1,1,0
7659,2025-12-02,2,2,3,64,5440,217.6,0.0,3318.4,46.8,0,0,1,1,0
7660,2025-04-15,3,34,1,78,468,37.44,0.0,285.48,29.7,0,0,1,1,0
7661,2024-01-14,3,2,2,89,534,0,0,325.74,31.35,0,0,1,1,0
7662,2025-04-16,1,34,3,19,228,0,0,139.08,20.85,4.56,39.75,0,1,2
7663,2024-06-23,3,42,3,71,426,0,0,259.86,28.65,8.52,0,0,1,1
7664,2025-04-02,3,19,1,99,594,47.52,0.0,362.34,32.85,0,0,1,1,0
7665,2025-06-29,2,5,2,75,6375,510.0,0.0,3888.75,51.75,0,0,1,1,0
7666,2025-09-12,4,12,3,72,2736,218.88,2517.12,1668.96,50.4,0,0,1,1,0
7667,2025-06-11,3,31,3,43,258,10.32,0.0,157.38,24.45,0,0,1,1,0
7668,2024-07-30,1,7,1,42,504,60.48,0.0,307.44,24.3,0,0,1,1,0
7669,2024-05-01,2,5,2,70,5950,0,0,3629.5,49.5,0,0,1,1,0
7670,2025-09-14,2,24,1,21,1785,214.2,0.0,1088.85,27.45,0,0,1,1,0
7671,2024-08-25,4,37,1,78,2964,355.68,0.0,1808.04,53.1,52.17,0,0,1,1
7672,2025-10-04,1,9,2,82,984,0,0,600.24,30.3,0,0,1,1,0
7673,2025-06-17,2,37,3,18,1530,122.4,0.0,933.3,26.1,28.15,0,0,1,1
7674,2025-02-11,1,25,2,75,900,108.0,0.0,549.0,29.25,0,0,1,1,0
7675,2025-07-12,4,33,3,18,684,54.72,0.0,417.24,26.1,0,0,1,1,0
7676,2025-08-25,4,4,2,45,1710,136.8,0.0,1043.1,38.25,0,0,1,1,0
7677,2024-09-16,4,23,1,74,2812,224.96,0.0,1715.32,51.3,51.74,53.5,0,1,2
7678,2024-04-23,2,26,3,56,4760,190.4,0.0,2903.6,43.2,0,0,1,1,0
7679,2024-08-12,3,24,2,84,504,0,0,307.44,30.6,0,0,1,1,0
7680,2025-04-02,1,34,2,80,960,38.4,0.0,585.6,30.0,0,0,1,1,0
7681,2024-01-05,3,12,1,33,198,15.84,0.0,120.78,22.95,3.64,0,0,1,1
7682,2024-10-15,2,7,1,21,1785,214.2,0.0,1088.85,27.45,0,0,1,1,0
7683,2024-10-02,1,13,2,52,624,49.92,0.0,380.64,25.8,11.48,48.0,0,0,4
7684,2025-02-26,4,12,2,70,2660,212.8,0.0,1622.6,49.5,0,0,1,1,0
7685,2025-06-08,4,33,1,34,1292,103.36,0.0,788.12,33.3,0,0,1,1,0
7686,2024-11-21,3,19,2,91,546,0,0,333.06,31.65,0,0,1,1,0
7687,2025-02-25,1,31,3,64,768,0,0,468.48,27.6,0,0,1,1,0
7688,2024-10-24,3,15,3,36,216,25.92,0.0,131.76,23.4,0,0,1,1,0
7689,2025-11-04,2,20,3,90,7650,612.0,0.0,4666.5,58.5,140.76,0,0,1,1
7690,2024-03-05,2,22,3,79,6715,0,0,4096.15,53.55,134.3,0,0,1,1
7691,2024-03-08,4,6,1,46,1748,209.76,0.0,1066.28,38.7,0,0,1,1,0
7692,2024-06-12,2,20,1,78,6630,530.4,0.0,4044.3,53.1,0,0,1,1,0
7693,2025-03-25,2,21,3,82,6970,0,0,4251.7,54.9,0,0,1,0,0
7694,2025-09-27,2,6,1,51,4335,346.8,0.0,2644.35,40.95,0,0,1,1,0
7695,2024-04-07,4,2,3,10,380,0,0,231.8,22.5,0,0,1,1,0
7696,2025-06-02,4,20,2,74,2812,337.44,0.0,1715.32,51.3,0,0,1,1,0
7697,2024-07-23,1,35,2,33,396,31.68,0.0,241.56,22.95,0,0,1,1,0
7698,2025-01-03,4,41,2,43,1634,0,0,996.74,37.35,32.68,0,0,1,1
7699,2025-06-12,3,8,1,67,402,16.08,0.0,245.22,28.05,0,0,1,1,0
7700,2025-11-25,1,46,2,84,1008,40.32,0.0,614.88,30.6,0,0,1,1,0
7701,2024-12-17,3,2,1,80,480,19.2,0.0,292.8,30.0,0,0,1,1,0
7702,2025-08-16,3,14,2,84,504,0,0,307.44,30.6,0,0,1,1,0
7703,2025-05-30,1,44,2,32,384,15.36,0.0,234.24,22.8,0,0,1,1,0
7704,2024-10-27,4,39,3,49,1862,148.96,0.0,1135.82,40.05,34.26,47.25,0,1,2
7705,2025-10-30,1,44,2,40,480,0,0,292.8,24.0,0,0,1,1,0
7706,2025-05-22,4,35,3,29,1102,88.16,0.0,672.22,31.05,0,0,1,1,0
7707,2024-06-07,1,29,1,96,1152,92.16,0.0,702.72,32.4,0,0,1,1,0
7708,2024-07-22,4,21,1,11,418,0,0,254.98,22.95,8.36,0,0,1,1
7709,2024-12-28,1,17,3,100,1200,0,0,732.0,33.0,24.0,0,0,1,1
7710,2025-01-11,1,5,2,14,168,13.44,0.0,102.48,20.1,0,0,1,1,0
7711,2024-11-03,3,32,2,77,462,0,0,281.82,29.55,0,0,1,1,0
7712,2025-05-20,4,41,3,90,3420,0,0,2086.2,58.5,0,0,1,1,0
7713,2024-01-24,3,15,2,88,528,21.12,0.0,322.08,31.2,10.14,0,0,1,1
7714,2025-04-13,1,17,2,57,684,82.08,0.0,417.24,26.55,0,0,1,0,0
7715,2024-09-22,4,21,2,14,532,42.56,0.0,324.52,24.3,0,0,1,1,0
7716,2024-06-02,1,29,3,29,348,0,0,212.28,22.35,0,0,1,1,0
7717,2024-12-17,3,18,1,14,84,10.08,0.0,51.24,20.1,1.48,38.5,0,1,2
7718,2025-06-27,3,10,2,44,264,10.56,0.0,161.04,24.6,0,0,1,1,0
7719,2025-02-23,4,15,1,53,2014,0,2014,1228.54,41.85,40.28,48.25,0,1,2
7720,2024-06-28,3,26,1,69,414,16.56,0.0,252.54,28.35,0,0,1,1,0
7721,2024-01-12,3,40,1,29,174,0,0,106.14,22.35,0,0,1,1,0
7722,2025-06-01,4,16,2,39,1482,0,0,904.02,35.55,0,0,1,1,0
7723,2025-05-23,1,35,3,83,996,119.52,0.0,607.56,30.45,0,0,1,1,0
7724,2025-03-24,3,11,1,20,120,4.8,0.0,73.2,21.0,0,0,1,1,0
7725,2024-10-25,3,15,2,89,534,42.72,0.0,325.74,31.35,0,0,1,1,0
7726,2024-08-25,2,37,1,93,7905,316.2,0.0,4822.05,59.85,0,0,1,1,0
7727,2024-03-04,1,12,2,50,600,72.0,0.0,366.0,25.5,0,0,1,1,0
7728,2024-01-15,4,27,1,77,2926,234.08,0.0,1784.86,52.65,0,0,1,1,0
7729,2025-04-18,3,37,2,53,318,38.16,0.0,193.98,25.95,5.6,0,0,1,1
7730,2024-05-09,3,19,3,57,342,13.68,0.0,208.62,26.55,0,0,1,1,0
7731,2024-05-02,3,24,2,87,522,0,0,318.42,31.05,0,0,1,1,0
7732,2024-03-25,4,46,1,23,874,34.96,839.04,533.14,28.35,0,0,1,1,0
7733,2024-08-22,3,25,2,21,126,5.04,0.0,76.86,21.15,2.42,40.25,0,0,2
7734,2025-03-22,4,23,3,55,2090,250.8,0.0,1274.9,42.75,0,0,1,1,0
7735,2024-05-06,4,10,3,88,3344,401.28,0.0,2039.84,57.6,58.85,0,0,1,1
7736,2024-02-26,4,42,2,90,3420,0,0,2086.2,58.5,0,0,1,1,0
7737,2025-08-13,1,44,1,38,456,0,0,278.16,23.7,0,0,1,1,0
7738,2024-09-21,2,19,3,94,7990,0,0,4873.9,60.3,0,0,1,1,0
7739,2025-06-13,1,10,1,11,132,5.28,0.0,80.52,19.65,0,0,1,1,0
7740,2025-03-03,1,47,2,30,360,0,0,219.6,22.5,0,0,1,1,0
7741,2024-12-19,4,42,2,29,1102,44.08,0.0,672.22,31.05,0,0,1,1,0
7742,2025-05-28,1,42,2,55,660,26.4,0.0,402.6,26.25,0,0,1,1,0
7743,2025-07-25,2,35,2,64,5440,0,0,3318.4,46.8,0,0,1,1,0
7744,2024-10-29,3,28,3,89,534,21.36,0.0,325.74,31.35,10.25,0,0,1,1
7745,2025-09-13,4,31,2,56,2128,85.12,0.0,1298.08,43.2,40.86,0,0,1,1
7746,2024-10-29,4,12,2,22,836,100.32,0.0,509.96,27.9,14.71,0,0,1,1
7747,2025-05-08,3,15,1,25,150,18.0,0.0,91.5,21.75,0,0,1,1,0
7748,2024-02-17,4,41,1,80,3040,0,0,1854.4,54.0,60.8,0,0,1,1
7749,2024-03-26,2,28,1,44,3740,0,0,2281.4,37.8,74.8,46.0,0,1,2
7750,2025-06-09,4,23,3,53,2014,241.68,0.0,1228.54,41.85,0,0,1,1,0
7751,2024-08-02,4,6,2,35,1330,0,0,811.3,33.75,26.6,43.75,0,1,4
7752,2024-03-31,1,8,3,53,636,50.88,0.0,387.96,25.95,0,0,1,1,0
7753,2024-06-04,4,12,2,43,1634,196.08,0.0,996.74,37.35,0,0,1,1,0
7754,2025-02-27,2,18,3,70,5950,238.0,0.0,3629.5,49.5,0,0,1,1,0
7755,2025-07-20,3,42,2,80,480,19.2,0.0,292.8,30.0,0,0,1,1,0
7756,2025-02-15,2,44,3,65,5525,221.0,0.0,3370.25,47.25,106.08,0,0,1,1
7757,2024-09-27,1,18,3,71,852,68.16,0.0,519.72,28.65,0,0,1,1,0
7758,2025-12-04,1,42,1,11,132,5.28,0.0,80.52,19.65,0,0,1,1,0
7759,2025-05-21,4,5,2,18,684,27.36,0.0,417.24,26.1,0,0,1,1,0
7760,2025-03-19,3,23,1,43,258,30.96,0.0,157.38,24.45,0,0,1,1,0
7761,2025-09-01,2,4,1,95,8075,969.0,0.0,4925.75,60.75,142.12,0,0,1,1
7762,2025-05-18,2,46,2,73,6205,248.2,0.0,3785.05,50.85,0,0,1,1,0
7763,2025-06-13,2,3,2,14,1190,0,0,725.9,24.3,23.8,0,0,1,1
7764,2024-02-03,1,3,1,58,696,27.84,0.0,424.56,26.7,0,0,1,1,0
7765,2025-01-13,1,21,3,69,828,99.36,0.0,505.08,28.35,0,0,1,1,0
7766,2024-09-16,1,5,3,21,252,10.08,0.0,153.72,21.15,0,0,1,1,0
7767,2025-11-25,2,18,2,74,6290,251.6,0.0,3836.9,51.3,120.77,0,0,1,1
7768,2025-08-11,3,7,1,37,222,0,0,135.42,23.55,0,0,1,1,0
7769,2024-11-30,4,34,2,27,1026,41.04,0.0,625.86,30.15,0,0,1,1,0
7770,2025-07-23,1,16,1,49,588,47.04,0.0,358.68,25.35,0,0,1,0,0
7771,2024-12-17,1,36,2,63,756,60.48,0.0,461.16,27.45,0,0,1,1,0
7772,2024-02-08,3,17,1,94,564,22.56,0.0,344.04,32.1,0,0,1,1,0
7773,2024-11-23,3,6,3,57,342,0,0,208.62,26.55,0,0,1,1,0
7774,2025-02-11,4,44,2,43,1634,196.08,0.0,996.74,37.35,28.76,45.75,0,1,2
7775,2024-11-24,1,24,1,88,1056,42.24,0.0,644.16,31.2,0,0,1,0,0
7776,2024-10-09,2,19,3,75,6375,255.0,0.0,3888.75,51.75,0,0,1,1,0
7777,2024-09-30,4,32,3,78,2964,0,0,1808.04,53.1,59.28,54.5,0,1,4
7778,2025-12-17,4,31,1,83,3154,126.16,0.0,1923.94,55.35,60.56,0,0,1,1
7779,2024-08-06,3,30,2,26,156,12.48,0.0,95.16,21.9,0,0,1,1,0
7780,2025-10-10,3,31,1,34,204,24.48,0.0,124.44,23.1,0,0,1,1,0
7781,2024-05-25,3,21,3,83,498,19.92,0.0,303.78,30.45,0,0,1,1,0
7782,2024-01-06,3,16,2,62,372,0,0,226.92,27.3,7.44,50.5,0,1,2
7783,2024-07-11,3,18,2,76,456,18.24,0.0,278.16,29.4,0,0,1,1,0
7784,2024-03-18,4,23,2,80,3040,243.2,0.0,1854.4,54.0,0,0,1,1,0
7785,2025-09-28,1,12,1,88,1056,84.48,0.0,644.16,31.2,0,0,1,1,0
7786,2025-10-15,2,38,3,25,2125,255.0,0.0,1296.25,29.25,37.4,41.25,0,0,2
7787,2024-07-10,3,28,1,54,324,0,0,197.64,26.1,0,0,1,1,0
7788,2024-02-28,1,17,1,60,720,57.6,0.0,439.2,27.0,0,0,1,1,0
7789,2024-07-15,3,29,1,27,162,0,0,98.82,22.05,0,0,1,1,0
7790,2024-05-16,1,27,2,47,564,45.12,0.0,344.04,25.05,0,0,1,1,0
7791,2025-01-22,4,46,1,60,2280,0,0,1390.8,45.0,0,0,1,1,0
7792,2024-03-29,1,48,1,78,936,112.32,0.0,570.96,29.7,0,0,1,1,0
7793,2024-12-20,2,36,3,74,6290,503.2,0.0,3836.9,51.3,0,0,1,1,0
7794,2025-08-09,1,3,1,70,840,33.6,0.0,512.4,28.5,16.13,52.5,0,1,2
7795,2025-12-28,4,16,1,82,3116,249.28,0.0,1900.76,54.9,0,0,1,1,0
7796,2024-11-07,3,33,1,16,96,3.84,0.0,58.56,20.4,0,0,1,1,0
7797,2025-05-02,3,8,3,48,288,0,0,175.68,25.2,5.76,0,0,1,1
7798,2025-06-03,4,5,2,65,2470,197.6,0.0,1506.7,47.25,0,0,1,1,0
7799,2024-07-04,1,17,2,82,984,78.72,0.0,600.24,30.3,0,0,1,1,0
7800,2025-12-31,3,26,2,32,192,7.68,0.0,117.12,22.8,0,0,1,1,0
7801,2024-02-09,3,9,1,94,564,0,0,344.04,32.1,0,0,1,1,0
7802,2025-03-27,3,28,1,94,564,22.56,0.0,344.04,32.1,0,0,1,1,0
7803,2025-01-19,2,14,2,60,5100,204.0,0.0,3111.0,45.0,0,0,1,1,0
7804,2024-03-08,4,36,3,83,3154,252.32,0.0,1923.94,55.35,0,0,1,1,0
7805,2025-08-06,4,10,3,52,1976,237.12,0.0,1205.36,41.4,0,0,1,1,0
7806,2025-07-11,3,28,1,99,594,71.28,0.0,362.34,32.85,10.45,0,0,1,1
7807,2024-04-28,2,21,3,68,5780,231.2,0.0,3525.8,48.6,0,0,1,1,0
7808,2025-06-22,3,41,1,43,258,10.32,0.0,157.38,24.45,0,0,1,1,0
7809,2025-12-09,4,2,1,47,1786,142.88,0.0,1089.46,39.15,0,0,1,1,0
7810,2024-07-29,1,1,2,97,1164,0,1164,710.04,32.55,23.28,0,0,1,1
7811,2024-07-18,1,19,1,94,1128,0,0,688.08,32.1,22.56,58.5,0,1,2
7812,2025-12-04,4,14,3,50,1900,76.0,0.0,1159.0,40.5,0,0,1,1,0
7813,2025-09-25,1,5,3,56,672,53.76,0.0,409.92,26.4,12.36,49.0,0,1,2
7814,2024-05-14,2,6,1,93,7905,632.4,0.0,4822.05,59.85,0,0,1,0,0
7815,2025-10-13,1,31,1,88,1056,0,0,644.16,31.2,0,0,1,1,0
7816,2025-01-03,4,19,2,84,3192,255.36,0.0,1947.12,55.8,0,0,1,1,0
7817,2025-11-18,3,16,3,40,240,19.2,0.0,146.4,24.0,0,0,1,1,0
7818,2025-01-29,2,41,3,62,5270,421.6,4848.4,3214.7,45.9,96.97,50.5,0,1,2
7819,2025-02-25,1,18,2,97,1164,46.56,0.0,710.04,32.55,0,0,1,1,0
7820,2025-07-19,4,32,2,77,2926,0,0,1784.86,52.65,0,0,1,1,0
7821,2025-07-18,2,35,3,84,7140,856.8,0.0,4355.4,55.8,0,0,1,1,0
7822,2025-01-28,3,10,2,45,270,32.4,0.0,164.7,24.75,0,0,1,1,0
7823,2024-08-11,3,11,3,13,78,9.36,0.0,47.58,19.95,0,0,1,1,0
7824,2025-02-12,3,43,3,41,246,9.84,0.0,150.06,24.15,4.72,0,0,1,1
7825,2025-09-29,1,12,2,42,504,60.48,0.0,307.44,24.3,0,0,1,1,0
7826,2025-10-13,4,12,2,83,3154,378.48,0.0,1923.94,55.35,55.51,55.75,0,1,4
7827,2024-04-10,4,18,3,79,3002,240.16,0.0,1831.22,53.55,55.24,54.75,0,1,4
7828,2024-10-08,2,18,3,67,5695,0,0,3473.95,48.15,0,0,1,1,0
7829,2024-02-10,3,13,2,16,96,3.84,0.0,58.56,20.4,0,0,1,1,0
7830,2024-01-03,2,36,3,87,7395,295.8,0.0,4510.95,57.15,0,0,1,1,0
7831,2024-09-06,3,43,3,74,444,0,0,270.84,29.1,8.88,53.5,0,1,2
7832,2024-06-30,3,21,1,55,330,0,0,201.3,26.25,0,0,1,1,0
7833,2024-06-07,4,47,2,100,3800,456.0,0.0,2318.0,63.0,66.88,60.0,0,1,4
7834,2024-03-22,4,34,3,93,3534,141.36,0.0,2155.74,59.85,67.85,58.25,0,1,2
7835,2024-03-14,2,14,2,77,6545,523.6,0.0,3992.45,52.65,0,0,1,1,0
7836,2025-12-02,4,47,3,47,1786,214.32,0.0,1089.46,39.15,31.43,46.75,0,1,2
7837,2024-05-21,1,4,2,80,960,76.8,0.0,585.6,30.0,0,0,1,1,0
7838,2025-08-21,1,23,3,90,1080,129.6,0.0,658.8,31.5,0,0,1,1,0
7839,2024-02-17,3,33,3,96,576,23.04,0.0,351.36,32.4,11.06,0,0,1,1
7840,2025-08-11,4,27,1,94,3572,428.64,0.0,2178.92,60.3,0,0,1,1,0
7841,2025-08-25,2,17,3,51,4335,173.4,0.0,2644.35,40.95,0,0,1,1,0
7842,2024-08-23,2,22,2,87,7395,295.8,0.0,4510.95,57.15,0,0,1,1,0
7843,2024-11-28,1,21,1,73,876,0,0,534.36,28.95,0,0,1,1,0
7844,2025-05-09,3,23,3,63,378,30.24,0.0,230.58,27.45,6.96,0,0,1,1
7845,2024-02-18,2,37,1,79,6715,537.2,0.0,4096.15,53.55,0,0,1,1,0
7846,2025-07-11,2,40,2,65,5525,663.0,0.0,3370.25,47.25,0,0,1,1,0
7847,2024-03-13,4,46,2,79,3002,120.08,0.0,1831.22,53.55,0,0,1,1,0
7848,2024-04-22,2,3,2,63,5355,214.2,0.0,3266.55,46.35,0,0,1,0,0
7849,2025-05-01,1,45,1,13,156,12.48,0.0,95.16,19.95,0,0,1,1,0
7850,2025-10-08,2,14,2,43,3655,0,0,2229.55,37.35,0,0,1,1,0
7851,2024-11-10,2,14,1,81,6885,0,0,4199.85,54.45,0,0,1,1,0
7852,2024-05-02,3,17,1,25,150,6.0,0.0,91.5,21.75,0,0,1,1,0
7853,2024-01-31,2,26,2,85,7225,867.0,0.0,4407.25,56.25,0,0,1,1,0
7854,2024-02-03,2,9,3,53,4505,540.6,0.0,2748.05,41.85,79.29,48.25,0,1,2
7855,2025-07-20,1,28,1,64,768,92.16,0.0,468.48,27.6,0,0,1,1,0
7856,2024-05-01,2,33,1,77,6545,523.6,0.0,3992.45,52.65,0,0,1,1,0
7857,2024-01-31,1,42,3,13,156,18.72,0.0,95.16,19.95,0,0,1,1,0
7858,2025-06-18,1,48,1,66,792,0,0,483.12,27.9,15.84,51.5,0,1,2
7859,2025-01-13,3,44,3,89,534,42.72,0.0,325.74,31.35,0,0,1,1,0
7860,2024-10-12,4,31,3,21,798,0,0,486.78,27.45,15.96,40.25,0,1,4
7861,2025-02-02,2,22,1,85,7225,867.0,0.0,4407.25,56.25,0,0,1,1,0
7862,2024-01-19,3,13,2,78,468,56.16,0.0,285.48,29.7,8.24,54.5,0,1,2
7863,2024-11-02,3,3,3,67,402,16.08,0.0,245.22,28.05,7.72,51.75,0,1,2
7864,2024-03-19,4,3,3,48,1824,0,0,1112.64,39.6,0,0,1,1,0
7865,2025-01-09,4,18,3,88,3344,133.76,0.0,2039.84,57.6,0,0,1,1,0
7866,2024-09-24,3,3,3,80,480,19.2,0.0,292.8,30.0,0,0,1,1,0
7867,2025-04-21,1,44,2,45,540,21.6,0.0,329.4,24.75,10.37,46.25,0,1,2
7868,2025-05-07,3,10,1,59,354,0,0,215.94,26.85,0,0,1,1,0
7869,2025-09-01,1,22,1,22,264,10.56,0.0,161.04,21.3,0,0,1,1,0
7870,2024-11-27,4,8,2,73,2774,221.92,0.0,1692.14,50.85,0,0,1,1,0
7871,2024-08-24,4,19,1,29,1102,0,0,672.22,31.05,22.04,42.25,0,1,2
7872,2025-11-14,3,38,2,72,432,0,0,263.52,28.8,0,0,1,1,0
7873,2025-07-17,1,8,1,92,1104,44.16,0.0,673.44,31.8,21.2,0,0,1,1
7874,2025-01-19,4,27,1,60,2280,0,0,1390.8,45.0,0,0,1,1,0
7875,2024-12-25,1,12,1,24,288,34.56,0.0,175.68,21.6,5.07,0,0,1,1
7876,2024-06-06,3,33,3,96,576,69.12,0.0,351.36,32.4,0,0,1,1,0
7877,2025-12-07,4,25,1,92,3496,0,0,2132.56,59.4,0,0,1,1,0
7878,2025-12-10,3,31,3,76,456,36.48,0.0,278.16,29.4,0,0,1,1,0
7879,2025-03-08,4,13,3,57,2166,259.92,0.0,1321.26,43.65,0,0,1,1,0
7880,2025-12-10,2,13,3,77,6545,0,0,3992.45,52.65,0,0,1,1,0
7881,2025-09-06,4,8,1,52,1976,158.08,0.0,1205.36,41.4,0,0,1,1,0
7882,2025-10-18,1,18,1,24,288,0,0,175.68,21.6,0,0,1,1,0
7883,2024-10-09,3,40,2,73,438,0,0,267.18,28.95,0,0,1,1,0
7884,2024-08-28,4,28,2,32,1216,0,0,741.76,32.4,0,0,1,1,0
7885,2025-09-08,4,16,1,38,1444,0,0,880.84,35.1,0,0,1,1,0
7886,2025-11-22,1,27,1,34,408,48.96,0.0,248.88,23.1,0,0,1,1,0
7887,2024-01-24,3,27,3,50,300,24.0,0.0,183.0,25.5,5.52,47.5,0,1,2
7888,2024-04-29,3,4,1,74,444,35.52,0.0,270.84,29.1,0,0,1,1,0
7889,2024-09-27,1,19,3,38,456,54.72,0.0,278.16,23.7,0,0,1,1,0
7890,2025-08-15,1,42,3,59,708,84.96,0.0,431.88,26.85,12.46,49.75,0,1,2
7891,2025-04-20,1,40,2,55,660,79.2,0.0,402.6,26.25,0,0,1,1,0
7892,2024-07-11,4,33,2,18,684,0,0,417.24,26.1,0,0,1,1,0
7893,2024-08-25,1,20,3,34,408,48.96,0.0,248.88,23.1,7.18,43.5,0,1,2
7894,2025-05-17,3,31,3,69,414,16.56,0.0,252.54,28.35,7.95,52.25,0,1,2
7895,2025-04-23,3,27,2,98,588,0,0,358.68,32.7,11.76,0,0,1,1
7896,2025-03-07,2,3,2,44,3740,299.2,0.0,2281.4,37.8,0,0,1,1,0
7897,2024-02-29,4,18,2,35,1330,159.6,0.0,811.3,33.75,0,0,1,1,0
7898,2025-10-10,4,40,1,33,1254,50.16,0.0,764.94,32.85,0,0,1,1,0
7899,2024-05-31,1,10,1,60,720,0,0,439.2,27.0,0,0,1,1,0
7900,2024-02-29,4,25,3,30,1140,45.6,0.0,695.4,31.5,0,0,1,1,0
7901,2025-01-18,2,30,1,36,3060,367.2,0.0,1866.6,34.2,0,0,1,1,0
7902,2025-04-20,2,48,2,22,1870,0,0,1140.7,27.9,0,0,1,1,0
7903,2025-12-29,3,6,1,22,132,0,0,80.52,21.3,0,0,1,1,0
7904,2025-07-05,2,32,2,98,8330,999.6,0.0,5081.3,62.1,0,0,1,1,0
7905,2025-10-24,4,12,2,20,760,0,0,463.6,27.0,0,0,1,1,0
7906,2024-04-23,3,28,2,88,528,63.36,0.0,322.08,31.2,0,0,1,1,0
7907,2025-06-21,2,38,2,47,3995,159.8,0.0,2436.95,39.15,0,0,1,1,0
7908,2025-04-26,1,11,1,15,180,21.6,0.0,109.8,20.25,0,0,1,1,0
7909,2025-05-08,1,25,1,63,756,90.72,0.0,461.16,27.45,0,0,1,1,0
7910,2024-06-01,2,41,3,49,4165,0,0,2540.65,40.05,0,0,1,1,0
7911,2024-11-03,1,9,2,19,228,27.36,0.0,139.08,20.85,0,0,1,1,0
7912,2025-08-24,3,6,2,55,330,39.6,290.4,201.3,26.25,5.81,48.75,0,1,4
7913,2024-08-27,4,47,3,40,1520,121.6,0.0,927.2,36.0,0,0,1,1,0
7914,2024-09-06,3,4,1,46,276,33.12,0.0,168.36,24.9,0,0,1,1,0
7915,2025-02-07,1,29,1,11,132,10.56,0.0,80.52,19.65,0,0,1,1,0
7916,2024-11-28,1,34,1,72,864,0,0,527.04,28.8,17.28,53.0,0,1,2
7917,2024-10-20,4,3,3,45,1710,205.2,0.0,1043.1,38.25,0,0,1,1,0
7918,2025-06-29,3,21,2,29,174,13.92,0.0,106.14,22.35,3.2,0,0,1,1
7919,2025-02-12,4,1,2,83,3154,252.32,0.0,1923.94,55.35,58.03,55.75,0,1,2
7920,2025-09-24,2,19,2,10,850,0,0,518.5,22.5,17.0,0,0,1,1
7921,2025-09-01,2,18,2,28,2380,285.6,0.0,1451.8,30.6,41.89,42.0,0,1,2
7922,2025-11-01,4,8,2,50,1900,152.0,0.0,1159.0,40.5,0,0,1,1,0
7923,2025-02-17,4,22,3,99,3762,0,0,2294.82,62.55,75.24,0,0,1,1
7924,2025-01-06,3,14,3,93,558,22.32,0.0,340.38,31.95,0,0,1,1,0
7925,2024-04-02,4,5,1,14,532,0,0,324.52,24.3,0,0,1,1,0
7926,2024-12-27,4,14,1,72,2736,328.32,0.0,1668.96,50.4,0,0,1,1,0
7927,2024-10-10,2,18,1,31,2635,210.8,0.0,1607.35,31.95,0,0,1,1,0
7928,2025-12-24,1,42,3,51,612,24.48,0.0,373.32,25.65,11.75,0,0,1,1
7929,2025-07-09,3,38,3,24,144,0,0,87.84,21.6,0,0,1,1,0
7930,2024-07-21,1,36,1,11,132,15.84,0.0,80.52,19.65,0,0,1,1,0
7931,2024-01-23,4,24,1,65,2470,98.8,0.0,1506.7,47.25,0,0,1,1,0
7932,2024-07-02,3,37,2,39,234,28.08,0.0,142.74,23.85,0,0,1,1,0
7933,2025-09-29,1,46,3,43,516,0,0,314.76,24.45,10.32,45.75,0,1,2
7934,2025-08-13,1,47,1,62,744,59.52,0.0,453.84,27.3,0,0,1,1,0
7935,2025-11-18,4,38,2,43,1634,130.72,0.0,996.74,37.35,0,0,1,1,0
7936,2025-08-14,3,6,3,96,576,23.04,0.0,351.36,32.4,0,0,1,1,0
7937,2024-03-23,2,45,3,99,8415,1009.8,7405.2,5133.15,62.55,148.1,0,0,1,1
7938,2025-02-25,3,20,1,79,474,18.96,0.0,289.14,29.85,0,0,1,1,0
7939,2025-05-11,3,39,3,88,528,63.36,0.0,322.08,31.2,0,0,1,1,0
7940,2024-07-18,4,36,1,93,3534,424.08,0.0,2155.74,59.85,0,0,1,1,0
7941,2025-02-24,3,44,3,14,84,0,0,51.24,20.1,0,0,1,1,0
7942,2024-05-11,3,38,2,70,420,50.4,0.0,256.2,28.5,0,0,1,1,0
7943,2025-05-24,2,1,1,72,6120,244.8,0.0,3733.2,50.4,117.5,0,0,1,1
7944,2025-08-18,2,17,3,32,2720,108.8,0.0,1659.2,32.4,52.22,0,0,1,1
7945,2025-11-05,4,45,3,78,2964,0,0,1808.04,53.1,59.28,54.5,0,1,2
7946,2024-12-03,1,21,2,60,720,28.8,0.0,439.2,27.0,13.82,0,0,1,1
7947,2025-07-27,2,11,3,38,3230,387.6,0.0,1970.3,35.1,0,0,1,1,0
7948,2024-11-25,2,23,1,63,5355,0,0,3266.55,46.35,107.1,0,0,1,1
7949,2024-12-14,2,5,3,29,2465,295.8,0.0,1503.65,31.05,43.38,42.25,0,1,4
7950,2025-05-03,4,10,3,65,2470,98.8,2371.2,1506.7,47.25,47.42,51.25,0,1,4
7951,2025-07-17,4,22,2,64,2432,97.28,0.0,1483.52,46.8,0,0,1,1,0
7952,2025-08-02,4,32,3,58,2204,0,0,1344.44,44.1,0,0,1,1,0
7953,2024-08-03,1,19,2,80,960,115.2,0.0,585.6,30.0,16.9,55.0,0,1,2
7954,2024-04-18,2,10,2,52,4420,176.8,0.0,2696.2,41.4,0,0,1,1,0
7955,2024-05-06,1,21,2,31,372,14.88,0.0,226.92,22.65,7.14,42.75,0,1,2
7956,2024-11-27,3,42,1,43,258,0,0,157.38,24.45,0,0,1,1,0
7957,2025-09-22,4,35,3,29,1102,0,0,672.22,31.05,0,0,1,1,0
7958,2024-09-20,4,41,1,82,3116,0,0,1900.76,54.9,0,0,1,1,0
7959,2024-11-11,1,21,1,66,792,0,0,483.12,27.9,0,0,1,1,0
7960,2024-01-21,2,29,1,57,4845,387.6,0.0,2955.45,43.65,0,0,1,1,0
7961,2025-05-31,3,31,2,66,396,47.52,0.0,241.56,27.9,0,0,1,1,0
7962,2024-12-01,3,8,3,41,246,19.68,0.0,150.06,24.15,0,0,1,1,0
7963,2024-11-22,2,16,1,65,5525,0,0,3370.25,47.25,0,0,1,1,0
7964,2025-09-13,1,18,2,54,648,25.92,0.0,395.28,26.1,0,0,1,1,0
7965,2025-04-24,3,36,2,18,108,12.96,0.0,65.88,20.7,0,0,1,1,0
7966,2025-03-30,3,24,3,68,408,0,0,248.88,28.2,0,0,1,1,0
7967,2025-12-18,2,25,1,96,8160,979.2,0.0,4977.6,61.2,0,0,1,1,0
7968,2024-09-22,2,25,2,15,1275,0,0,777.75,24.75,0,0,1,1,0
7969,2025-01-19,4,11,2,92,3496,279.68,0.0,2132.56,59.4,64.33,0,0,1,1
7970,2025-11-12,4,6,3,34,1292,103.36,0.0,788.12,33.3,23.77,43.5,0,1,2
7971,2025-10-13,1,4,3,60,720,86.4,0.0,439.2,27.0,12.67,0,0,1,1
7972,2024-12-26,4,38,1,23,874,104.88,0.0,533.14,28.35,0,0,1,1,0
7973,2024-09-11,3,26,2,99,594,23.76,0.0,362.34,32.85,0,0,1,1,0
7974,2025-07-10,3,6,2,41,246,9.84,0.0,150.06,24.15,0,0,1,1,0
7975,2025-10-08,4,11,2,51,1938,232.56,0.0,1182.18,40.95,0,0,1,1,0
7976,2025-01-13,2,28,1,41,3485,418.2,0.0,2125.85,36.45,0,0,1,1,0
7977,2024-09-03,1,37,1,11,132,15.84,0.0,80.52,19.65,0,0,1,1,0
7978,2024-10-30,2,36,3,36,3060,122.4,0.0,1866.6,34.2,0,0,1,1,0
7979,2025-10-31,2,17,1,49,4165,166.6,0.0,2540.65,40.05,0,0,1,1,0
7980,2025-06-03,4,17,3,62,2356,188.48,0.0,1437.16,45.9,43.35,0,0,1,1
7981,2025-04-17,4,7,2,47,1786,214.32,0.0,1089.46,39.15,0,0,1,1,0
7982,2025-11-02,4,30,1,24,912,0,0,556.32,28.8,18.24,0,0,1,1
7983,2024-05-24,4,35,2,36,1368,164.16,1203.84,834.48,34.2,0,0,1,1,0
7984,2024-07-22,1,9,1,22,264,31.68,0.0,161.04,21.3,0,0,1,1,0
7985,2024-07-02,4,6,1,29,1102,0,0,672.22,31.05,22.04,0,0,1,1
7986,2024-05-04,1,3,1,24,288,23.04,0.0,175.68,21.6,0,0,1,1,0
7987,2025-01-28,1,16,2,30,360,0,0,219.6,22.5,7.2,0,0,1,1
7988,2025-07-24,4,1,1,49,1862,223.44,0.0,1135.82,40.05,32.77,0,0,1,1
7989,2025-07-03,4,46,2,95,3610,144.4,0.0,2202.1,60.75,0,0,1,1,0
7990,2024-12-08,1,23,2,83,996,0,0,607.56,30.45,0,0,1,1,0
7991,2024-09-24,4,24,1,52,1976,0,0,1205.36,41.4,0,0,1,1,0
7992,2024-08-17,4,19,3,32,1216,97.28,1118.72,741.76,32.4,0,0,1,1,0
7993,2024-02-07,4,18,3,37,1406,112.48,0.0,857.66,34.65,0,0,1,1,0
7994,2025-04-16,3,48,1,56,336,40.32,0.0,204.96,26.4,0,0,1,1,0
7995,2025-08-27,4,8,2,27,1026,41.04,0.0,625.86,30.15,0,0,1,1,0
7996,2024-06-20,4,20,3,73,2774,332.88,0.0,1692.14,50.85,48.82,53.25,0,1,4
7997,2024-10-27,1,24,3,21,252,10.08,0.0,153.72,21.15,4.84,0,0,1,1
7998,2025-02-10,1,35,1,51,612,0,0,373.32,25.65,12.24,47.75,0,1,2
7999,2024-02-16,1,16,2,40,480,38.4,0.0,292.8,24.0,0,0,1,1,0
8000,2025-08-11,3,12,2,85,510,40.8,0.0,311.1,30.75,0,0,1,1,0
8001,2024-08-31,4,20,2,45,1710,136.8,0.0,1043.1,38.25,0,0,1,0,0
8002,2024-07-29,4,11,3,16,608,0,0,370.88,25.2,0,0,1,1,0
8003,2024-06-15,1,18,2,28,336,26.88,0.0,204.96,22.2,0,0,1,1,0
8004,2025-03-26,3,2,3,26,156,6.24,0.0,95.16,21.9,0,0,1,1,0
8005,2025-04-17,4,6,2,27,1026,82.08,0.0,625.86,30.15,0,0,1,1,0
8006,2024-10-05,4,36,2,75,2850,114.0,0.0,1738.5,51.75,0,0,1,0,0
8007,2025-11-30,4,27,2,32,1216,145.92,0.0,741.76,32.4,21.4,43.0,0,1,4
8008,2025-04-30,4,27,1,54,2052,82.08,0.0,1251.72,42.3,0,0,1,1,0
8009,2025-09-17,4,1,3,61,2318,0,0,1413.98,45.45,0,0,1,1,0
8010,2025-04-16,1,10,3,94,1128,45.12,0.0,688.08,32.1,21.66,58.5,0,1,2
8011,2025-06-01,3,47,3,93,558,0,0,340.38,31.95,0,0,1,1,0
8012,2024-11-06,4,9,3,51,1938,0,0,1182.18,40.95,38.76,47.75,0,1,4
8013,2025-12-26,3,38,1,88,528,42.24,0.0,322.08,31.2,9.72,0,0,1,1
8014,2024-11-29,3,34,1,91,546,21.84,0.0,333.06,31.65,0,0,1,1,0
8015,2024-03-12,2,37,3,45,3825,459.0,0.0,2333.25,38.25,0,0,1,1,0
8016,2024-03-07,2,30,1,49,4165,333.2,0.0,2540.65,40.05,0,0,1,1,0
8017,2024-05-30,2,12,1,66,5610,224.4,0.0,3422.1,47.7,0,0,1,1,0
8018,2025-11-04,4,20,2,33,1254,150.48,0.0,764.94,32.85,0,0,1,1,0
8019,2025-07-20,4,10,1,97,3686,0,0,2248.46,61.65,0,0,1,0,0
8020,2024-10-28,2,35,3,59,5015,401.2,0.0,3059.15,44.55,92.28,0,0,1,1
8021,2025-05-23,3,38,3,45,270,0,0,164.7,24.75,0,0,1,1,0
8022,2024-02-19,4,6,3,36,1368,54.72,0.0,834.48,34.2,0,0,1,1,0
8023,2025-03-19,2,1,3,96,8160,326.4,7833.6,4977.6,61.2,0,0,1,1,0
8024,2025-01-12,1,26,1,32,384,46.08,0.0,234.24,22.8,0,0,1,1,0
8025,2025-11-17,4,40,2,62,2356,282.72,0.0,1437.16,45.9,41.47,50.5,0,1,2
8026,2025-08-10,4,12,2,74,2812,337.44,0.0,1715.32,51.3,0,0,1,1,0
8027,2025-04-20,3,1,2,57,342,27.36,0.0,208.62,26.55,0,0,1,1,0
8028,2024-01-16,2,28,3,12,1020,81.6,0.0,622.2,23.4,0,0,1,1,0
8029,2024-01-22,4,33,1,31,1178,47.12,0.0,718.58,31.95,0,0,1,1,0
8030,2024-04-25,2,40,2,95,8075,323.0,0.0,4925.75,60.75,155.04,58.75,0,1,2
8031,2025-12-21,2,41,1,15,1275,153.0,1122.0,777.75,24.75,0,0,1,1,0
8032,2024-06-12,1,35,2,66,792,95.04,0.0,483.12,27.9,0,0,1,1,0
8033,2024-06-14,4,47,1,73,2774,110.96,0.0,1692.14,50.85,53.26,53.25,0,1,2
8034,2024-09-23,2,32,2,72,6120,489.6,5630.4,3733.2,50.4,112.61,0,0,1,1
8035,2024-05-11,1,47,1,23,276,0,0,168.36,21.45,5.52,0,0,1,1
8036,2024-02-15,1,15,3,13,156,6.24,0.0,95.16,19.95,0,0,1,1,0
8037,2025-01-19,3,36,1,41,246,9.84,0.0,150.06,24.15,0,0,1,1,0
8038,2024-06-15,1,35,2,63,756,60.48,0.0,461.16,27.45,0,0,1,1,0
8039,2025-05-01,3,23,1,13,78,0,0,47.58,19.95,1.56,0,0,1,1
8040,2025-06-19,4,11,3,45,1710,205.2,0.0,1043.1,38.25,0,0,1,1,0
8041,2024-11-06,2,12,3,51,4335,346.8,3988.2,2644.35,40.95,0,0,1,1,0
8042,2024-05-17,4,35,2,55,2090,167.2,0.0,1274.9,42.75,0,0,1,1,0
8043,2025-06-22,1,21,3,13,156,6.24,0.0,95.16,19.95,3.0,38.25,0,1,4
8044,2024-03-14,4,3,2,39,1482,177.84,0.0,904.02,35.55,0,0,1,1,0
8045,2024-03-29,4,29,3,20,760,30.4,0.0,463.6,27.0,14.59,40.0,0,1,2
8046,2025-08-27,1,19,3,49,588,70.56,0.0,358.68,25.35,10.35,0,0,1,1
8047,2024-10-19,1,19,2,22,264,31.68,0.0,161.04,21.3,0,0,1,1,0
8048,2024-12-01,2,25,3,10,850,68.0,0.0,518.5,22.5,0,0,1,1,0
8049,2025-11-10,3,6,2,29,174,6.96,0.0,106.14,22.35,3.34,0,0,1,1
8050,2025-04-24,3,10,3,96,576,69.12,0.0,351.36,32.4,10.14,59.0,0,1,4
8051,2025-12-29,1,38,1,58,696,83.52,0.0,424.56,26.7,0,0,1,1,0
8052,2024-12-22,3,7,1,66,396,47.52,0.0,241.56,27.9,0,0,1,1,0
8053,2025-06-15,3,22,1,45,270,10.8,0.0,164.7,24.75,0,0,1,1,0
8054,2024-05-30,3,3,3,96,576,69.12,0.0,351.36,32.4,10.14,59.0,0,1,2
8055,2024-01-23,3,31,2,98,588,70.56,0.0,358.68,32.7,0,0,1,1,0
8056,2025-08-28,2,2,1,87,7395,591.6,0.0,4510.95,57.15,136.07,0,0,1,1
8057,2025-05-11,1,35,3,93,1116,0,0,680.76,31.95,0,0,1,1,0
8058,2025-02-07,3,38,2,25,150,18.0,0.0,91.5,21.75,0,0,1,1,0
8059,2024-04-04,2,48,1,34,2890,0,0,1762.9,33.3,0,0,1,1,0
8060,2025-07-27,1,46,1,63,756,30.24,0.0,461.16,27.45,0,0,1,1,0
8061,2025-12-03,1,12,2,95,1140,45.6,0.0,695.4,32.25,0,0,1,1,0
8062,2024-07-09,4,29,3,82,3116,249.28,0.0,1900.76,54.9,0,0,1,1,0
8063,2024-04-27,2,31,2,43,3655,0,0,2229.55,37.35,0,0,1,1,0
8064,2025-11-19,3,15,2,98,588,0,0,358.68,32.7,0,0,1,1,0
8065,2024-10-24,2,21,2,93,7905,316.2,0.0,4822.05,59.85,0,0,1,1,0
8066,2024-07-27,4,8,1,93,3534,424.08,0.0,2155.74,59.85,0,0,1,1,0
8067,2025-02-28,1,5,3,55,660,52.8,0.0,402.6,26.25,0,0,1,1,0
8068,2024-10-04,3,23,2,62,372,0,0,226.92,27.3,0,0,1,1,0
8069,2025-06-25,1,12,2,21,252,20.16,0.0,153.72,21.15,4.64,0,0,1,1
8070,2025-02-17,4,36,3,39,1482,59.28,0.0,904.02,35.55,0,0,1,1,0
8071,2025-02-02,2,9,1,55,4675,561.0,0.0,2851.75,42.75,0,0,1,1,0
8072,2025-01-11,2,19,2,80,6800,544.0,0.0,4148.0,54.0,0,0,1,1,0
8073,2024-04-08,3,5,2,94,564,67.68,0.0,344.04,32.1,0,0,1,1,0
8074,2024-01-05,2,38,2,79,6715,268.6,0.0,4096.15,53.55,0,0,1,1,0
8075,2025-05-28,4,1,3,48,1824,72.96,0.0,1112.64,39.6,35.02,47.0,0,1,2
8076,2024-03-01,2,40,3,32,2720,108.8,0.0,1659.2,32.4,0,0,1,1,0
8077,2024-05-17,1,6,2,23,276,22.08,0.0,168.36,21.45,5.08,40.75,0,1,4
8078,2024-02-20,1,29,1,24,288,0,0,175.68,21.6,0,0,1,1,0
8079,2024-12-26,1,37,1,100,1200,48.0,0.0,732.0,33.0,0,0,1,1,0
8080,2025-05-14,1,11,3,20,240,28.8,0.0,146.4,21.0,4.22,40.0,0,1,4
8081,2025-12-14,4,8,1,100,3800,0,0,2318.0,63.0,0,0,1,1,0
8082,2024-09-09,1,24,3,87,1044,41.76,0.0,636.84,31.05,20.04,0,0,1,1
8083,2025-12-12,1,30,1,56,672,53.76,0.0,409.92,26.4,0,0,1,1,0
8084,2025-07-29,2,22,1,52,4420,353.6,0.0,2696.2,41.4,0,0,1,1,0
8085,2025-10-12,2,15,1,55,4675,0,0,2851.75,42.75,0,0,1,1,0
8086,2025-02-27,1,12,2,27,324,25.92,0.0,197.64,22.05,0,0,1,1,0
8087,2024-02-27,3,32,1,93,558,22.32,0.0,340.38,31.95,10.71,58.25,0,1,2
8088,2025-04-15,3,23,1,15,90,7.2,0.0,54.9,20.25,0,0,1,1,0
8089,2024-07-15,1,1,3,26,312,0,0,190.32,21.9,0,0,1,1,0
8090,2024-11-09,3,9,2,63,378,30.24,0.0,230.58,27.45,0,0,1,0,0
8091,2024-05-22,2,17,1,56,4760,380.8,0.0,2903.6,43.2,0,0,1,1,0
8092,2025-03-18,1,9,3,17,204,16.32,0.0,124.44,20.55,0,0,1,1,0
8093,2025-03-30,3,45,2,13,78,6.24,0.0,47.58,19.95,0,0,1,1,0
8094,2025-11-17,1,25,2,96,1152,0,0,702.72,32.4,0,0,1,1,0
8095,2025-05-10,2,48,3,60,5100,0,0,3111.0,45.0,102.0,50.0,0,1,2
8096,2024-07-20,3,18,3,50,300,0,0,183.0,25.5,0,0,1,1,0
8097,2024-11-07,2,14,2,12,1020,81.6,0.0,622.2,23.4,0,0,1,1,0
8098,2024-07-20,1,44,3,56,672,0,0,409.92,26.4,0,0,1,1,0
8099,2025-07-26,3,6,3,72,432,34.56,397.44,263.52,28.8,0,0,1,1,0
8100,2025-12-27,2,18,3,46,3910,312.8,0.0,2385.1,38.7,0,0,1,1,0
8101,2025-04-27,4,31,2,40,1520,0,0,927.2,36.0,0,0,1,1,0
8102,2024-07-11,1,3,3,71,852,0,0,519.72,28.65,17.04,0,0,1,1
8103,2024-03-05,2,34,2,44,3740,299.2,0.0,2281.4,37.8,0,0,1,1,0
8104,2024-12-25,2,15,2,25,2125,0,0,1296.25,29.25,0,0,1,1,0
8105,2025-08-07,1,1,2,18,216,8.64,0.0,131.76,20.7,0,0,1,1,0
8106,2025-04-29,4,3,1,65,2470,98.8,0.0,1506.7,47.25,0,0,1,1,0
8107,2025-12-08,4,24,3,29,1102,88.16,0.0,672.22,31.05,20.28,0,0,1,1
8108,2024-04-25,4,33,1,64,2432,194.56,0.0,1483.52,46.8,0,0,1,1,0
8109,2024-10-10,2,7,1,60,5100,612.0,0.0,3111.0,45.0,0,0,1,1,0
8110,2024-01-07,2,19,1,90,7650,612.0,0.0,4666.5,58.5,0,0,1,1,0
8111,2024-01-31,4,2,3,11,418,33.44,0.0,254.98,22.95,0,0,1,1,0
8112,2025-08-24,4,28,3,39,1482,0,0,904.02,35.55,29.64,44.75,0,1,2
8113,2024-05-10,4,9,3,78,2964,118.56,2845.44,1808.04,53.1,0,0,1,0,0
8114,2025-10-23,2,25,3,78,6630,530.4,0.0,4044.3,53.1,121.99,54.5,0,1,2
8115,2024-02-12,1,36,2,86,1032,0,0,629.52,30.9,0,0,1,1,0
8116,2025-08-08,4,30,2,24,912,36.48,0.0,556.32,28.8,0,0,1,1,0
8117,2024-06-01,3,2,2,73,438,52.56,0.0,267.18,28.95,7.71,53.25,0,1,2
8118,2024-10-30,3,41,1,52,312,0,0,190.32,25.8,6.24,0,0,1,1
8119,2024-05-23,2,38,1,30,2550,204.0,0.0,1555.5,31.5,0,0,1,1,0
8120,2024-08-18,3,6,1,20,120,4.8,0.0,73.2,21.0,0,0,1,1,0
8121,2025-11-26,3,34,2,44,264,0,0,161.04,24.6,0,0,1,0,0
8122,2024-02-24,1,47,2,23,276,33.12,0.0,168.36,21.45,0,0,1,1,0
8123,2025-12-07,2,30,3,78,6630,530.4,0.0,4044.3,53.1,121.99,54.5,0,1,2
8124,2024-06-02,3,42,3,30,180,0,0,109.8,22.5,0,0,1,1,0
8125,2024-12-30,3,10,3,78,468,56.16,0.0,285.48,29.7,8.24,54.5,0,1,2
8126,2024-11-04,3,37,2,83,498,0,0,303.78,30.45,0,0,1,1,0
8127,2025-02-10,4,17,1,11,418,33.44,0.0,254.98,22.95,0,0,1,0,0
8128,2024-06-24,4,19,1,41,1558,0,0,950.38,36.45,0,0,1,1,0
8129,2024-06-03,3,31,1,88,528,42.24,0.0,322.08,31.2,0,0,1,1,0
8130,2025-01-07,3,47,3,47,282,11.28,0.0,172.02,25.05,0,0,1,1,0
8131,2024-06-24,4,3,1,84,3192,0,0,1947.12,55.8,0,0,1,1,0
8132,2024-01-07,3,38,2,42,252,0,0,153.72,24.3,0,0,1,1,0
8133,2025-03-10,1,19,3,24,288,34.56,0.0,175.68,21.6,0,0,1,1,0
8134,2025-03-06,2,43,2,17,1445,173.4,0.0,881.45,25.65,0,0,1,1,0
8135,2025-08-19,2,23,1,27,2295,275.4,0.0,1399.95,30.15,0,0,1,1,0
8136,2024-06-26,3,3,3,86,516,61.92,0.0,314.76,30.9,0,0,1,1,0
8137,2025-07-10,2,10,2,26,2210,0,0,1348.1,29.7,44.2,0,0,1,1
8138,2025-02-01,1,17,1,53,636,76.32,0.0,387.96,25.95,0,0,1,1,0
8139,2024-10-25,2,17,2,77,6545,261.8,0.0,3992.45,52.65,125.66,54.25,0,1,2
8140,2024-02-01,3,1,3,10,60,2.4,0.0,36.6,19.5,0,0,1,1,0
8141,2024-02-10,3,46,3,78,468,0,0,285.48,29.7,9.36,54.5,0,1,2
8142,2025-03-01,3,5,1,66,396,47.52,0.0,241.56,27.9,0,0,1,1,0
8143,2025-01-07,3,42,2,20,120,9.6,0.0,73.2,21.0,0,0,1,1,0
8144,2025-05-26,3,16,3,91,546,43.68,0.0,333.06,31.65,10.05,0,0,1,1
8145,2025-03-20,2,46,3,51,4335,520.2,0.0,2644.35,40.95,0,0,1,1,0
8146,2025-08-02,4,41,3,41,1558,62.32,0.0,950.38,36.45,0,0,1,1,0
8147,2025-12-10,3,24,1,45,270,21.6,0.0,164.7,24.75,0,0,1,1,0
8148,2024-08-21,1,9,2,40,480,57.6,0.0,292.8,24.0,8.45,45.0,0,1,2
8149,2024-12-21,2,45,1,76,6460,516.8,0.0,3940.6,52.2,0,0,1,1,0
8150,2024-07-04,1,36,3,24,288,11.52,0.0,175.68,21.6,5.53,41.0,0,1,2
8151,2025-09-03,4,26,3,86,3268,130.72,0.0,1993.48,56.7,0,0,1,1,0
8152,2025-07-23,3,46,2,16,96,0,0,58.56,20.4,0,0,1,1,0
8153,2025-08-21,4,48,2,38,1444,57.76,0.0,880.84,35.1,0,0,1,1,0
8154,2024-02-27,3,22,2,77,462,36.96,0.0,281.82,29.55,0,0,1,1,0
8155,2024-12-13,3,33,2,90,540,64.8,0.0,329.4,31.5,0,0,1,1,0
8156,2025-10-23,3,35,1,86,516,41.28,0.0,314.76,30.9,0,0,1,1,0
8157,2025-12-16,2,22,1,78,6630,0,0,4044.3,53.1,0,0,1,1,0
8158,2025-02-15,2,32,2,78,6630,530.4,0.0,4044.3,53.1,0,0,1,1,0
8159,2025-10-24,3,48,1,50,300,12.0,0.0,183.0,25.5,0,0,1,1,0
8160,2024-08-05,3,36,3,41,246,29.52,0.0,150.06,24.15,4.33,45.25,0,1,2
8161,2025-06-02,1,45,3,43,516,61.92,0.0,314.76,24.45,9.08,45.75,0,1,4
8162,2025-03-31,1,31,1,89,1068,85.44,0.0,651.48,31.35,0,0,1,1,0
8163,2025-03-23,1,15,1,46,552,0,0,336.72,24.9,0,0,1,1,0
8164,2024-02-16,2,8,3,26,2210,176.8,0.0,1348.1,29.7,40.66,41.5,0,1,4
8165,2024-08-06,1,18,2,42,504,0,0,307.44,24.3,0,0,1,1,0
8166,2025-10-20,2,28,1,10,850,68.0,0.0,518.5,22.5,0,0,1,1,0
8167,2024-07-18,1,17,1,94,1128,135.36,0.0,688.08,32.1,19.85,58.5,0,1,2
8168,2024-11-20,2,13,1,84,7140,571.2,0.0,4355.4,55.8,0,0,1,1,0
8169,2025-06-30,3,46,3,91,546,21.84,0.0,333.06,31.65,0,0,1,1,0
8170,2025-10-01,3,26,2,19,114,13.68,0.0,69.54,20.85,2.01,39.75,0,1,2
8171,2025-04-08,2,3,2,87,7395,591.6,0.0,4510.95,57.15,0,0,1,1,0
8172,2025-03-28,4,42,2,48,1824,0,0,1112.64,39.6,0,0,1,1,0
8173,2025-10-08,2,31,1,51,4335,346.8,0.0,2644.35,40.95,0,0,1,1,0
8174,2024-02-01,2,32,3,100,8500,680.0,0.0,5185.0,63.0,156.4,0,0,1,1
8175,2024-11-25,3,20,1,56,336,13.44,0.0,204.96,26.4,0,0,1,1,0
8176,2024-03-28,1,46,2,57,684,82.08,0.0,417.24,26.55,12.04,49.25,0,1,2
8177,2025-05-25,3,25,2,28,168,0,0,102.48,22.2,0,0,1,1,0
8178,2024-09-08,1,48,1,30,360,14.4,0.0,219.6,22.5,0,0,1,1,0
8179,2025-09-16,1,9,2,28,336,26.88,0.0,204.96,22.2,0,0,1,1,0
8180,2024-11-26,3,6,2,31,186,7.44,0.0,113.46,22.65,0,0,1,1,0
8181,2025-03-04,2,27,1,91,7735,309.4,0.0,4718.35,58.95,0,0,1,1,0
8182,2025-02-18,4,32,2,10,380,30.4,0.0,231.8,22.5,0,0,1,1,0
8183,2024-02-17,3,36,2,77,462,36.96,0.0,281.82,29.55,0,0,1,1,0
8184,2024-06-19,1,26,1,31,372,44.64,0.0,226.92,22.65,0,0,1,1,0
8185,2024-03-23,2,10,3,51,4335,346.8,0.0,2644.35,40.95,0,0,1,1,0
8186,2025-12-25,1,9,2,31,372,44.64,0.0,226.92,22.65,6.55,42.75,0,1,2
8187,2025-12-27,2,17,1,72,6120,734.4,0.0,3733.2,50.4,0,0,1,1,0
8188,2024-06-07,2,13,1,28,2380,190.4,0.0,1451.8,30.6,0,0,1,1,0
8189,2024-11-24,2,44,1,34,2890,115.6,0.0,1762.9,33.3,0,0,1,1,0
8190,2025-02-05,1,18,1,39,468,56.16,0.0,285.48,23.85,8.24,0,0,0,1
8191,2025-01-02,2,1,1,71,6035,724.2,0.0,3681.35,49.95,0,0,1,1,0
8192,2024-08-10,1,20,1,67,804,32.16,0.0,490.44,28.05,0,0,1,1,0
8193,2025-05-16,4,34,2,25,950,114.0,0.0,579.5,29.25,0,0,1,1,0
8194,2024-12-22,1,33,2,99,1188,142.56,0.0,724.68,32.85,20.91,0,0,1,1
8195,2025-06-22,4,7,2,60,2280,182.4,0.0,1390.8,45.0,0,0,1,1,0
8196,2024-09-21,4,30,1,52,1976,79.04,0.0,1205.36,41.4,0,0,1,1,0
8197,2025-08-30,2,3,2,84,7140,285.6,0.0,4355.4,55.8,0,0,1,0,0
8198,2025-04-09,1,29,3,77,924,110.88,0.0,563.64,29.55,0,0,1,1,0
8199,2024-04-16,3,7,3,15,90,7.2,0.0,54.9,20.25,0,0,1,1,0
8200,2025-10-27,2,18,2,90,7650,612.0,0.0,4666.5,58.5,140.76,57.5,0,1,2
8201,2025-06-27,2,32,1,93,7905,948.6,0.0,4822.05,59.85,139.13,0,0,1,1
8202,2024-10-18,2,17,3,28,2380,0,0,1451.8,30.6,0,0,1,1,0
8203,2024-04-08,1,21,3,45,540,43.2,0.0,329.4,24.75,0,0,1,1,0
8204,2024-04-11,4,14,1,22,836,100.32,0.0,509.96,27.9,0,0,1,1,0
8205,2024-08-24,2,34,2,72,6120,489.6,0.0,3733.2,50.4,112.61,0,0,0,1
8206,2024-08-17,3,1,2,90,540,64.8,0.0,329.4,31.5,0,0,1,1,0
8207,2024-09-03,2,1,3,65,5525,663.0,0.0,3370.25,47.25,0,0,1,1,0
8208,2024-04-08,4,41,2,18,684,54.72,0.0,417.24,26.1,0,0,1,1,0
8209,2024-09-23,1,46,1,31,372,14.88,0.0,226.92,22.65,7.14,42.75,0,1,4
8210,2025-02-17,4,10,3,100,3800,456.0,0.0,2318.0,63.0,0,0,1,1,0
8211,2024-08-02,2,47,1,61,5185,0,0,3162.85,45.45,103.7,50.25,0,1,2
8212,2025-06-05,3,14,3,28,168,6.72,0.0,102.48,22.2,3.23,0,0,1,1
8213,2025-04-04,4,20,1,66,2508,200.64,0.0,1529.88,47.7,0,0,1,1,0
8214,2024-12-29,1,37,3,36,432,51.84,0.0,263.52,23.4,0,0,1,1,0
8215,2024-03-01,2,31,1,47,3995,479.4,0.0,2436.95,39.15,0,0,1,1,0
8216,2024-11-02,4,31,3,99,3762,451.44,0.0,2294.82,62.55,66.21,0,0,1,1
8217,2025-10-04,2,2,2,52,4420,530.4,0.0,2696.2,41.4,0,0,1,1,0
8218,2025-09-21,4,10,1,81,3078,0,0,1877.58,54.45,0,0,1,1,0
8219,2025-02-21,3,42,1,88,528,0,0,322.08,31.2,0,0,1,1,0
8220,2024-01-26,1,7,3,56,672,53.76,0.0,409.92,26.4,12.36,49.0,0,1,2
8221,2024-01-10,2,23,1,71,6035,241.4,0.0,3681.35,49.95,0,0,1,1,0
8222,2025-10-12,3,11,1,82,492,19.68,0.0,300.12,30.3,0,0,1,1,0
8223,2025-03-24,2,15,2,15,1275,102.0,0.0,777.75,24.75,0,0,1,1,0
8224,2025-01-05,1,3,2,64,768,61.44,0.0,468.48,27.6,0,0,1,1,0
8225,2025-03-06,2,16,1,47,3995,479.4,0.0,2436.95,39.15,0,0,1,1,0
8226,2025-06-06,2,36,2,61,5185,0,0,3162.85,45.45,0,0,1,1,0
8227,2025-12-30,1,22,3,60,720,86.4,0.0,439.2,27.0,12.67,0,0,1,1
8228,2025-08-13,2,28,1,93,7905,948.6,0.0,4822.05,59.85,0,0,1,1,0
8229,2025-11-19,3,30,2,45,270,21.6,0.0,164.7,24.75,0,0,1,1,0
8230,2025-03-10,2,22,1,95,8075,0,0,4925.75,60.75,0,0,1,1,0
8231,2024-09-02,2,14,3,73,6205,744.6,0.0,3785.05,50.85,109.21,53.25,0,1,4
8232,2024-05-26,4,26,3,83,3154,252.32,0.0,1923.94,55.35,58.03,0,0,1,1
8233,2025-07-16,1,21,1,14,168,20.16,0.0,102.48,20.1,0,0,1,1,0
8234,2024-11-15,1,48,2,26,312,24.96,0.0,190.32,21.9,0,0,1,1,0
8235,2025-03-25,2,34,3,88,7480,598.4,0.0,4562.8,57.6,0,0,1,1,0
8236,2025-03-08,1,32,2,10,120,9.6,0.0,73.2,19.5,0,0,1,1,0
8237,2024-10-15,1,18,2,87,1044,0,0,636.84,31.05,0,0,1,1,0
8238,2025-07-17,1,44,2,56,672,53.76,0.0,409.92,26.4,12.36,49.0,0,1,4
8239,2025-02-14,3,42,3,92,552,22.08,0.0,336.72,31.8,10.6,0,0,1,1
8240,2024-10-03,2,44,2,83,7055,846.6,0.0,4303.55,55.35,124.17,55.75,0,1,4
8241,2024-08-31,2,48,1,18,1530,61.2,0.0,933.3,26.1,0,0,1,1,0
8242,2024-07-28,3,9,2,51,306,0,0,186.66,25.65,0,0,1,1,0
8243,2025-10-15,2,11,2,92,7820,625.6,0.0,4770.2,59.4,143.89,58.0,0,1,2
8244,2024-12-01,1,40,1,20,240,9.6,0.0,146.4,21.0,0,0,1,1,0
8245,2025-05-13,2,39,2,85,7225,867.0,0.0,4407.25,56.25,0,0,1,1,0
8246,2025-12-07,2,34,1,17,1445,57.8,0.0,881.45,25.65,0,0,1,1,0
8247,2024-07-25,1,33,2,27,324,12.96,0.0,197.64,22.05,0,0,1,1,0
8248,2024-10-01,4,38,2,76,2888,0,0,1761.68,52.2,0,0,1,1,0
8249,2024-07-17,2,29,2,79,6715,0,0,4096.15,53.55,0,0,1,1,0
8250,2025-09-28,2,48,3,57,4845,581.4,0.0,2955.45,43.65,0,0,1,1,0
8251,2024-02-04,3,31,3,32,192,0,0,117.12,22.8,0,0,1,1,0
8252,2024-01-18,2,22,3,99,8415,0,8415,5133.15,62.55,0,0,1,1,0
8253,2025-11-01,3,29,3,68,408,0,0,248.88,28.2,0,0,1,1,0
8254,2024-12-20,3,35,3,57,342,0,0,208.62,26.55,6.84,49.25,0,1,2
8255,2024-01-11,4,16,1,42,1596,63.84,0.0,973.56,36.9,0,0,1,1,0
8256,2025-02-02,4,38,2,73,2774,221.92,0.0,1692.14,50.85,51.04,53.25,0,1,2
8257,2024-07-11,1,23,1,95,1140,91.2,0.0,695.4,32.25,0,0,1,1,0
8258,2024-11-08,1,10,1,84,1008,80.64,0.0,614.88,30.6,0,0,1,1,0
8259,2024-06-03,3,46,1,57,342,0,0,208.62,26.55,0,0,1,1,0
8260,2024-09-08,3,37,2,48,288,23.04,0.0,175.68,25.2,5.3,47.0,0,1,2
8261,2024-08-10,2,10,1,94,7990,639.2,0.0,4873.9,60.3,0,0,1,1,0
8262,2025-02-09,4,5,2,56,2128,0,0,1298.08,43.2,0,0,1,1,0
8263,2025-04-26,1,20,3,23,276,11.04,0.0,168.36,21.45,0,0,1,1,0
8264,2024-04-21,2,43,1,39,3315,265.2,0.0,2022.15,35.55,0,0,1,1,0
8265,2024-05-04,3,29,1,67,402,32.16,0.0,245.22,28.05,7.4,51.75,0,1,2
8266,2025-04-04,1,34,2,58,696,27.84,0.0,424.56,26.7,0,0,1,1,0
8267,2025-01-10,3,9,3,46,276,0,0,168.36,24.9,0,0,1,1,0
8268,2024-12-02,3,31,1,28,168,20.16,0.0,102.48,22.2,0,0,1,1,0
8269,2025-09-15,4,30,1,10,380,0,0,231.8,22.5,0,0,1,0,0
8270,2024-12-23,2,22,1,66,5610,448.8,0.0,3422.1,47.7,103.22,51.5,0,1,2
8271,2025-09-07,4,15,1,29,1102,132.24,0.0,672.22,31.05,19.4,0,0,1,1
8272,2024-04-07,2,18,1,86,7310,877.2,6432.8,4459.1,56.7,128.66,0,0,1,1
8273,2024-01-04,2,6,3,63,5355,214.2,0.0,3266.55,46.35,102.82,50.75,0,1,2
8274,2024-04-09,1,40,1,95,1140,0,0,695.4,32.25,22.8,0,0,1,1
8275,2025-04-11,4,3,1,98,3724,297.92,0.0,2271.64,62.1,0,0,1,1,0
8276,2024-10-21,3,16,3,93,558,66.96,0.0,340.38,31.95,9.82,0,0,1,1
8277,2024-03-16,1,1,2,30,360,14.4,0.0,219.6,22.5,0,0,1,0,0
8278,2024-09-23,3,32,3,20,120,0,0,73.2,21.0,2.4,40.0,0,1,4
8279,2024-06-22,2,4,2,58,4930,0,0,3007.3,44.1,0,0,1,1,0
8280,2025-03-08,1,42,3,36,432,34.56,0.0,263.52,23.4,0,0,1,1,0
8281,2024-12-26,3,38,2,14,84,0,0,51.24,20.1,0,0,1,1,0
8282,2024-01-01,3,39,2,37,222,8.88,0.0,135.42,23.55,0,0,1,1,0
8283,2025-08-11,1,10,2,58,696,83.52,0.0,424.56,26.7,12.25,49.5,0,1,2
8284,2024-08-06,4,42,3,74,2812,0,0,1715.32,51.3,0,0,1,1,0
8285,2025-02-16,2,47,1,36,3060,122.4,0.0,1866.6,34.2,0,0,1,1,0
8286,2025-01-16,2,26,3,49,4165,166.6,0.0,2540.65,40.05,79.97,0,0,1,1
8287,2025-01-22,2,33,2,40,3400,136.0,0.0,2074.0,36.0,0,0,1,1,0
8288,2025-11-29,1,16,1,29,348,41.76,0.0,212.28,22.35,6.12,0,0,1,1
8289,2025-05-10,3,9,2,61,366,29.28,0.0,223.26,27.15,0,0,1,1,0
8290,2025-12-07,3,2,2,78,468,18.72,0.0,285.48,29.7,0,0,1,1,0
8291,2025-09-15,3,17,3,42,252,0,0,153.72,24.3,5.04,0,0,1,1
8292,2024-10-07,2,13,1,42,3570,0,0,2177.7,36.9,0,0,1,1,0
8293,2025-04-26,3,47,2,27,162,0,0,98.82,22.05,0,0,1,0,0
8294,2024-11-14,2,38,3,82,6970,557.6,0.0,4251.7,54.9,128.25,0,0,0,1
8295,2024-03-27,3,17,1,37,222,0,0,135.42,23.55,0,0,1,1,0
8296,2025-07-02,3,39,1,73,438,17.52,0.0,267.18,28.95,8.41,53.25,0,1,4
8297,2024-03-06,1,2,2,88,1056,126.72,0.0,644.16,31.2,18.59,57.0,0,1,4
8298,2024-05-26,4,3,1,95,3610,0,0,2202.1,60.75,0,0,1,1,0
8299,2025-07-23,2,31,2,70,5950,238.0,0.0,3629.5,49.5,0,0,1,1,0
8300,2024-03-17,1,13,2,99,1188,95.04,0.0,724.68,32.85,0,0,1,1,0
8301,2025-07-14,1,38,1,55,660,0,0,402.6,26.25,0,0,1,1,0
8302,2025-04-25,3,8,2,31,186,14.88,0.0,113.46,22.65,3.42,42.75,0,1,4
8303,2024-12-25,4,12,1,38,1444,115.52,0.0,880.84,35.1,0,0,1,1,0
8304,2024-07-03,3,24,2,40,240,28.8,0.0,146.4,24.0,0,0,1,1,0
8305,2025-04-16,2,45,2,65,5525,0,5525,3370.25,47.25,0,0,1,1,0
8306,2024-06-17,1,47,3,93,1116,133.92,0.0,680.76,31.95,19.64,0,0,1,1
8307,2025-12-25,2,24,3,71,6035,241.4,0.0,3681.35,49.95,0,0,1,1,0
8308,2025-04-16,1,22,2,51,612,0,0,373.32,25.65,0,0,1,1,0
8309,2025-12-29,1,39,1,64,768,0,0,468.48,27.6,0,0,1,1,0
8310,2024-07-29,3,39,2,18,108,0,0,65.88,20.7,0,0,1,1,0
8311,2025-12-09,2,32,1,70,5950,714.0,0.0,3629.5,49.5,0,0,1,1,0
8312,2025-04-30,2,3,2,70,5950,238.0,0.0,3629.5,49.5,0,0,1,1,0
8313,2024-09-18,2,5,3,11,935,74.8,0.0,570.35,22.95,0,0,1,1,0
8314,2025-02-04,2,29,2,40,3400,408.0,2992.0,2074.0,36.0,0,0,1,1,0
8315,2025-09-05,4,9,3,63,2394,287.28,0.0,1460.34,46.35,42.13,50.75,0,1,2
8316,2025-11-03,2,2,1,62,5270,421.6,0.0,3214.7,45.9,0,0,1,1,0
8317,2024-10-21,3,32,1,36,216,8.64,0.0,131.76,23.4,0,0,1,1,0
8318,2025-01-18,2,45,1,89,7565,907.8,0.0,4614.65,58.05,0,0,1,1,0
8319,2024-05-04,2,13,2,49,4165,333.2,0.0,2540.65,40.05,0,0,1,1,0
8320,2024-12-23,1,11,2,87,1044,41.76,0.0,636.84,31.05,0,0,1,1,0
8321,2025-06-02,2,35,1,12,1020,40.8,0.0,622.2,23.4,0,0,1,1,0
8322,2025-03-10,2,45,3,85,7225,0,0,4407.25,56.25,144.5,56.25,0,1,2
8323,2024-11-10,4,12,2,10,380,15.2,0.0,231.8,22.5,7.3,0,0,1,1
8324,2024-01-21,4,34,3,71,2698,323.76,0.0,1645.78,49.95,47.48,52.75,0,1,2
8325,2025-10-16,3,1,1,90,540,64.8,0.0,329.4,31.5,0,0,1,1,0
8326,2024-09-04,1,23,1,62,744,0,0,453.84,27.3,14.88,50.5,0,1,2
8327,2024-02-22,1,28,1,17,204,0,0,124.44,20.55,4.08,0,0,1,1
8328,2025-08-12,2,29,3,39,3315,132.6,0.0,2022.15,35.55,63.65,44.75,0,1,2
8329,2024-07-29,4,43,3,48,1824,72.96,1751.04,1112.64,39.6,0,0,1,1,0
8330,2025-04-20,2,20,2,91,7735,928.2,0.0,4718.35,58.95,136.14,57.75,0,1,4
8331,2025-10-01,4,32,2,36,1368,54.72,0.0,834.48,34.2,0,0,1,1,0
8332,2025-03-05,1,2,3,65,780,31.2,0.0,475.8,27.75,14.98,51.25,0,1,2
8333,2025-06-03,4,48,3,13,494,39.52,0.0,301.34,23.85,9.09,38.25,0,1,4
8334,2025-12-10,3,6,2,48,288,23.04,0.0,175.68,25.2,0,0,1,1,0
8335,2025-08-23,1,18,1,38,456,54.72,0.0,278.16,23.7,0,0,1,1,0
8336,2024-01-28,4,39,1,84,3192,0,3192,1947.12,55.8,0,0,1,1,0
8337,2025-05-08,4,2,2,43,1634,0,0,996.74,37.35,0,0,1,1,0
8338,2024-02-10,1,31,3,71,852,68.16,0.0,519.72,28.65,15.68,52.75,0,1,2
8339,2024-11-10,2,14,3,46,3910,312.8,0.0,2385.1,38.7,0,0,1,1,0
8340,2024-12-24,4,39,2,90,3420,273.6,0.0,2086.2,58.5,0,0,1,1,0
8341,2024-04-29,3,27,1,34,204,16.32,0.0,124.44,23.1,3.75,43.5,0,1,2
8342,2024-07-25,1,16,2,67,804,0,0,490.44,28.05,0,0,1,1,0
8343,2025-08-16,2,21,1,12,1020,122.4,0.0,622.2,23.4,0,0,1,1,0
8344,2024-07-02,1,33,1,53,636,25.44,0.0,387.96,25.95,0,0,1,1,0
8345,2024-03-26,1,10,1,18,216,0,0,131.76,20.7,0,0,1,1,0
8346,2024-09-07,1,18,3,52,624,74.88,0.0,380.64,25.8,10.98,48.0,0,1,4
8347,2024-08-31,2,23,1,44,3740,149.6,0.0,2281.4,37.8,71.81,0,0,1,1
8348,2025-07-09,2,13,3,48,4080,326.4,3753.6,2488.8,39.6,0,0,1,1,0
8349,2025-06-29,3,28,3,56,336,13.44,0.0,204.96,26.4,0,0,1,1,0
8350,2025-07-17,2,26,1,82,6970,0,0,4251.7,54.9,0,0,1,1,0
8351,2025-06-23,3,6,2,57,342,13.68,0.0,208.62,26.55,6.57,0,0,1,1
8352,2024-01-29,3,30,3,76,456,54.72,0.0,278.16,29.4,8.03,54.0,0,1,2
8353,2024-09-27,3,45,2,36,216,25.92,0.0,131.76,23.4,0,0,1,1,0
8354,2024-07-15,4,15,2,85,3230,387.6,0.0,1970.3,56.25,56.85,0,0,1,1
8355,2024-07-28,4,19,3,92,3496,0,0,2132.56,59.4,69.92,58.0,0,1,4
8356,2024-06-25,1,30,3,10,120,9.6,0.0,73.2,19.5,0,0,1,1,0
8357,2025-05-21,1,16,1,69,828,66.24,0.0,505.08,28.35,0,0,1,1,0
8358,2024-07-27,4,29,2,83,3154,126.16,0.0,1923.94,55.35,0,0,1,1,0
8359,2024-02-03,1,44,1,53,636,50.88,0.0,387.96,25.95,11.7,48.25,0,1,2
8360,2025-07-11,3,14,2,19,114,13.68,0.0,69.54,20.85,2.01,39.75,0,1,4
8361,2025-06-02,4,38,1,67,2546,203.68,0.0,1553.06,48.15,0,0,1,1,0
8362,2024-06-20,1,18,1,78,936,74.88,0.0,570.96,29.7,0,0,1,1,0
8363,2025-05-27,3,18,1,68,408,48.96,0.0,248.88,28.2,0,0,1,1,0
8364,2025-01-20,1,15,2,78,936,74.88,0.0,570.96,29.7,0,0,1,1,0
8365,2024-01-17,4,17,3,54,2052,82.08,0.0,1251.72,42.3,39.4,48.5,0,1,2
8366,2025-02-23,3,45,2,40,240,28.8,0.0,146.4,24.0,0,0,1,1,0
8367,2025-08-13,1,17,3,80,960,115.2,0.0,585.6,30.0,16.9,0,0,1,1
8368,2024-01-20,2,23,2,16,1360,108.8,0.0,829.6,25.2,25.02,39.0,0,1,2
8369,2025-06-16,2,15,1,22,1870,149.6,0.0,1140.7,27.9,0,0,1,1,0
8370,2025-11-18,3,41,2,14,84,0,0,51.24,20.1,0,0,1,1,0
8371,2025-04-14,4,13,1,30,1140,45.6,0.0,695.4,31.5,0,0,1,1,0
8372,2025-05-14,2,5,2,100,8500,0,0,5185.0,63.0,170.0,0,0,1,1
8373,2025-02-12,1,44,1,93,1116,0,0,680.76,31.95,0,0,1,1,0
8374,2025-12-21,4,41,1,83,3154,126.16,0.0,1923.94,55.35,60.56,0,0,1,1
8375,2024-10-17,3,31,3,59,354,14.16,0.0,215.94,26.85,0,0,1,1,0
8376,2025-11-08,1,43,1,73,876,105.12,0.0,534.36,28.95,0,0,1,1,0
8377,2025-03-27,3,31,1,31,186,0,0,113.46,22.65,0,0,1,1,0
8378,2024-11-23,1,7,2,44,528,0,528,322.08,24.6,0,0,1,1,0
8379,2025-02-24,2,5,3,74,6290,0,0,3836.9,51.3,0,0,1,1,0
8380,2025-04-17,3,6,3,72,432,51.84,0.0,263.52,28.8,0,0,1,1,0
8381,2025-04-01,2,8,1,85,7225,578.0,0.0,4407.25,56.25,0,0,1,1,0
8382,2025-04-10,3,25,3,81,486,0,0,296.46,30.15,9.72,55.25,0,1,2
8383,2025-05-29,3,29,2,51,306,24.48,0.0,186.66,25.65,0,0,1,1,0
8384,2024-04-26,2,30,1,84,7140,285.6,0.0,4355.4,55.8,0,0,1,1,0
8385,2024-08-23,3,47,2,28,168,0,0,102.48,22.2,0,0,1,1,0
8386,2025-02-12,2,4,2,44,3740,0,0,2281.4,37.8,0,0,1,1,0
8387,2025-12-20,2,5,3,44,3740,448.8,0.0,2281.4,37.8,0,0,1,1,0
8388,2024-09-09,3,23,3,60,360,14.4,0.0,219.6,27.0,6.91,0,0,1,1
8389,2024-08-28,3,23,1,83,498,39.84,0.0,303.78,30.45,0,0,1,1,0
8390,2024-09-18,4,17,3,22,836,0,0,509.96,27.9,16.72,40.5,0,1,2
8391,2025-08-21,1,38,3,35,420,0,0,256.2,23.25,8.4,43.75,0,1,2
8392,2024-07-14,3,3,2,71,426,34.08,0.0,259.86,28.65,7.84,0,0,1,1
8393,2025-04-28,4,21,3,36,1368,0,0,834.48,34.2,27.36,44.0,0,1,2
8394,2025-06-01,3,23,1,35,210,16.8,0.0,128.1,23.25,0,0,1,1,0
8395,2024-01-14,1,21,3,17,204,24.48,0.0,124.44,20.55,0,0,1,1,0
8396,2025-02-20,3,39,1,87,522,62.64,0.0,318.42,31.05,0,0,1,1,0
8397,2024-10-08,3,35,2,91,546,0,546,333.06,31.65,10.92,0,0,1,1
8398,2025-06-20,1,46,3,37,444,17.76,0.0,270.84,23.55,0,0,1,1,0
8399,2025-10-21,3,38,2,44,264,31.68,0.0,161.04,24.6,4.65,0,0,1,1
8400,2025-08-03,4,23,3,88,3344,0,3344,2039.84,57.6,0,0,1,1,0
8401,2024-06-25,4,31,3,44,1672,66.88,0.0,1019.92,37.8,0,0,1,0,0
8402,2024-01-18,4,7,2,68,2584,310.08,2273.92,1576.24,48.6,0,0,1,1,0
8403,2025-01-20,3,27,1,67,402,48.24,0.0,245.22,28.05,0,0,1,1,0
8404,2025-01-21,4,17,2,55,2090,167.2,0.0,1274.9,42.75,0,0,1,1,0
8405,2025-07-30,3,35,1,13,78,3.12,0.0,47.58,19.95,0,0,1,1,0
8406,2025-01-15,4,37,3,77,2926,117.04,0.0,1784.86,52.65,56.18,54.25,0,1,2
8407,2024-02-13,3,42,1,74,444,35.52,0.0,270.84,29.1,0,0,1,1,0
8408,2025-09-15,4,10,3,90,3420,273.6,0.0,2086.2,58.5,62.93,0,0,1,1
8409,2025-11-13,3,8,3,21,126,5.04,0.0,76.86,21.15,0,0,1,1,0
8410,2024-04-25,2,5,2,66,5610,673.2,0.0,3422.1,47.7,0,0,1,1,0
8411,2025-07-14,3,33,1,44,264,0,0,161.04,24.6,0,0,1,1,0
8412,2024-11-05,1,6,2,40,480,38.4,0.0,292.8,24.0,0,0,1,1,0
8413,2025-04-11,4,21,1,51,1938,155.04,0.0,1182.18,40.95,0,0,1,1,0
8414,2024-10-29,3,35,1,56,336,0,0,204.96,26.4,0,0,1,1,0
8415,2024-03-20,3,35,1,21,126,5.04,0.0,76.86,21.15,2.42,0,0,1,1
8416,2025-11-11,2,45,1,87,7395,887.4,0.0,4510.95,57.15,0,0,1,1,0
8417,2024-05-01,2,2,1,89,7565,907.8,0.0,4614.65,58.05,0,0,1,1,0
8418,2025-07-19,2,13,3,74,6290,0,0,3836.9,51.3,125.8,0,0,1,1
8419,2025-12-15,3,43,1,35,210,25.2,0.0,128.1,23.25,0,0,1,1,0
8420,2025-08-20,4,28,3,13,494,39.52,0.0,301.34,23.85,0,0,1,1,0
8421,2025-07-15,2,46,1,25,2125,255.0,0.0,1296.25,29.25,0,0,1,1,0
8422,2024-06-28,1,29,3,60,720,86.4,0.0,439.2,27.0,0,0,1,1,0
8423,2024-10-19,1,2,1,21,252,20.16,0.0,153.72,21.15,0,0,1,1,0
8424,2024-05-20,3,20,2,99,594,0,0,362.34,32.85,0,0,1,1,0
8425,2024-01-07,2,21,2,24,2040,244.8,0.0,1244.4,28.8,0,0,1,0,0
8426,2024-01-29,1,14,3,37,444,17.76,0.0,270.84,23.55,8.52,44.25,0,1,4
8427,2024-04-12,3,20,3,37,222,26.64,0.0,135.42,23.55,3.91,0,0,1,1
8428,2025-06-14,3,48,2,97,582,0,0,355.02,32.55,0,0,1,1,0
8429,2025-01-21,3,9,3,93,558,66.96,0.0,340.38,31.95,0,0,1,1,0
8430,2025-07-12,1,22,3,16,192,23.04,0.0,117.12,20.4,0,0,1,1,0
8431,2025-12-23,4,19,3,37,1406,112.48,0.0,857.66,34.65,0,0,1,1,0
8432,2025-03-27,2,13,1,19,1615,64.6,0.0,985.15,26.55,0,0,1,1,0
8433,2025-02-24,1,37,2,71,852,0,0,519.72,28.65,17.04,52.75,0,1,2
8434,2024-05-28,1,34,3,47,564,45.12,0.0,344.04,25.05,10.38,0,0,1,1
8435,2024-09-12,2,5,1,76,6460,0,0,3940.6,52.2,0,0,1,0,0
8436,2024-06-03,3,14,3,31,186,22.32,0.0,113.46,22.65,0,0,1,1,0
8437,2025-10-13,3,30,2,70,420,0,0,256.2,28.5,8.4,0,0,1,1
8438,2024-02-07,1,47,1,49,588,47.04,0.0,358.68,25.35,0,0,1,1,0
8439,2025-12-26,3,14,2,24,144,0,0,87.84,21.6,0,0,1,1,0
8440,2025-11-17,1,41,3,98,1176,0,0,717.36,32.7,23.52,59.5,0,1,2
8441,2025-10-08,1,36,1,76,912,36.48,0.0,556.32,29.4,0,0,1,1,0
8442,2025-09-17,2,31,2,99,8415,673.2,0.0,5133.15,62.55,0,0,1,0,0
8443,2025-06-04,4,23,3,58,2204,88.16,0.0,1344.44,44.1,0,0,1,1,0
8444,2025-03-06,2,48,3,73,6205,744.6,0.0,3785.05,50.85,0,0,1,1,0
8445,2024-11-14,2,14,3,56,4760,190.4,0.0,2903.6,43.2,91.39,0,0,1,1
8446,2025-09-20,2,34,2,83,7055,846.6,0.0,4303.55,55.35,0,0,1,1,0
8447,2025-10-10,1,32,1,27,324,25.92,0.0,197.64,22.05,0,0,1,1,0
8448,2024-01-24,4,30,1,63,2394,287.28,0.0,1460.34,46.35,0,0,1,1,0
8449,2025-09-10,4,11,2,63,2394,287.28,0.0,1460.34,46.35,0,0,1,1,0
8450,2024-01-05,3,21,1,20,120,4.8,0.0,73.2,21.0,0,0,1,1,0
8451,2024-08-18,2,9,2,48,4080,0,0,2488.8,39.6,0,0,1,1,0
8452,2025-08-15,4,23,2,45,1710,136.8,0.0,1043.1,38.25,0,0,1,1,0
8453,2025-08-10,3,19,3,93,558,0,0,340.38,31.95,11.16,58.25,0,1,4
8454,2025-02-10,3,41,3,38,228,9.12,0.0,139.08,23.7,0,0,1,1,0
8455,2025-06-30,4,3,3,73,2774,0,0,1692.14,50.85,0,0,1,1,0
8456,2025-12-24,3,16,1,48,288,11.52,0.0,175.68,25.2,0,0,1,1,0
8457,2025-03-21,2,6,1,44,3740,149.6,0.0,2281.4,37.8,0,0,1,1,0
8458,2024-06-03,1,11,3,82,984,118.08,0.0,600.24,30.3,17.32,55.5,0,1,2
8459,2025-06-26,4,3,3,46,1748,209.76,0.0,1066.28,38.7,0,0,1,1,0
8460,2025-11-21,4,10,3,94,3572,285.76,0.0,2178.92,60.3,0,0,1,1,0
8461,2025-02-16,1,20,3,95,1140,45.6,0.0,695.4,32.25,0,0,1,1,0
8462,2025-09-21,4,35,1,60,2280,0,0,1390.8,45.0,0,0,1,1,0
8463,2024-01-11,1,30,1,32,384,0,0,234.24,22.8,0,0,1,1,0
8464,2025-11-19,1,38,1,86,1032,41.28,0.0,629.52,30.9,0,0,1,1,0
8465,2024-07-11,1,27,2,84,1008,80.64,0.0,614.88,30.6,0,0,1,0,0
8466,2025-05-12,4,28,3,83,3154,126.16,0.0,1923.94,55.35,0,0,1,1,0
8467,2024-09-12,1,24,2,33,396,31.68,0.0,241.56,22.95,0,0,1,1,0
8468,2024-07-11,2,21,1,45,3825,0,0,2333.25,38.25,0,0,1,1,0
8469,2025-01-13,1,7,2,71,852,34.08,0.0,519.72,28.65,0,0,1,1,0
8470,2025-09-08,3,30,1,74,444,35.52,0.0,270.84,29.1,0,0,1,1,0
8471,2024-02-13,1,44,2,68,816,65.28,0.0,497.76,28.2,0,0,1,1,0
8472,2024-11-09,4,21,3,16,608,72.96,0.0,370.88,25.2,0,0,1,1,0
8473,2025-04-08,4,26,3,69,2622,314.64,0.0,1599.42,49.05,0,0,1,1,0
8474,2025-09-04,3,2,1,91,546,0,0,333.06,31.65,0,0,1,0,0
8475,2024-07-24,2,33,2,56,4760,571.2,0.0,2903.6,43.2,83.78,0,0,1,1
8476,2024-12-05,2,20,3,16,1360,54.4,0.0,829.6,25.2,0,0,1,1,0
8477,2024-10-04,3,19,3,15,90,0,0,54.9,20.25,0,0,1,1,0
8478,2024-09-25,4,40,1,30,1140,45.6,0.0,695.4,31.5,0,0,1,1,0
8479,2024-04-01,4,27,1,85,3230,258.4,2971.6,1970.3,56.25,0,0,1,1,0
8480,2024-10-05,1,42,3,82,984,0,0,600.24,30.3,0,0,1,1,0
8481,2024-03-23,2,21,2,31,2635,210.8,0.0,1607.35,31.95,0,0,1,1,0
8482,2025-10-31,3,24,3,30,180,0,0,109.8,22.5,0,0,1,1,0
8483,2024-03-14,3,30,2,49,294,23.52,0.0,179.34,25.35,0,0,1,1,0
8484,2025-09-20,1,27,1,14,168,20.16,0.0,102.48,20.1,0,0,1,0,0
8485,2025-01-16,1,19,1,80,960,115.2,0.0,585.6,30.0,0,0,1,1,0
8486,2024-03-20,4,36,3,27,1026,41.04,984.96,625.86,30.15,19.7,41.75,0,1,2
8487,2025-09-20,2,36,2,27,2295,0,2295,1399.95,30.15,0,0,1,1,0
8488,2025-03-20,1,38,2,88,1056,0,0,644.16,31.2,0,0,1,1,0
8489,2024-03-08,1,19,2,84,1008,80.64,0.0,614.88,30.6,0,0,1,1,0
8490,2024-10-13,2,13,2,16,1360,163.2,0.0,829.6,25.2,0,0,1,1,0
8491,2025-05-08,3,15,3,73,438,52.56,0.0,267.18,28.95,0,0,1,1,0
8492,2025-12-21,1,20,2,78,936,112.32,0.0,570.96,29.7,0,0,1,1,0
8493,2025-06-28,3,7,3,78,468,37.44,0.0,285.48,29.7,8.61,54.5,0,0,2
8494,2024-01-13,2,45,3,89,7565,0,0,4614.65,58.05,151.3,57.25,0,1,4
8495,2024-03-14,3,19,2,93,558,0,0,340.38,31.95,0,0,1,1,0
8496,2024-03-06,3,32,3,67,402,16.08,0.0,245.22,28.05,7.72,0,0,1,1
8497,2024-09-16,2,31,3,56,4760,380.8,0.0,2903.6,43.2,0,0,1,1,0
8498,2024-02-25,1,28,1,46,552,66.24,0.0,336.72,24.9,0,0,1,1,0
8499,2025-04-28,3,17,2,97,582,23.28,0.0,355.02,32.55,0,0,1,1,0
8500,2025-01-31,4,18,1,96,3648,145.92,0.0,2225.28,61.2,0,0,1,1,0
8501,2025-11-24,1,42,2,31,372,0,0,226.92,22.65,0,0,1,1,0
8502,2025-12-20,4,35,1,81,3078,0,0,1877.58,54.45,0,0,1,1,0
8503,2024-06-03,2,9,2,36,3060,244.8,0.0,1866.6,34.2,56.3,44.0,0,1,2
8504,2025-01-04,2,5,2,62,5270,632.4,0.0,3214.7,45.9,0,0,1,1,0
8505,2024-01-11,4,21,2,55,2090,250.8,0.0,1274.9,42.75,0,0,1,1,0
8506,2024-10-26,3,31,3,81,486,0,0,296.46,30.15,9.72,55.25,0,1,4
8507,2024-05-17,3,46,1,47,282,0,0,172.02,25.05,0,0,1,1,0
8508,2024-02-17,1,39,2,30,360,28.8,0.0,219.6,22.5,0,0,1,1,0
8509,2025-02-21,2,31,1,17,1445,57.8,0.0,881.45,25.65,0,0,1,1,0
8510,2024-07-04,3,21,3,49,294,35.28,0.0,179.34,25.35,5.17,0,0,1,1
8511,2024-04-03,2,13,1,80,6800,0,0,4148.0,54.0,0,0,1,1,0
8512,2024-03-09,3,48,1,16,96,0,0,58.56,20.4,1.92,39.0,0,1,4
8513,2024-01-25,1,25,2,48,576,23.04,0.0,351.36,25.2,0,0,1,1,0
8514,2024-01-10,2,24,3,55,4675,187.0,0.0,2851.75,42.75,0,0,1,1,0
8515,2024-08-20,1,7,2,12,144,0,0,87.84,19.8,0,0,1,1,0
8516,2024-12-12,1,14,3,98,1176,141.12,0.0,717.36,32.7,0,0,1,1,0
8517,2024-12-18,1,44,3,89,1068,85.44,0.0,651.48,31.35,19.65,57.25,0,1,2
8518,2025-06-16,3,4,1,96,576,23.04,0.0,351.36,32.4,0,0,1,1,0
8519,2024-02-08,1,24,3,37,444,0,0,270.84,23.55,8.88,44.25,0,1,4
8520,2024-09-16,1,44,2,48,576,23.04,0.0,351.36,25.2,0,0,1,1,0
8521,2024-12-11,4,26,2,91,3458,276.64,0.0,2109.38,58.95,0,0,1,1,0
8522,2025-03-13,3,36,1,78,468,18.72,0.0,285.48,29.7,0,0,1,1,0
8523,2025-10-27,2,24,1,72,6120,489.6,0.0,3733.2,50.4,0,0,1,1,0
8524,2025-12-31,4,48,2,58,2204,264.48,0.0,1344.44,44.1,38.79,49.5,0,1,2
8525,2025-05-10,1,5,1,67,804,32.16,0.0,490.44,28.05,0,0,1,1,0
8526,2025-12-10,4,25,1,89,3382,135.28,0.0,2063.02,58.05,0,0,1,1,0
8527,2025-12-31,4,23,3,68,2584,310.08,0.0,1576.24,48.6,0,0,1,1,0
8528,2025-08-13,3,41,3,59,354,0,0,215.94,26.85,7.08,0,0,1,1
8529,2025-10-14,4,18,2,87,3306,0,0,2016.66,57.15,0,0,1,1,0
8530,2024-03-08,1,48,2,78,936,37.44,0.0,570.96,29.7,0,0,1,1,0
8531,2024-01-09,3,47,3,71,426,17.04,0.0,259.86,28.65,8.18,52.75,0,1,2
8532,2025-06-05,1,18,3,98,1176,47.04,0.0,717.36,32.7,0,0,1,1,0
8533,2025-01-27,3,27,3,73,438,52.56,0.0,267.18,28.95,0,0,1,1,0
8534,2024-10-18,4,12,3,28,1064,0,0,649.04,30.6,21.28,0,0,1,1
8535,2025-05-07,3,26,3,81,486,58.32,0.0,296.46,30.15,0,0,1,1,0
8536,2024-02-17,4,1,3,68,2584,310.08,0.0,1576.24,48.6,0,0,1,1,0
8537,2025-01-11,2,4,1,42,3570,142.8,0.0,2177.7,36.9,68.54,45.5,0,1,2
8538,2025-02-01,2,11,3,30,2550,102.0,0.0,1555.5,31.5,48.96,42.5,0,1,2
8539,2024-05-04,4,28,2,69,2622,209.76,0.0,1599.42,49.05,48.24,52.25,0,1,2
8540,2025-08-24,2,35,3,76,6460,258.4,0.0,3940.6,52.2,0,0,1,1,0
8541,2024-07-28,3,14,2,76,456,36.48,0.0,278.16,29.4,0,0,1,1,0
8542,2025-07-10,1,8,1,43,516,41.28,0.0,314.76,24.45,0,0,1,1,0
8543,2024-01-21,4,21,2,29,1102,44.08,0.0,672.22,31.05,21.16,42.25,0,1,2
8544,2025-01-09,3,32,2,48,288,23.04,0.0,175.68,25.2,0,0,1,1,0
8545,2024-01-19,3,22,1,31,186,14.88,0.0,113.46,22.65,0,0,1,1,0
8546,2025-05-06,1,32,3,16,192,0,0,117.12,20.4,0,0,1,1,0
8547,2024-05-01,2,13,3,43,3655,146.2,0.0,2229.55,37.35,0,0,1,1,0
8548,2024-07-27,1,27,1,62,744,59.52,0.0,453.84,27.3,0,0,1,1,0
8549,2025-07-23,3,29,2,79,474,18.96,0.0,289.14,29.85,9.1,0,0,1,1
8550,2024-02-12,3,4,1,59,354,28.32,0.0,215.94,26.85,0,0,1,1,0
8551,2025-06-12,3,2,2,10,60,4.8,0.0,36.6,19.5,0,0,1,1,0
8552,2024-02-04,2,15,1,60,5100,204.0,0.0,3111.0,45.0,0,0,1,1,0
8553,2025-09-18,4,35,2,24,912,0,0,556.32,28.8,18.24,0,0,1,1
8554,2024-06-04,4,19,1,23,874,104.88,0.0,533.14,28.35,0,0,1,1,0
8555,2024-06-24,4,16,3,50,1900,76.0,0.0,1159.0,40.5,0,0,1,1,0
8556,2025-08-05,1,16,2,54,648,77.76,0.0,395.28,26.1,0,0,1,1,0
8557,2024-06-30,3,42,1,96,576,46.08,0.0,351.36,32.4,10.6,0,0,0,1
8558,2025-06-14,1,26,3,29,348,41.76,0.0,212.28,22.35,6.12,42.25,0,1,2
8559,2024-09-12,1,47,2,93,1116,0,0,680.76,31.95,0,0,1,1,0
8560,2025-03-03,4,32,3,30,1140,45.6,0.0,695.4,31.5,21.89,42.5,0,1,2
8561,2024-08-09,1,21,3,37,444,35.52,0.0,270.84,23.55,8.17,0,0,1,1
8562,2025-05-11,1,35,2,73,876,0,0,534.36,28.95,0,0,1,1,0
8563,2025-10-24,2,19,2,75,6375,255.0,0.0,3888.75,51.75,122.4,0,0,1,1
8564,2025-04-16,1,40,2,58,696,83.52,0.0,424.56,26.7,12.25,49.5,0,1,2
8565,2024-12-25,4,36,2,74,2812,337.44,0.0,1715.32,51.3,0,0,1,0,0
8566,2025-06-02,3,20,1,44,264,0,0,161.04,24.6,0,0,1,1,0
8567,2024-08-06,2,48,1,97,8245,989.4,0.0,5029.45,61.65,0,0,1,1,0
8568,2024-10-06,1,15,3,63,756,90.72,0.0,461.16,27.45,13.31,0,0,1,1
8569,2025-10-03,1,17,2,80,960,115.2,0.0,585.6,30.0,0,0,1,1,0
8570,2024-07-02,4,28,1,67,2546,203.68,0.0,1553.06,48.15,46.85,51.75,0,1,2
8571,2024-01-11,2,35,3,39,3315,132.6,0.0,2022.15,35.55,0,0,1,1,0
8572,2025-05-28,3,17,2,90,540,21.6,0.0,329.4,31.5,0,0,1,1,0
8573,2024-08-20,1,41,1,73,876,70.08,0.0,534.36,28.95,16.12,53.25,0,1,4
8574,2025-03-03,1,25,3,64,768,92.16,0.0,468.48,27.6,0,0,1,1,0
8575,2024-09-06,3,16,2,63,378,45.36,0.0,230.58,27.45,0,0,1,1,0
8576,2024-07-12,3,13,3,47,282,11.28,0.0,172.02,25.05,0,0,1,1,0
8577,2025-03-22,4,40,1,62,2356,188.48,0.0,1437.16,45.9,0,0,1,1,0
8578,2025-10-04,1,15,2,37,444,17.76,0.0,270.84,23.55,0,0,1,1,0
8579,2025-12-19,1,12,3,54,648,25.92,0.0,395.28,26.1,12.44,48.5,0,1,2
8580,2025-07-15,3,48,3,77,462,0,0,281.82,29.55,0,0,1,1,0
8581,2024-12-13,4,40,1,64,2432,97.28,0.0,1483.52,46.8,46.69,51.0,0,1,2
8582,2025-05-25,4,47,2,25,950,38.0,0.0,579.5,29.25,0,0,1,1,0
8583,2025-04-11,4,17,1,85,3230,129.2,0.0,1970.3,56.25,0,0,1,1,0
8584,2024-04-20,4,40,2,63,2394,0,0,1460.34,46.35,47.88,50.75,0,1,4
8585,2024-01-02,3,35,3,67,402,48.24,0.0,245.22,28.05,7.08,51.75,0,1,2
8586,2025-04-08,4,14,2,63,2394,191.52,0.0,1460.34,46.35,0,0,1,1,0
8587,2024-12-05,2,2,1,82,6970,836.4,0.0,4251.7,54.9,122.67,0,0,1,1
8588,2024-05-07,1,11,3,30,360,28.8,0.0,219.6,22.5,6.62,0,0,1,1
8589,2024-03-30,1,9,2,42,504,40.32,0.0,307.44,24.3,0,0,1,1,0
8590,2024-04-06,1,41,1,56,672,0,0,409.92,26.4,0,0,1,1,0
8591,2025-11-03,4,43,1,90,3420,410.4,0.0,2086.2,58.5,0,0,1,1,0
8592,2025-09-15,3,27,1,58,348,13.92,0.0,212.28,26.7,0,0,1,1,0
8593,2024-03-02,3,12,2,96,576,0,0,351.36,32.4,0,0,1,1,0
8594,2024-05-13,2,44,3,47,3995,159.8,0.0,2436.95,39.15,0,0,1,1,0
8595,2025-12-03,2,43,1,44,3740,149.6,0.0,2281.4,37.8,71.81,0,0,1,1
8596,2025-01-22,2,22,3,65,5525,0,0,3370.25,47.25,0,0,1,1,0
8597,2024-05-19,2,2,2,99,8415,1009.8,0.0,5133.15,62.55,0,0,1,1,0
8598,2025-01-07,4,1,3,89,3382,0,0,2063.02,58.05,0,0,1,1,0
8599,2024-06-01,2,28,3,43,3655,0,0,2229.55,37.35,73.1,0,0,1,1
8600,2025-03-30,3,14,3,95,570,68.4,0.0,347.7,32.25,0,0,1,1,0
8601,2025-01-05,4,5,1,65,2470,0,0,1506.7,47.25,0,0,1,1,0
8602,2025-01-22,3,11,1,63,378,0,0,230.58,27.45,7.56,0,0,1,1
8603,2025-02-11,3,7,2,59,354,28.32,0.0,215.94,26.85,6.51,0,0,1,1
8604,2024-06-12,1,28,2,83,996,119.52,0.0,607.56,30.45,0,0,1,1,0
8605,2025-02-02,2,17,3,34,2890,0,0,1762.9,33.3,0,0,1,1,0
8606,2025-08-16,3,2,1,65,390,46.8,0.0,237.9,27.75,0,0,1,1,0
8607,2024-11-18,1,27,3,51,612,73.44,0.0,373.32,25.65,10.77,0,0,1,1
8608,2025-02-04,4,20,2,40,1520,0,0,927.2,36.0,0,0,1,1,0
8609,2025-07-29,1,23,3,22,264,31.68,0.0,161.04,21.3,0,0,1,1,0
8610,2025-09-27,4,34,1,53,2014,0,0,1228.54,41.85,0,0,1,1,0
8611,2024-06-02,1,35,1,32,384,30.72,0.0,234.24,22.8,0,0,1,1,0
8612,2024-11-05,4,10,3,20,760,30.4,0.0,463.6,27.0,0,0,1,1,0
8613,2024-08-11,1,1,2,39,468,37.44,0.0,285.48,23.85,0,0,1,1,0
8614,2025-07-27,2,4,3,84,7140,0,0,4355.4,55.8,0,0,1,1,0
8615,2024-10-28,3,46,3,32,192,0,0,117.12,22.8,0,0,1,1,0
8616,2025-06-08,3,32,2,15,90,10.8,0.0,54.9,20.25,0,0,1,1,0
8617,2024-11-19,1,29,3,30,360,28.8,0.0,219.6,22.5,6.62,42.5,0,1,2
8618,2025-06-08,4,48,2,51,1938,155.04,0.0,1182.18,40.95,0,0,1,1,0
8619,2024-10-31,1,44,3,98,1176,141.12,0.0,717.36,32.7,0,0,1,1,0
8620,2025-04-16,1,34,1,44,528,63.36,0.0,322.08,24.6,0,0,1,1,0
8621,2025-04-18,4,9,3,22,836,33.44,0.0,509.96,27.9,0,0,1,1,0
8622,2024-03-16,4,11,2,54,2052,164.16,0.0,1251.72,42.3,37.76,48.5,0,1,2
8623,2024-12-01,1,19,3,83,996,0,0,607.56,30.45,19.92,0,0,1,1
8624,2025-11-15,1,33,2,46,552,44.16,0.0,336.72,24.9,10.16,46.5,0,1,2
8625,2025-09-03,4,39,1,98,3724,446.88,0.0,2271.64,62.1,0,0,1,1,0
8626,2025-09-11,3,25,1,90,540,21.6,0.0,329.4,31.5,0,0,1,1,0
8627,2025-03-04,3,13,1,10,60,7.2,0.0,36.6,19.5,0,0,1,1,0
8628,2024-04-19,1,34,3,41,492,59.04,0.0,300.12,24.15,0,0,1,1,0
8629,2024-03-31,1,21,1,22,264,31.68,0.0,161.04,21.3,0,0,1,0,0
8630,2024-09-12,4,22,1,61,2318,92.72,0.0,1413.98,45.45,0,0,1,1,0
8631,2025-05-29,2,29,1,27,2295,0,0,1399.95,30.15,0,0,1,1,0
8632,2024-12-06,1,23,1,94,1128,90.24,0.0,688.08,32.1,0,0,1,1,0
8633,2024-11-07,1,41,3,30,360,0,0,219.6,22.5,0,0,1,1,0
8634,2025-12-25,2,26,2,29,2465,197.2,0.0,1503.65,31.05,0,0,1,1,0
8635,2024-06-04,1,2,2,16,192,15.36,0.0,117.12,20.4,0,0,1,1,0
8636,2025-06-21,4,37,2,79,3002,0,0,1831.22,53.55,60.04,0,0,1,1
8637,2025-11-29,4,44,1,13,494,39.52,0.0,301.34,23.85,0,0,1,1,0
8638,2024-10-15,1,7,2,31,372,29.76,0.0,226.92,22.65,0,0,1,1,0
8639,2025-11-29,1,3,2,99,1188,142.56,0.0,724.68,32.85,0,0,1,1,0
8640,2025-09-10,4,42,3,31,1178,0,0,718.58,31.95,23.56,0,0,1,1
8641,2024-06-11,2,26,2,36,3060,0,0,1866.6,34.2,0,0,1,1,0
8642,2024-06-17,4,25,2,32,1216,97.28,0.0,741.76,32.4,0,0,1,1,0
8643,2024-02-07,2,44,2,64,5440,217.6,0.0,3318.4,46.8,0,0,1,1,0
8644,2024-08-07,4,40,3,13,494,39.52,0.0,301.34,23.85,9.09,38.25,0,1,2
8645,2025-12-08,3,48,2,88,528,63.36,0.0,322.08,31.2,9.29,0,0,1,1
8646,2024-08-24,1,13,1,18,216,25.92,0.0,131.76,20.7,0,0,1,1,0
8647,2024-12-25,2,18,3,76,6460,258.4,0.0,3940.6,52.2,124.03,0,0,1,1
8648,2025-12-20,4,2,3,62,2356,94.24,0.0,1437.16,45.9,0,0,1,1,0
8649,2024-06-27,2,42,3,80,6800,816.0,0.0,4148.0,54.0,0,0,1,1,0
8650,2024-08-10,1,20,1,96,1152,46.08,0.0,702.72,32.4,22.12,0,0,1,1
8651,2024-06-19,3,3,3,39,234,28.08,0.0,142.74,23.85,0,0,1,0,0
8652,2025-01-04,2,14,3,53,4505,540.6,0.0,2748.05,41.85,0,0,1,1,0
8653,2025-02-15,3,38,1,69,414,16.56,0.0,252.54,28.35,0,0,1,1,0
8654,2025-02-02,1,29,3,98,1176,94.08,0.0,717.36,32.7,0,0,1,1,0
8655,2025-01-28,3,5,2,64,384,30.72,0.0,234.24,27.6,7.07,0,0,1,1
8656,2025-01-21,2,44,2,72,6120,734.4,0.0,3733.2,50.4,107.71,0,0,1,1
8657,2024-10-25,2,3,1,73,6205,496.4,0.0,3785.05,50.85,0,0,1,1,0
8658,2024-05-03,2,6,2,23,1955,78.2,0.0,1192.55,28.35,0,0,1,1,0
8659,2024-04-05,3,36,3,98,588,47.04,0.0,358.68,32.7,10.82,0,0,1,1
8660,2024-12-20,4,16,1,37,1406,168.72,1237.28,857.66,34.65,0,0,1,1,0
8661,2024-07-11,4,21,2,90,3420,0,0,2086.2,58.5,0,0,1,1,0
8662,2024-03-31,1,37,1,78,936,74.88,0.0,570.96,29.7,0,0,1,1,0
8663,2024-04-01,3,7,2,26,156,0,0,95.16,21.9,0,0,1,1,0
8664,2024-10-29,3,5,2,90,540,43.2,0.0,329.4,31.5,9.94,57.5,0,1,4
8665,2025-12-31,4,24,1,16,608,48.64,0.0,370.88,25.2,0,0,1,1,0
8666,2024-11-28,3,48,2,71,426,51.12,0.0,259.86,28.65,0,0,1,1,0
8667,2025-05-22,3,25,1,57,342,13.68,0.0,208.62,26.55,0,0,1,1,0
8668,2024-04-23,2,12,3,16,1360,163.2,0.0,829.6,25.2,23.94,0,0,1,1
8669,2025-12-28,3,33,1,28,168,13.44,0.0,102.48,22.2,0,0,1,1,0
8670,2024-04-23,1,34,3,47,564,67.68,0.0,344.04,25.05,0,0,1,1,0
8671,2024-06-17,1,34,1,70,840,100.8,0.0,512.4,28.5,0,0,1,1,0
8672,2025-12-07,1,20,2,28,336,13.44,0.0,204.96,22.2,0,0,1,1,0
8673,2025-05-30,3,48,2,97,582,69.84,0.0,355.02,32.55,0,0,1,1,0
8674,2024-10-26,1,11,2,83,996,0,0,607.56,30.45,0,0,1,1,0
8675,2025-03-14,2,29,1,53,4505,180.2,0.0,2748.05,41.85,0,0,1,1,0
8676,2024-08-11,1,24,3,75,900,36.0,0.0,549.0,29.25,17.28,0,0,1,1
8677,2025-07-12,4,16,3,67,2546,203.68,0.0,1553.06,48.15,0,0,1,1,0
8678,2025-09-03,2,46,1,83,7055,282.2,0.0,4303.55,55.35,0,0,1,1,0
8679,2024-07-26,2,8,3,46,3910,312.8,0.0,2385.1,38.7,0,0,1,1,0
8680,2024-06-02,3,48,1,68,408,16.32,0.0,248.88,28.2,0,0,1,1,0
8681,2024-11-12,2,6,1,54,4590,183.6,0.0,2799.9,42.3,88.13,48.5,0,1,4
8682,2025-10-30,1,46,3,91,1092,87.36,0.0,666.12,31.65,0,0,1,1,0
8683,2025-06-15,4,41,3,42,1596,0,0,973.56,36.9,0,0,1,0,0
8684,2025-09-06,2,14,1,34,2890,115.6,0.0,1762.9,33.3,0,0,1,1,0
8685,2025-02-15,3,40,3,74,444,35.52,0.0,270.84,29.1,8.17,53.5,0,1,2
8686,2024-04-29,3,1,3,33,198,7.92,0.0,120.78,22.95,0,0,1,1,0
8687,2025-08-24,3,17,1,45,270,0,0,164.7,24.75,0,0,1,1,0
8688,2024-12-18,4,46,2,17,646,0,0,394.06,25.65,0,0,1,1,0
8689,2024-11-15,4,6,3,24,912,72.96,839.04,556.32,28.8,0,0,1,1,0
8690,2025-11-06,4,8,3,82,3116,249.28,0.0,1900.76,54.9,0,0,1,1,0
8691,2024-05-03,2,39,3,84,7140,285.6,0.0,4355.4,55.8,0,0,1,1,0
8692,2025-03-20,1,24,2,58,696,55.68,0.0,424.56,26.7,12.81,0,0,0,1
8693,2024-07-12,4,25,2,59,2242,269.04,0.0,1367.62,44.55,0,0,1,1,0
8694,2024-05-09,2,47,3,46,3910,156.4,0.0,2385.1,38.7,75.07,46.5,0,1,2
8695,2024-09-05,2,25,3,85,7225,0,0,4407.25,56.25,0,0,1,0,0
8696,2025-10-11,1,6,1,98,1176,0,0,717.36,32.7,0,0,1,1,0
8697,2024-06-08,3,4,1,67,402,0,0,245.22,28.05,0,0,1,1,0
8698,2025-10-30,2,27,1,89,7565,907.8,0.0,4614.65,58.05,0,0,1,1,0
8699,2024-05-21,2,38,3,40,3400,408.0,0.0,2074.0,36.0,0,0,1,1,0
8700,2025-06-25,4,45,3,98,3724,0,0,2271.64,62.1,0,0,1,1,0
8701,2025-09-20,4,22,3,91,3458,276.64,0.0,2109.38,58.95,0,0,1,1,0
8702,2024-11-09,2,43,2,45,3825,153.0,0.0,2333.25,38.25,0,0,1,1,0
8703,2025-07-25,3,19,3,39,234,18.72,0.0,142.74,23.85,0,0,1,1,0
8704,2025-06-30,3,24,1,16,96,7.68,0.0,58.56,20.4,0,0,1,1,0
8705,2025-03-24,3,45,1,44,264,31.68,0.0,161.04,24.6,0,0,1,1,0
8706,2024-08-04,4,8,3,20,760,30.4,0.0,463.6,27.0,14.59,0,0,1,1
8707,2024-12-05,4,9,1,70,2660,212.8,0.0,1622.6,49.5,0,0,1,1,0
8708,2024-09-01,4,10,3,58,2204,0,0,1344.44,44.1,44.08,0,0,1,1
8709,2025-02-21,1,24,3,80,960,115.2,0.0,585.6,30.0,16.9,0,0,1,1
8710,2025-07-07,3,17,3,27,162,6.48,0.0,98.82,22.05,3.11,0,0,1,1
8711,2024-01-11,1,9,3,50,600,72.0,0.0,366.0,25.5,10.56,0,0,1,1
8712,2024-10-23,3,39,2,80,480,38.4,0.0,292.8,30.0,0,0,1,1,0
8713,2024-12-27,4,45,1,65,2470,296.4,0.0,1506.7,47.25,0,0,1,1,0
8714,2025-07-19,2,9,3,57,4845,581.4,0.0,2955.45,43.65,85.27,49.25,0,1,4
8715,2024-01-21,4,27,2,14,532,42.56,0.0,324.52,24.3,0,0,1,1,0
8716,2025-12-29,2,6,1,85,7225,578.0,0.0,4407.25,56.25,0,0,1,1,0
8717,2024-10-12,2,28,3,35,2975,119.0,0.0,1814.75,33.75,57.12,43.75,0,1,2
8718,2024-03-03,3,9,1,25,150,12.0,0.0,91.5,21.75,0,0,1,1,0
8719,2024-01-14,4,41,3,78,2964,0,0,1808.04,53.1,59.28,54.5,0,1,4
8720,2025-05-01,4,19,2,69,2622,314.64,0.0,1599.42,49.05,0,0,1,1,0
8721,2024-06-04,1,1,2,65,780,31.2,0.0,475.8,27.75,14.98,51.25,0,1,2
8722,2025-10-06,1,47,1,86,1032,82.56,0.0,629.52,30.9,0,0,1,1,0
8723,2024-01-25,1,31,2,47,564,0,0,344.04,25.05,0,0,1,1,0
8724,2025-02-16,1,42,3,30,360,43.2,0.0,219.6,22.5,6.34,0,0,1,1
8725,2024-11-14,1,28,3,84,1008,120.96,0.0,614.88,30.6,0,0,1,1,0
8726,2025-02-08,4,32,3,90,3420,136.8,0.0,2086.2,58.5,0,0,1,1,0
8727,2024-08-22,3,23,2,48,288,11.52,0.0,175.68,25.2,0,0,1,1,0
8728,2024-10-29,4,42,3,63,2394,95.76,2298.24,1460.34,46.35,45.96,50.75,0,1,2
8729,2024-04-12,4,3,3,43,1634,130.72,1503.28,996.74,37.35,0,0,1,1,0
8730,2025-08-21,1,10,3,83,996,39.84,0.0,607.56,30.45,0,0,1,1,0
8731,2025-06-27,4,12,1,12,456,36.48,0.0,278.16,23.4,8.39,38.0,0,1,2
8732,2025-06-28,4,43,2,41,1558,0,0,950.38,36.45,31.16,0,0,1,1
8733,2024-10-14,3,33,2,16,96,11.52,0.0,58.56,20.4,0,0,1,0,0
8734,2025-06-19,1,35,3,27,324,38.88,0.0,197.64,22.05,5.7,41.75,0,1,2
8735,2024-09-07,4,16,1,23,874,104.88,0.0,533.14,28.35,15.38,40.75,0,1,4
8736,2025-05-22,1,6,3,49,588,23.52,0.0,358.68,25.35,11.29,47.25,0,1,4
8737,2025-06-25,1,38,3,53,636,50.88,0.0,387.96,25.95,11.7,0,0,1,1
8738,2025-05-26,4,19,3,46,1748,0,0,1066.28,38.7,0,0,1,1,0
8739,2025-12-10,4,9,3,94,3572,0,0,2178.92,60.3,71.44,58.5,0,1,2
8740,2024-05-27,4,10,1,87,3306,132.24,0.0,2016.66,57.15,0,0,1,1,0
8741,2024-03-17,1,3,3,75,900,0,0,549.0,29.25,0,0,1,1,0
8742,2025-10-30,4,24,1,38,1444,57.76,0.0,880.84,35.1,27.72,44.5,0,1,2
8743,2025-07-28,4,47,2,24,912,109.44,0.0,556.32,28.8,0,0,1,1,0
8744,2024-06-19,2,37,1,99,8415,1009.8,0.0,5133.15,62.55,148.1,59.75,0,1,2
8745,2025-06-14,4,2,2,35,1330,0,0,811.3,33.75,0,0,1,1,0
8746,2024-12-09,1,43,2,82,984,78.72,0.0,600.24,30.3,0,0,1,1,0
8747,2024-09-29,2,6,3,97,8245,0,0,5029.45,61.65,0,0,1,1,0
8748,2024-11-24,4,6,1,12,456,36.48,0.0,278.16,23.4,0,0,1,1,0
8749,2025-12-25,1,35,2,38,456,54.72,0.0,278.16,23.7,0,0,1,1,0
8750,2024-09-12,2,15,1,44,3740,0,0,2281.4,37.8,0,0,1,1,0
8751,2024-07-02,3,37,2,96,576,0,0,351.36,32.4,0,0,1,1,0
8752,2025-04-01,2,30,3,16,1360,163.2,0.0,829.6,25.2,0,0,1,1,0
8753,2025-07-31,2,9,3,57,4845,581.4,0.0,2955.45,43.65,0,0,1,1,0
8754,2024-09-01,1,14,3,99,1188,47.52,0.0,724.68,32.85,22.81,0,0,1,1
8755,2024-09-14,2,15,3,57,4845,193.8,0.0,2955.45,43.65,93.02,49.25,0,1,2
8756,2025-12-27,4,8,1,38,1444,173.28,0.0,880.84,35.1,0,0,1,1,0
8757,2024-04-15,1,11,3,10,120,9.6,0.0,73.2,19.5,0,0,1,1,0
8758,2025-03-05,1,38,3,38,456,18.24,0.0,278.16,23.7,8.76,44.5,0,1,2
8759,2025-04-21,4,24,3,87,3306,0,0,2016.66,57.15,66.12,0,0,1,1
8760,2025-06-08,1,45,3,43,516,0,0,314.76,24.45,0,0,1,1,0
8761,2024-09-06,3,2,1,54,324,12.96,0.0,197.64,26.1,0,0,1,1,0
8762,2025-07-29,2,17,3,21,1785,142.8,0.0,1088.85,27.45,0,0,1,1,0
8763,2025-03-09,2,20,1,91,7735,618.8,0.0,4718.35,58.95,0,0,1,1,0
8764,2024-05-09,3,44,1,57,342,13.68,0.0,208.62,26.55,0,0,1,1,0
8765,2025-03-01,1,29,1,94,1128,90.24,0.0,688.08,32.1,0,0,1,1,0
8766,2024-11-18,2,27,3,31,2635,210.8,0.0,1607.35,31.95,48.48,0,0,1,1
8767,2025-11-19,4,19,1,67,2546,0,0,1553.06,48.15,50.92,0,0,1,1
8768,2024-04-06,4,32,2,47,1786,142.88,0.0,1089.46,39.15,0,0,1,1,0
8769,2025-03-19,3,12,3,44,264,31.68,0.0,161.04,24.6,4.65,0,0,1,1
8770,2025-08-14,2,42,1,80,6800,544.0,0.0,4148.0,54.0,0,0,1,0,0
8771,2024-06-17,2,9,3,79,6715,537.2,0.0,4096.15,53.55,0,0,1,1,0
8772,2024-02-05,2,14,1,22,1870,0,0,1140.7,27.9,37.4,40.5,0,1,2
8773,2025-03-27,1,48,3,52,624,0,0,380.64,25.8,0,0,1,1,0
8774,2024-06-21,4,10,1,91,3458,138.32,0.0,2109.38,58.95,66.39,0,0,1,1
8775,2025-05-03,4,12,2,98,3724,0,0,2271.64,62.1,74.48,0,0,1,1
8776,2024-12-28,2,13,1,85,7225,0,0,4407.25,56.25,0,0,1,1,0
8777,2024-06-24,2,43,2,43,3655,0,0,2229.55,37.35,0,0,1,1,0
8778,2024-05-19,4,26,1,59,2242,179.36,0.0,1367.62,44.55,0,0,1,1,0
8779,2024-03-13,4,39,2,27,1026,0,0,625.86,30.15,0,0,1,1,0
8780,2025-09-05,1,10,3,52,624,24.96,0.0,380.64,25.8,0,0,1,1,0
8781,2024-05-06,1,38,2,95,1140,136.8,0.0,695.4,32.25,0,0,1,1,0
8782,2024-01-18,2,40,1,98,8330,999.6,0.0,5081.3,62.1,0,0,1,1,0
8783,2025-12-08,1,23,2,21,252,0,0,153.72,21.15,0,0,1,1,0
8784,2025-10-08,3,37,1,43,258,10.32,0.0,157.38,24.45,4.95,45.75,0,1,2
8785,2024-02-17,3,36,3,76,456,18.24,0.0,278.16,29.4,0,0,1,1,0
8786,2024-04-02,4,16,3,69,2622,314.64,0.0,1599.42,49.05,46.15,52.25,0,0,2
8787,2025-01-14,4,13,3,47,1786,0,0,1089.46,39.15,0,0,1,1,0
8788,2024-02-15,4,19,3,33,1254,0,0,764.94,32.85,0,0,1,1,0
8789,2025-07-19,1,34,2,15,180,7.2,0.0,109.8,20.25,0,0,1,1,0
8790,2025-05-21,1,44,2,80,960,115.2,0.0,585.6,30.0,0,0,1,1,0
8791,2024-07-23,1,18,3,13,156,12.48,0.0,95.16,19.95,0,0,1,1,0
8792,2024-02-03,2,10,1,69,5865,469.2,0.0,3577.65,49.05,0,0,1,1,0
8793,2024-01-08,4,13,1,56,2128,170.24,0.0,1298.08,43.2,39.16,49.0,0,1,2
8794,2025-04-20,3,19,2,93,558,22.32,0.0,340.38,31.95,0,0,1,1,0
8795,2024-05-30,4,2,3,32,1216,97.28,0.0,741.76,32.4,22.37,43.0,0,1,4
8796,2025-07-06,4,1,3,32,1216,145.92,0.0,741.76,32.4,0,0,1,1,0
8797,2024-09-07,1,2,2,55,660,26.4,0.0,402.6,26.25,12.67,48.75,0,1,2
8798,2024-03-02,1,15,3,59,708,0,0,431.88,26.85,14.16,0,0,1,1
8799,2024-09-09,2,38,3,32,2720,0,0,1659.2,32.4,0,0,1,1,0
8800,2024-04-18,1,7,3,56,672,0,0,409.92,26.4,13.44,0,0,1,1
8801,2024-08-24,2,3,2,85,7225,0,0,4407.25,56.25,0,0,1,1,0
8802,2024-02-15,4,18,2,87,3306,396.72,0.0,2016.66,57.15,0,0,1,1,0
8803,2025-02-27,1,19,3,87,1044,125.28,0.0,636.84,31.05,0,0,1,1,0
8804,2024-04-21,4,14,2,100,3800,0,0,2318.0,63.0,0,0,1,1,0
8805,2024-10-16,1,43,1,55,660,26.4,0.0,402.6,26.25,0,0,1,1,0
8806,2024-09-26,2,16,3,55,4675,374.0,0.0,2851.75,42.75,0,0,1,1,0
8807,2024-02-23,2,9,3,53,4505,180.2,0.0,2748.05,41.85,0,0,1,1,0
8808,2025-10-24,3,41,1,78,468,37.44,0.0,285.48,29.7,0,0,1,1,0
8809,2024-02-06,4,15,3,65,2470,197.6,0.0,1506.7,47.25,0,0,1,1,0
8810,2024-11-23,4,44,1,17,646,51.68,0.0,394.06,25.65,0,0,1,1,0
8811,2024-04-13,3,13,3,36,216,25.92,0.0,131.76,23.4,0,0,1,1,0
8812,2024-07-12,1,30,2,39,468,56.16,0.0,285.48,23.85,0,0,1,1,0
8813,2025-10-11,2,29,2,29,2465,98.6,0.0,1503.65,31.05,0,0,1,1,0
8814,2024-07-08,3,21,1,34,204,0,0,124.44,23.1,0,0,1,1,0
8815,2025-08-07,2,20,1,93,7905,948.6,0.0,4822.05,59.85,0,0,1,1,0
8816,2024-05-06,1,39,3,95,1140,0,0,695.4,32.25,0,0,1,1,0
8817,2025-11-10,3,31,3,93,558,22.32,0.0,340.38,31.95,10.71,58.25,0,1,2
8818,2024-12-11,3,36,2,52,312,0,0,190.32,25.8,0,0,1,1,0
8819,2024-05-29,2,25,1,24,2040,81.6,0.0,1244.4,28.8,0,0,1,0,0
8820,2024-08-19,2,32,1,33,2805,0,0,1711.05,32.85,0,0,1,1,0
8821,2025-03-05,1,12,2,49,588,70.56,0.0,358.68,25.35,10.35,47.25,0,1,4
8822,2024-11-27,3,12,2,70,420,50.4,0.0,256.2,28.5,0,0,1,1,0
8823,2024-09-19,4,6,1,96,3648,437.76,0.0,2225.28,61.2,0,0,1,1,0
8824,2025-09-10,2,31,1,75,6375,255.0,0.0,3888.75,51.75,0,0,1,1,0
8825,2025-01-15,4,43,2,31,1178,94.24,0.0,718.58,31.95,0,0,1,1,0
8826,2024-08-18,2,12,2,85,7225,867.0,0.0,4407.25,56.25,0,0,1,1,0
8827,2025-04-04,1,12,1,31,372,44.64,0.0,226.92,22.65,0,0,1,1,0
8828,2025-07-03,1,48,3,79,948,37.92,0.0,578.28,29.85,0,0,1,1,0
8829,2025-07-12,2,14,2,91,7735,0,0,4718.35,58.95,0,0,1,1,0
8830,2025-04-18,3,13,2,62,372,0,0,226.92,27.3,0,0,1,1,0
8831,2025-08-01,1,43,2,37,444,53.28,0.0,270.84,23.55,7.81,0,0,1,1
8832,2024-01-26,3,5,2,100,600,48.0,0.0,366.0,33.0,0,0,1,1,0
8833,2025-10-12,1,46,1,57,684,54.72,0.0,417.24,26.55,0,0,1,1,0
8834,2025-05-30,2,23,2,49,4165,499.8,0.0,2540.65,40.05,0,0,1,1,0
8835,2025-04-20,2,36,2,43,3655,438.6,0.0,2229.55,37.35,0,0,1,1,0
8836,2024-07-04,1,16,3,30,360,43.2,0.0,219.6,22.5,0,0,1,1,0
8837,2025-12-28,1,21,1,75,900,72.0,0.0,549.0,29.25,16.56,0,0,1,1
8838,2025-03-01,2,1,3,29,2465,295.8,0.0,1503.65,31.05,0,0,1,1,0
8839,2024-09-27,1,25,3,98,1176,0,0,717.36,32.7,23.52,0,0,1,1
8840,2024-01-08,2,31,1,11,935,37.4,0.0,570.35,22.95,0,0,1,1,0
8841,2025-03-04,2,44,1,31,2635,0,0,1607.35,31.95,0,0,1,1,0
8842,2025-08-09,4,43,2,15,570,0,0,347.7,24.75,11.4,38.75,0,1,4
8843,2025-06-03,3,37,2,46,276,0,0,168.36,24.9,0,0,1,1,0
8844,2025-05-04,3,13,2,25,150,12.0,0.0,91.5,21.75,0,0,1,1,0
8845,2025-05-08,3,15,2,59,354,0,0,215.94,26.85,0,0,1,1,0
8846,2024-01-28,3,6,2,23,138,0,0,84.18,21.45,0,0,1,1,0
8847,2024-08-03,1,12,3,21,252,30.24,0.0,153.72,21.15,0,0,1,0,0
8848,2024-06-25,3,3,3,10,60,2.4,0.0,36.6,19.5,0,0,1,1,0
8849,2024-08-21,4,48,2,40,1520,182.4,0.0,927.2,36.0,0,0,1,1,0
8850,2024-03-24,1,45,2,58,696,83.52,0.0,424.56,26.7,0,0,1,0,0
8851,2024-08-13,2,44,3,21,1785,142.8,1642.2,1088.85,27.45,32.84,40.25,0,1,2
8852,2024-05-23,2,11,3,22,1870,74.8,0.0,1140.7,27.9,35.9,40.5,0,1,2
8853,2024-12-21,1,38,2,16,192,0,0,117.12,20.4,0,0,1,1,0
8854,2024-03-27,1,11,3,77,924,110.88,0.0,563.64,29.55,0,0,1,1,0
8855,2025-02-22,1,45,2,34,408,0,0,248.88,23.1,0,0,1,0,0
8856,2025-05-28,4,25,1,99,3762,300.96,0.0,2294.82,62.55,0,0,1,0,0
8857,2024-02-03,3,19,1,99,594,71.28,0.0,362.34,32.85,0,0,1,1,0
8858,2024-10-05,3,8,3,30,180,21.6,0.0,109.8,22.5,3.17,0,0,1,1
8859,2025-09-06,1,32,1,52,624,49.92,0.0,380.64,25.8,0,0,1,1,0
8860,2024-08-30,1,35,1,50,600,48.0,0.0,366.0,25.5,0,0,1,1,0
8861,2024-12-02,4,35,3,83,3154,0,0,1923.94,55.35,0,0,1,1,0
8862,2025-12-24,3,11,1,46,276,33.12,0.0,168.36,24.9,0,0,1,0,0
8863,2024-01-20,3,2,3,45,270,21.6,0.0,164.7,24.75,0,0,1,1,0
8864,2025-02-09,3,23,2,72,432,34.56,0.0,263.52,28.8,0,0,1,1,0
8865,2024-04-11,3,23,1,27,162,19.44,0.0,98.82,22.05,2.85,41.75,0,1,4
8866,2025-06-28,3,8,1,56,336,0,0,204.96,26.4,0,0,1,1,0
8867,2024-12-16,2,15,2,88,7480,0,0,4562.8,57.6,0,0,1,1,0
8868,2025-02-12,4,17,1,57,2166,0,0,1321.26,43.65,0,0,1,1,0
8869,2025-07-29,3,26,2,51,306,12.24,0.0,186.66,25.65,0,0,1,1,0
8870,2024-07-01,4,24,3,43,1634,196.08,0.0,996.74,37.35,28.76,45.75,0,0,4
8871,2025-09-25,1,43,2,50,600,0,0,366.0,25.5,0,0,1,1,0
8872,2025-10-28,3,26,3,70,420,16.8,0.0,256.2,28.5,0,0,1,1,0
8873,2025-07-29,4,15,2,58,2204,264.48,0.0,1344.44,44.1,0,0,1,1,0
8874,2025-10-05,3,43,2,15,90,10.8,0.0,54.9,20.25,0,0,1,1,0
8875,2024-09-12,1,39,1,73,876,35.04,0.0,534.36,28.95,0,0,1,1,0
8876,2025-12-24,1,15,1,84,1008,0,0,614.88,30.6,20.16,56.0,0,1,2
8877,2025-09-14,1,17,1,96,1152,46.08,0.0,702.72,32.4,0,0,1,1,0
8878,2025-09-04,4,31,3,91,3458,276.64,0.0,2109.38,58.95,0,0,1,1,0
8879,2024-03-03,3,29,1,44,264,31.68,0.0,161.04,24.6,0,0,1,1,0
8880,2024-07-05,4,43,1,21,798,0,0,486.78,27.45,15.96,40.25,0,1,2
8881,2025-06-30,1,1,1,81,972,38.88,0.0,592.92,30.15,0,0,1,1,0
8882,2024-11-10,3,38,3,97,582,23.28,0.0,355.02,32.55,0,0,1,1,0
8883,2025-04-15,4,21,1,30,1140,91.2,0.0,695.4,31.5,0,0,1,1,0
8884,2025-03-03,3,42,2,99,594,71.28,0.0,362.34,32.85,0,0,1,1,0
8885,2024-12-15,1,36,2,13,156,6.24,149.76,95.16,19.95,0,0,1,1,0
8886,2024-05-07,3,36,3,100,600,0,0,366.0,33.0,0,0,1,1,0
8887,2025-04-30,1,5,1,69,828,33.12,0.0,505.08,28.35,0,0,1,1,0
8888,2024-07-23,3,46,2,73,438,0,0,267.18,28.95,0,0,1,1,0
8889,2025-01-10,3,44,2,11,66,7.92,0.0,40.26,19.65,1.16,0,0,1,1
8890,2024-07-14,3,22,2,27,162,19.44,0.0,98.82,22.05,0,0,1,1,0
8891,2025-02-09,2,26,3,73,6205,248.2,0.0,3785.05,50.85,0,0,1,1,0
8892,2025-09-03,2,19,1,100,8500,680.0,0.0,5185.0,63.0,0,0,1,1,0
8893,2025-08-08,1,9,2,73,876,0,0,534.36,28.95,17.52,0,0,1,1
8894,2025-02-24,3,5,1,52,312,0,0,190.32,25.8,0,0,1,1,0
8895,2024-04-25,2,25,3,89,7565,0,0,4614.65,58.05,0,0,1,1,0
8896,2025-11-10,2,21,1,87,7395,887.4,0.0,4510.95,57.15,0,0,1,1,0
8897,2024-09-27,2,24,3,92,7820,0,7820,4770.2,59.4,156.4,58.0,0,1,2
8898,2025-06-30,3,15,2,60,360,14.4,0.0,219.6,27.0,0,0,1,1,0
8899,2025-11-29,1,9,3,59,708,84.96,0.0,431.88,26.85,12.46,49.75,0,1,2
8900,2024-09-23,3,12,1,76,456,36.48,0.0,278.16,29.4,8.39,0,0,1,1
8901,2024-04-26,4,18,1,62,2356,188.48,0.0,1437.16,45.9,0,0,1,1,0
8902,2025-10-13,1,26,1,17,204,16.32,0.0,124.44,20.55,0,0,1,1,0
8903,2025-04-08,4,5,2,18,684,54.72,0.0,417.24,26.1,0,0,1,1,0
8904,2025-03-28,3,36,2,99,594,0,0,362.34,32.85,0,0,1,1,0
8905,2024-07-20,1,41,2,43,516,0,0,314.76,24.45,0,0,1,1,0
8906,2024-09-27,2,37,3,49,4165,0,0,2540.65,40.05,0,0,1,1,0
8907,2025-04-11,4,39,2,58,2204,176.32,2027.68,1344.44,44.1,0,0,1,1,0
8908,2024-08-13,1,27,1,25,300,12.0,0.0,183.0,21.75,5.76,41.25,0,1,4
8909,2025-09-04,4,43,2,53,2014,161.12,0.0,1228.54,41.85,0,0,1,1,0
8910,2025-06-13,1,21,3,33,396,47.52,0.0,241.56,22.95,6.97,0,0,1,1
8911,2024-02-02,3,39,2,85,510,40.8,0.0,311.1,30.75,0,0,1,1,0
8912,2025-02-12,3,41,1,29,174,13.92,0.0,106.14,22.35,0,0,1,1,0
8913,2024-03-07,3,37,2,54,324,25.92,0.0,197.64,26.1,0,0,1,1,0
8914,2024-06-29,3,20,2,51,306,36.72,0.0,186.66,25.65,0,0,1,1,0
8915,2024-09-10,3,5,1,87,522,0,0,318.42,31.05,0,0,1,1,0
8916,2025-05-15,2,9,3,18,1530,122.4,0.0,933.3,26.1,28.15,39.5,0,1,2
8917,2025-03-21,1,15,2,31,372,44.64,0.0,226.92,22.65,0,0,1,1,0
8918,2025-07-27,2,34,2,78,6630,265.2,0.0,4044.3,53.1,0,0,1,1,0
8919,2024-11-30,3,11,1,81,486,19.44,0.0,296.46,30.15,0,0,1,1,0
8920,2025-03-24,1,9,2,56,672,26.88,0.0,409.92,26.4,12.9,0,0,1,1
8921,2024-08-09,1,32,2,32,384,46.08,0.0,234.24,22.8,6.76,0,0,1,1
8922,2024-08-31,3,9,1,30,180,7.2,0.0,109.8,22.5,0,0,1,1,0
8923,2024-11-25,4,24,2,43,1634,196.08,0.0,996.74,37.35,0,0,1,0,0
8924,2025-06-06,4,25,2,90,3420,410.4,0.0,2086.2,58.5,0,0,1,1,0
8925,2025-02-24,4,21,2,94,3572,0,0,2178.92,60.3,0,0,1,1,0
8926,2025-10-18,1,38,1,77,924,110.88,0.0,563.64,29.55,0,0,1,1,0
8927,2024-03-17,1,3,2,17,204,0,0,124.44,20.55,4.08,0,0,1,1
8928,2025-06-25,2,27,2,36,3060,367.2,0.0,1866.6,34.2,0,0,1,1,0
8929,2025-07-03,2,12,1,34,2890,115.6,0.0,1762.9,33.3,0,0,1,1,0
8930,2025-03-02,2,8,2,85,7225,289.0,0.0,4407.25,56.25,0,0,1,1,0
8931,2024-12-05,1,6,1,36,432,0,0,263.52,23.4,8.64,0,0,1,1
8932,2025-01-21,1,8,3,31,372,14.88,0.0,226.92,22.65,7.14,0,0,1,1
8933,2025-08-05,2,28,3,31,2635,0,0,1607.35,31.95,0,0,1,1,0
8934,2024-10-20,3,40,1,14,84,3.36,0.0,51.24,20.1,0,0,1,1,0
8935,2024-10-17,3,6,1,74,444,17.76,0.0,270.84,29.1,8.52,53.5,0,1,4
8936,2025-06-30,2,13,2,83,7055,0,0,4303.55,55.35,0,0,1,1,0
8937,2025-12-21,4,26,2,33,1254,50.16,0.0,764.94,32.85,24.08,43.25,0,1,4
8938,2025-04-16,4,24,2,12,456,54.72,0.0,278.16,23.4,0,0,1,1,0
8939,2025-05-24,4,24,3,99,3762,0,0,2294.82,62.55,0,0,1,1,0
8940,2024-04-10,2,32,3,38,3230,258.4,0.0,1970.3,35.1,0,0,1,1,0
8941,2025-06-21,2,45,1,35,2975,238.0,0.0,1814.75,33.75,0,0,1,1,0
8942,2025-12-31,4,48,2,28,1064,127.68,0.0,649.04,30.6,0,0,1,1,0
8943,2025-01-17,1,1,1,48,576,46.08,0.0,351.36,25.2,10.6,47.0,0,1,4
8944,2025-04-04,1,25,3,59,708,28.32,0.0,431.88,26.85,13.59,49.75,0,1,4
8945,2025-12-14,3,5,1,62,372,14.88,0.0,226.92,27.3,7.14,50.5,0,1,2
8946,2024-02-14,1,43,1,17,204,8.16,0.0,124.44,20.55,0,0,1,1,0
8947,2024-12-05,3,35,3,83,498,39.84,0.0,303.78,30.45,0,0,1,1,0
8948,2024-09-13,3,32,1,46,276,22.08,0.0,168.36,24.9,0,0,1,1,0
8949,2024-08-30,3,47,2,27,162,0,0,98.82,22.05,0,0,1,1,0
8950,2025-06-20,1,32,3,83,996,119.52,0.0,607.56,30.45,17.53,0,0,1,1
8951,2025-03-06,2,6,2,75,6375,0,0,3888.75,51.75,0,0,1,1,0
8952,2025-07-09,4,46,3,87,3306,132.24,0.0,2016.66,57.15,63.48,0,0,1,1
8953,2025-10-17,4,40,3,54,2052,82.08,0.0,1251.72,42.3,0,0,1,1,0
8954,2024-07-04,4,12,1,32,1216,0,0,741.76,32.4,0,0,1,1,0
8955,2025-07-13,1,25,1,84,1008,120.96,0.0,614.88,30.6,17.74,0,0,1,1
8956,2024-03-08,2,25,1,95,8075,323.0,0.0,4925.75,60.75,0,0,1,1,0
8957,2024-09-16,2,45,1,10,850,68.0,0.0,518.5,22.5,0,0,1,1,0
8958,2024-12-05,1,5,1,80,960,38.4,0.0,585.6,30.0,0,0,1,1,0
8959,2025-06-19,1,43,2,46,552,66.24,0.0,336.72,24.9,0,0,1,1,0
8960,2025-05-30,1,24,1,100,1200,0,0,732.0,33.0,0,0,1,1,0
8961,2024-04-13,2,30,2,53,4505,540.6,0.0,2748.05,41.85,0,0,1,1,0
8962,2024-12-26,1,26,2,43,516,0,0,314.76,24.45,0,0,1,1,0
8963,2025-01-06,2,33,1,93,7905,632.4,0.0,4822.05,59.85,0,0,1,1,0
8964,2025-01-13,2,36,2,11,935,112.2,0.0,570.35,22.95,0,0,1,0,0
8965,2025-09-15,1,32,3,81,972,77.76,0.0,592.92,30.15,0,0,1,0,0
8966,2024-05-01,3,16,2,73,438,0,0,267.18,28.95,8.76,53.25,0,1,2
8967,2024-01-04,4,34,1,89,3382,405.84,0.0,2063.02,58.05,0,0,1,1,0
8968,2025-06-04,4,9,1,55,2090,167.2,0.0,1274.9,42.75,0,0,1,1,0
8969,2025-07-14,1,3,1,50,600,0,0,366.0,25.5,0,0,1,1,0
8970,2024-11-21,2,1,3,53,4505,0,0,2748.05,41.85,90.1,0,0,1,1
8971,2024-11-23,3,7,3,100,600,72.0,0.0,366.0,33.0,0,0,1,1,0
8972,2024-04-29,3,16,2,91,546,43.68,0.0,333.06,31.65,0,0,1,1,0
8973,2024-08-24,1,4,1,41,492,59.04,0.0,300.12,24.15,0,0,1,1,0
8974,2025-12-04,3,2,1,73,438,35.04,0.0,267.18,28.95,0,0,1,1,0
8975,2024-10-29,3,2,2,10,60,4.8,0.0,36.6,19.5,0,0,1,1,0
8976,2025-06-04,2,33,1,10,850,0,0,518.5,22.5,0,0,1,1,0
8977,2025-01-12,1,3,3,16,192,0,0,117.12,20.4,3.84,0,0,1,1
8978,2025-09-09,1,47,2,64,768,92.16,0.0,468.48,27.6,0,0,1,1,0
8979,2024-01-30,3,33,1,26,156,12.48,0.0,95.16,21.9,0,0,1,1,0
8980,2024-08-22,3,11,1,79,474,37.92,0.0,289.14,29.85,0,0,1,1,0
8981,2024-11-10,3,44,3,100,600,0,0,366.0,33.0,12.0,60.0,0,1,2
8982,2024-02-12,4,29,3,71,2698,107.92,0.0,1645.78,49.95,51.8,0,0,1,1
8983,2025-08-28,1,48,1,52,624,0,0,380.64,25.8,0,0,1,1,0
8984,2025-08-14,2,31,1,72,6120,734.4,0.0,3733.2,50.4,0,0,1,1,0
8985,2024-07-19,1,30,2,67,804,96.48,0.0,490.44,28.05,0,0,1,1,0
8986,2024-03-24,4,44,1,83,3154,252.32,0.0,1923.94,55.35,0,0,1,1,0
8987,2025-11-19,2,19,3,60,5100,204.0,0.0,3111.0,45.0,97.92,50.0,0,1,2
8988,2024-03-26,3,34,3,22,132,15.84,0.0,80.52,21.3,0,0,1,1,0
8989,2025-08-18,3,21,1,30,180,0,0,109.8,22.5,3.6,0,0,1,1
8990,2025-09-29,1,38,3,84,1008,120.96,0.0,614.88,30.6,0,0,1,1,0
8991,2025-06-21,2,18,1,71,6035,0,0,3681.35,49.95,120.7,52.75,0,0,2
8992,2024-11-25,1,10,1,62,744,89.28,0.0,453.84,27.3,0,0,1,1,0
8993,2025-02-13,1,40,3,93,1116,44.64,0.0,680.76,31.95,21.43,0,0,1,1
8994,2024-10-10,4,22,3,59,2242,269.04,0.0,1367.62,44.55,0,0,1,1,0
8995,2025-04-08,1,21,1,98,1176,141.12,0.0,717.36,32.7,0,0,1,1,0
8996,2024-06-07,4,7,3,54,2052,0,0,1251.72,42.3,41.04,48.5,0,1,2
8997,2024-03-09,1,37,2,69,828,33.12,0.0,505.08,28.35,0,0,1,1,0
8998,2024-01-18,3,18,2,73,438,52.56,0.0,267.18,28.95,0,0,1,1,0
8999,2024-04-01,4,29,3,33,1254,100.32,0.0,764.94,32.85,0,0,1,1,0
9000,2024-04-02,3,26,2,35,210,8.4,0.0,128.1,23.25,0,0,1,1,0
9001,2025-10-24,3,39,3,12,72,5.76,0.0,43.92,19.8,0,0,1,1,0
9002,2025-07-30,1,19,2,44,528,21.12,0.0,322.08,24.6,0,0,1,1,0
9003,2024-06-03,3,47,2,75,450,18.0,0.0,274.5,29.25,0,0,1,1,0
9004,2025-10-20,2,4,1,23,1955,78.2,0.0,1192.55,28.35,0,0,1,1,0
9005,2024-09-03,3,35,1,65,390,31.2,0.0,237.9,27.75,0,0,1,1,0
9006,2025-03-22,2,42,1,98,8330,666.4,0.0,5081.3,62.1,153.27,0,0,1,1
9007,2024-04-08,4,3,3,70,2660,106.4,0.0,1622.6,49.5,51.07,52.5,0,1,2
9008,2024-11-08,1,42,3,91,1092,0,0,666.12,31.65,0,0,1,1,0
9009,2025-07-04,4,2,2,68,2584,0,0,1576.24,48.6,0,0,1,1,0
9010,2025-12-11,4,14,1,52,1976,79.04,0.0,1205.36,41.4,0,0,1,1,0
9011,2024-07-29,3,1,2,23,138,16.56,0.0,84.18,21.45,0,0,1,1,0
9012,2025-10-25,2,39,2,96,8160,652.8,0.0,4977.6,61.2,0,0,1,1,0
9013,2024-07-11,4,16,1,65,2470,0,0,1506.7,47.25,0,0,1,1,0
9014,2025-07-12,1,46,1,57,684,82.08,0.0,417.24,26.55,0,0,1,1,0
9015,2024-06-18,1,27,1,28,336,0,0,204.96,22.2,6.72,42.0,0,1,2
9016,2024-05-31,3,32,3,35,210,8.4,0.0,128.1,23.25,4.03,0,0,1,1
9017,2024-01-27,4,32,3,51,1938,0,0,1182.18,40.95,0,0,1,1,0
9018,2024-12-25,1,4,2,42,504,20.16,0.0,307.44,24.3,9.68,0,0,1,1
9019,2024-05-01,1,33,1,49,588,23.52,0.0,358.68,25.35,0,0,1,1,0
9020,2024-09-17,1,10,1,80,960,76.8,0.0,585.6,30.0,17.66,0,0,1,1
9021,2024-03-25,3,35,2,63,378,30.24,0.0,230.58,27.45,0,0,1,1,0
9022,2025-04-09,4,20,1,66,2508,200.64,0.0,1529.88,47.7,0,0,1,1,0
9023,2025-08-28,4,47,3,34,1292,155.04,0.0,788.12,33.3,0,0,1,1,0
9024,2025-05-25,3,5,1,58,348,27.84,0.0,212.28,26.7,0,0,1,1,0
9025,2024-10-24,1,19,2,16,192,7.68,0.0,117.12,20.4,0,0,1,1,0
9026,2025-03-19,1,18,3,54,648,25.92,0.0,395.28,26.1,0,0,1,1,0
9027,2025-01-22,3,34,3,61,366,0,0,223.26,27.15,0,0,1,1,0
9028,2025-07-02,1,46,1,22,264,31.68,0.0,161.04,21.3,0,0,1,1,0
9029,2025-09-04,2,25,3,82,6970,836.4,0.0,4251.7,54.9,0,0,1,0,0
9030,2025-07-14,4,38,2,36,1368,164.16,0.0,834.48,34.2,0,0,1,1,0
9031,2025-06-20,2,15,3,21,1785,142.8,0.0,1088.85,27.45,0,0,1,1,0
9032,2024-02-07,1,40,1,39,468,56.16,0.0,285.48,23.85,0,0,1,1,0
9033,2024-01-17,2,13,3,53,4505,540.6,0.0,2748.05,41.85,0,0,1,1,0
9034,2025-09-28,3,48,1,27,162,19.44,0.0,98.82,22.05,2.85,41.75,0,1,2
9035,2025-07-11,3,6,1,55,330,0,0,201.3,26.25,0,0,1,1,0
9036,2024-03-07,4,48,3,16,608,24.32,0.0,370.88,25.2,0,0,1,1,0
9037,2025-09-04,1,30,3,35,420,50.4,0.0,256.2,23.25,7.39,0,0,1,1
9038,2025-09-12,3,37,1,62,372,44.64,0.0,226.92,27.3,0,0,1,1,0
9039,2024-08-01,2,15,2,24,2040,0,0,1244.4,28.8,0,0,1,1,0
9040,2024-01-05,3,11,3,83,498,0,0,303.78,30.45,9.96,0,0,1,1
9041,2025-09-28,2,21,1,76,6460,775.2,0.0,3940.6,52.2,0,0,1,1,0
9042,2024-02-29,4,45,3,56,2128,170.24,0.0,1298.08,43.2,0,0,1,1,0
9043,2024-02-14,4,6,2,45,1710,205.2,0.0,1043.1,38.25,0,0,1,1,0
9044,2024-09-23,2,21,3,25,2125,0,0,1296.25,29.25,42.5,41.25,0,1,2
9045,2024-10-25,4,12,1,99,3762,300.96,0.0,2294.82,62.55,0,0,1,1,0
9046,2024-04-13,3,14,2,30,180,21.6,0.0,109.8,22.5,0,0,1,1,0
9047,2025-10-21,3,5,2,82,492,19.68,0.0,300.12,30.3,0,0,1,1,0
9048,2024-11-16,3,33,1,54,324,0,0,197.64,26.1,0,0,1,1,0
9049,2025-02-14,2,28,2,50,4250,340.0,0.0,2592.5,40.5,78.2,47.5,0,1,2
9050,2024-09-23,1,32,3,88,1056,0,0,644.16,31.2,0,0,1,1,0
9051,2024-07-08,3,44,3,72,432,0,0,263.52,28.8,0,0,1,1,0
9052,2024-09-24,4,34,2,63,2394,0,2394,1460.34,46.35,0,0,1,1,0
9053,2025-05-31,3,31,1,45,270,0,0,164.7,24.75,0,0,1,1,0
9054,2024-11-17,3,18,2,42,252,10.08,0.0,153.72,24.3,0,0,1,1,0
9055,2025-01-12,4,6,2,100,3800,0,0,2318.0,63.0,76.0,60.0,0,1,4
9056,2024-04-26,1,1,2,94,1128,45.12,0.0,688.08,32.1,0,0,1,1,0
9057,2024-08-09,4,21,1,21,798,31.92,0.0,486.78,27.45,0,0,1,1,0
9058,2024-06-26,3,31,1,98,588,70.56,0.0,358.68,32.7,0,0,1,1,0
9059,2024-02-07,2,3,3,48,4080,163.2,0.0,2488.8,39.6,78.34,47.0,0,1,4
9060,2025-12-31,1,19,2,84,1008,80.64,0.0,614.88,30.6,0,0,1,1,0
9061,2025-06-26,3,23,1,52,312,0,0,190.32,25.8,6.24,48.0,0,1,2
9062,2025-11-29,2,29,3,70,5950,476.0,0.0,3629.5,49.5,109.48,52.5,0,1,4
9063,2024-11-13,2,28,3,37,3145,125.8,0.0,1918.45,34.65,60.38,44.25,0,1,2
9064,2025-03-31,2,5,3,45,3825,153.0,0.0,2333.25,38.25,0,0,1,1,0
9065,2024-12-25,2,10,3,46,3910,312.8,0.0,2385.1,38.7,0,0,1,1,0
9066,2025-03-10,2,43,1,89,7565,302.6,0.0,4614.65,58.05,0,0,1,1,0
9067,2024-04-06,2,46,2,40,3400,136.0,0.0,2074.0,36.0,65.28,0,0,1,1
9068,2024-12-14,2,5,2,13,1105,132.6,0.0,674.05,23.85,0,0,1,1,0
9069,2025-08-02,1,28,3,81,972,116.64,0.0,592.92,30.15,17.11,55.25,0,1,2
9070,2025-05-25,3,41,1,61,366,43.92,0.0,223.26,27.15,0,0,1,1,0
9071,2024-04-01,1,13,3,98,1176,94.08,0.0,717.36,32.7,21.64,0,0,1,1
9072,2024-01-27,3,23,3,53,318,12.72,0.0,193.98,25.95,6.11,0,0,1,1
9073,2025-10-13,2,37,3,29,2465,0,0,1503.65,31.05,49.3,0,0,1,1
9074,2025-07-13,3,36,2,85,510,20.4,0.0,311.1,30.75,0,0,1,1,0
9075,2025-03-14,4,9,2,28,1064,85.12,0.0,649.04,30.6,0,0,1,1,0
9076,2024-12-25,3,33,2,29,174,0,0,106.14,22.35,3.48,42.25,0,1,2
9077,2025-10-08,2,31,3,35,2975,119.0,0.0,1814.75,33.75,0,0,1,1,0
9078,2024-07-11,1,13,2,78,936,0,0,570.96,29.7,18.72,0,0,1,1
9079,2025-07-26,4,47,1,22,836,0,0,509.96,27.9,16.72,0,0,1,1
9080,2024-02-20,1,18,3,67,804,96.48,0.0,490.44,28.05,0,0,1,1,0
9081,2025-11-05,1,5,2,65,780,93.6,0.0,475.8,27.75,0,0,1,1,0
9082,2025-08-03,2,8,3,67,5695,455.6,0.0,3473.95,48.15,0,0,1,1,0
9083,2025-12-21,1,35,2,92,1104,44.16,0.0,673.44,31.8,0,0,1,1,0
9084,2025-05-26,3,6,3,61,366,0,0,223.26,27.15,7.32,0,0,1,1
9085,2025-06-27,1,44,3,89,1068,0,0,651.48,31.35,0,0,1,1,0
9086,2024-05-13,1,21,1,75,900,108.0,0.0,549.0,29.25,0,0,1,1,0
9087,2024-06-11,1,24,1,10,120,9.6,0.0,73.2,19.5,2.21,0,0,1,1
9088,2024-04-30,2,4,1,43,3655,0,0,2229.55,37.35,73.1,45.75,0,1,2
9089,2025-03-10,1,37,1,47,564,67.68,0.0,344.04,25.05,0,0,1,1,0
9090,2025-12-28,4,37,1,36,1368,164.16,0.0,834.48,34.2,0,0,1,1,0
9091,2025-10-24,2,43,2,82,6970,836.4,0.0,4251.7,54.9,0,0,1,1,0
9092,2025-04-16,4,7,3,31,1178,47.12,0.0,718.58,31.95,0,0,1,1,0
9093,2025-10-06,3,46,1,82,492,19.68,0.0,300.12,30.3,0,0,1,1,0
9094,2024-12-18,1,34,3,45,540,21.6,0.0,329.4,24.75,0,0,1,1,0
9095,2025-05-16,1,4,3,26,312,0,0,190.32,21.9,6.24,0,0,1,1
9096,2024-07-10,2,17,1,70,5950,0,0,3629.5,49.5,0,0,1,1,0
9097,2024-11-18,2,18,3,77,6545,785.4,0.0,3992.45,52.65,115.19,0,0,1,1
9098,2024-06-02,4,14,3,46,1748,139.84,0.0,1066.28,38.7,0,0,1,1,0
9099,2024-03-31,3,41,2,97,582,23.28,0.0,355.02,32.55,11.17,59.25,0,1,4
9100,2025-02-22,3,38,1,87,522,0,0,318.42,31.05,0,0,1,1,0
9101,2024-06-11,4,4,2,40,1520,182.4,0.0,927.2,36.0,26.75,45.0,0,1,2
9102,2024-04-22,4,33,1,64,2432,97.28,0.0,1483.52,46.8,0,0,1,1,0
9103,2024-08-31,3,22,2,49,294,0,0,179.34,25.35,0,0,1,1,0
9104,2024-12-11,4,27,1,52,1976,0,0,1205.36,41.4,0,0,1,1,0
9105,2025-11-21,3,18,1,77,462,55.44,0.0,281.82,29.55,0,0,1,1,0
9106,2024-07-05,3,20,1,88,528,42.24,0.0,322.08,31.2,0,0,1,1,0
9107,2024-10-23,4,15,2,12,456,0,0,278.16,23.4,0,0,1,1,0
9108,2024-01-08,3,7,2,97,582,69.84,0.0,355.02,32.55,10.24,59.25,0,1,2
9109,2025-11-19,1,11,2,33,396,15.84,0.0,241.56,22.95,0,0,1,1,0
9110,2025-07-24,2,30,3,70,5950,0,0,3629.5,49.5,0,0,1,1,0
9111,2025-02-12,1,35,3,71,852,34.08,0.0,519.72,28.65,0,0,1,1,0
9112,2025-11-06,3,38,1,80,480,57.6,0.0,292.8,30.0,0,0,1,1,0
9113,2025-04-16,3,33,1,51,306,12.24,0.0,186.66,25.65,0,0,1,1,0
9114,2025-06-18,2,43,1,90,7650,918.0,0.0,4666.5,58.5,0,0,1,1,0
9115,2024-11-07,4,31,3,58,2204,176.32,0.0,1344.44,44.1,40.55,49.5,0,1,4
9116,2024-07-11,2,9,2,100,8500,1020.0,0.0,5185.0,63.0,0,0,1,1,0
9117,2024-04-16,3,44,2,79,474,37.92,0.0,289.14,29.85,0,0,1,1,0
9118,2025-04-28,2,47,2,74,6290,754.8,0.0,3836.9,51.3,0,0,1,1,0
9119,2024-08-09,4,36,2,85,3230,258.4,0.0,1970.3,56.25,0,0,1,1,0
9120,2024-07-31,2,4,3,12,1020,40.8,0.0,622.2,23.4,0,0,1,1,0
9121,2025-04-04,4,3,3,29,1102,44.08,0.0,672.22,31.05,21.16,42.25,0,1,2
9122,2025-11-24,3,30,2,33,198,23.76,0.0,120.78,22.95,0,0,1,0,0
9123,2025-03-17,3,26,3,28,168,13.44,0.0,102.48,22.2,0,0,1,1,0
9124,2025-03-03,2,45,3,66,5610,673.2,0.0,3422.1,47.7,0,0,1,1,0
9125,2024-10-02,1,36,1,22,264,31.68,0.0,161.04,21.3,0,0,1,1,0
9126,2024-09-01,4,13,3,11,418,0,0,254.98,22.95,8.36,0,0,1,1
9127,2024-08-28,2,14,1,85,7225,289.0,0.0,4407.25,56.25,0,0,1,1,0
9128,2025-01-19,3,2,1,17,102,8.16,0.0,62.22,20.55,1.88,0,0,1,1
9129,2025-03-23,4,15,2,42,1596,191.52,0.0,973.56,36.9,28.09,0,0,1,1
9130,2025-11-26,2,21,3,48,4080,0,0,2488.8,39.6,0,0,1,1,0
9131,2025-12-13,2,4,1,20,1700,136.0,0.0,1037.0,27.0,0,0,1,1,0
9132,2024-04-12,4,5,1,11,418,16.72,0.0,254.98,22.95,0,0,1,1,0
9133,2024-05-16,1,10,2,11,132,10.56,0.0,80.52,19.65,0,0,1,1,0
9134,2025-08-31,4,37,2,78,2964,355.68,0.0,1808.04,53.1,0,0,1,1,0
9135,2025-03-31,1,21,1,100,1200,48.0,0.0,732.0,33.0,0,0,1,1,0
9136,2024-09-08,2,2,3,68,5780,462.4,0.0,3525.8,48.6,0,0,1,1,0
9137,2025-08-15,2,5,2,43,3655,0,3655,2229.55,37.35,73.1,45.75,0,1,4
9138,2024-11-22,2,6,1,97,8245,989.4,0.0,5029.45,61.65,0,0,1,1,0
9139,2025-05-14,1,28,1,65,780,0,0,475.8,27.75,0,0,1,1,0
9140,2024-04-07,2,33,2,91,7735,928.2,0.0,4718.35,58.95,0,0,1,1,0
9141,2025-03-06,2,42,2,27,2295,0,0,1399.95,30.15,0,0,1,1,0
9142,2025-05-22,2,28,3,93,7905,0,0,4822.05,59.85,0,0,1,1,0
9143,2024-02-04,4,25,2,31,1178,141.36,0.0,718.58,31.95,0,0,1,1,0
9144,2025-04-24,4,12,3,89,3382,0,0,2063.02,58.05,0,0,1,1,0
9145,2024-01-23,3,42,2,59,354,42.48,0.0,215.94,26.85,0,0,1,1,0
9146,2024-04-09,3,28,1,49,294,35.28,0.0,179.34,25.35,0,0,1,1,0
9147,2025-01-16,4,37,3,48,1824,0,0,1112.64,39.6,36.48,47.0,0,1,2
9148,2024-11-17,1,44,2,39,468,37.44,0.0,285.48,23.85,8.61,44.75,0,1,2
9149,2025-08-14,3,17,1,61,366,0,0,223.26,27.15,0,0,1,1,0
9150,2024-09-16,3,5,3,54,324,25.92,0.0,197.64,26.1,0,0,1,1,0
9151,2024-09-12,4,16,2,32,1216,0,0,741.76,32.4,0,0,1,0,0
9152,2024-05-29,1,18,1,59,708,0,0,431.88,26.85,0,0,1,1,0
9153,2025-12-07,2,2,1,35,2975,0,0,1814.75,33.75,0,0,1,1,0
9154,2025-04-03,3,10,2,44,264,0,0,161.04,24.6,5.28,0,0,1,1
9155,2024-06-03,4,20,2,50,1900,0,0,1159.0,40.5,0,0,1,0,0
9156,2024-05-03,3,24,2,28,168,13.44,0.0,102.48,22.2,3.09,42.0,0,1,2
9157,2024-09-13,1,11,2,12,144,0,144,87.84,19.8,2.88,38.0,0,1,4
9158,2024-09-21,4,29,3,48,1824,145.92,0.0,1112.64,39.6,0,0,1,1,0
9159,2024-02-16,3,3,3,16,96,0,0,58.56,20.4,1.92,0,0,1,1
9160,2025-09-03,1,32,2,46,552,0,0,336.72,24.9,11.04,46.5,0,1,2
9161,2025-12-28,4,36,2,83,3154,126.16,0.0,1923.94,55.35,60.56,0,0,1,1
9162,2025-05-13,4,33,3,20,760,30.4,0.0,463.6,27.0,0,0,1,1,0
9163,2024-04-24,3,1,3,21,126,15.12,0.0,76.86,21.15,0,0,1,1,0
9164,2024-10-17,4,8,1,48,1824,0,0,1112.64,39.6,0,0,1,1,0
9165,2025-09-16,4,21,2,41,1558,62.32,0.0,950.38,36.45,0,0,1,1,0
9166,2024-09-23,1,30,1,70,840,0,0,512.4,28.5,0,0,1,1,0
9167,2025-10-13,2,41,1,95,8075,323.0,0.0,4925.75,60.75,155.04,58.75,0,1,2
9168,2024-11-27,1,22,2,67,804,96.48,0.0,490.44,28.05,0,0,1,1,0
9169,2024-06-24,1,32,3,79,948,75.84,0.0,578.28,29.85,17.44,54.75,0,0,2
9170,2024-05-26,1,9,3,74,888,106.56,0.0,541.68,29.1,15.63,53.5,0,1,2
9171,2024-06-22,1,2,2,37,444,53.28,0.0,270.84,23.55,0,0,1,1,0
9172,2024-11-13,1,32,3,94,1128,135.36,0.0,688.08,32.1,0,0,1,1,0
9173,2025-10-24,1,4,3,93,1116,89.28,0.0,680.76,31.95,20.53,58.25,0,1,2
9174,2025-07-18,1,48,1,63,756,0,0,461.16,27.45,0,0,1,1,0
9175,2024-07-18,4,7,2,33,1254,150.48,0.0,764.94,32.85,22.07,43.25,0,1,2
9176,2024-05-20,2,15,2,96,8160,0,0,4977.6,61.2,0,0,1,1,0
9177,2025-05-13,4,42,2,13,494,0,0,301.34,23.85,0,0,1,1,0
9178,2025-12-05,3,40,1,45,270,32.4,0.0,164.7,24.75,0,0,1,1,0
9179,2025-07-01,1,18,3,88,1056,126.72,0.0,644.16,31.2,18.59,0,0,1,1
9180,2024-09-20,1,24,2,48,576,23.04,0.0,351.36,25.2,0,0,1,1,0
9181,2024-03-02,2,47,1,63,5355,428.4,0.0,3266.55,46.35,0,0,1,1,0
9182,2024-12-07,2,32,2,90,7650,0,0,4666.5,58.5,0,0,1,1,0
9183,2025-05-03,3,43,3,77,462,0,0,281.82,29.55,9.24,54.25,0,0,4
9184,2025-09-04,3,43,1,54,324,0,0,197.64,26.1,0,0,1,1,0
9185,2024-12-05,1,7,2,84,1008,40.32,0.0,614.88,30.6,19.35,56.0,0,1,2
9186,2024-05-23,2,36,3,46,3910,0,0,2385.1,38.7,0,0,1,1,0
9187,2025-07-11,4,40,3,39,1482,177.84,0.0,904.02,35.55,0,0,1,1,0
9188,2024-09-29,2,17,3,87,7395,0,0,4510.95,57.15,147.9,56.75,0,1,2
9189,2025-05-31,2,5,1,31,2635,0,0,1607.35,31.95,0,0,1,1,0
9190,2024-06-02,2,37,3,82,6970,557.6,0.0,4251.7,54.9,0,0,1,1,0
9191,2024-09-21,3,42,3,93,558,22.32,0.0,340.38,31.95,10.71,58.25,0,1,2
9192,2025-04-07,1,22,2,45,540,0,0,329.4,24.75,0,0,1,1,0
9193,2024-08-28,4,21,1,42,1596,63.84,0.0,973.56,36.9,0,0,1,1,0
9194,2024-02-28,3,48,3,66,396,0,0,241.56,27.9,7.92,0,0,1,1
9195,2025-01-26,4,26,3,52,1976,237.12,0.0,1205.36,41.4,0,0,1,1,0
9196,2024-07-29,2,10,1,29,2465,0,0,1503.65,31.05,0,0,1,1,0
9197,2025-12-08,3,35,3,13,78,6.24,0.0,47.58,19.95,1.44,38.25,0,1,2
9198,2024-03-02,2,35,1,27,2295,0,0,1399.95,30.15,0,0,1,1,0
9199,2024-01-02,1,43,1,35,420,50.4,0.0,256.2,23.25,0,0,1,1,0
9200,2024-06-25,4,48,3,49,1862,223.44,0.0,1135.82,40.05,0,0,1,1,0
9201,2024-09-09,3,8,1,37,222,17.76,0.0,135.42,23.55,0,0,1,1,0
9202,2024-10-13,3,13,1,67,402,16.08,0.0,245.22,28.05,0,0,1,1,0
9203,2025-10-14,3,31,1,41,246,19.68,0.0,150.06,24.15,0,0,1,1,0
9204,2025-02-16,2,28,2,81,6885,826.2,0.0,4199.85,54.45,0,0,1,1,0
9205,2025-04-14,1,40,1,41,492,39.36,0.0,300.12,24.15,0,0,1,1,0
9206,2024-07-07,1,12,1,60,720,0,0,439.2,27.0,0,0,1,1,0
9207,2025-09-14,2,31,1,62,5270,0,0,3214.7,45.9,0,0,1,1,0
9208,2025-02-02,4,27,3,89,3382,135.28,0.0,2063.02,58.05,64.93,0,0,1,1
9209,2024-12-30,4,27,2,89,3382,270.56,0.0,2063.02,58.05,62.23,57.25,0,1,4
9210,2025-08-29,1,3,1,79,948,113.76,0.0,578.28,29.85,0,0,1,1,0
9211,2025-10-25,1,36,1,92,1104,132.48,0.0,673.44,31.8,0,0,1,1,0
9212,2025-03-11,4,29,2,72,2736,328.32,0.0,1668.96,50.4,0,0,1,1,0
9213,2024-10-10,4,15,2,22,836,100.32,0.0,509.96,27.9,0,0,1,1,0
9214,2024-04-18,2,34,1,38,3230,258.4,2971.6,1970.3,35.1,0,0,1,1,0
9215,2025-12-28,4,21,3,64,2432,194.56,0.0,1483.52,46.8,0,0,1,1,0
9216,2025-10-12,2,18,1,16,1360,54.4,0.0,829.6,25.2,0,0,1,1,0
9217,2025-02-02,2,43,2,79,6715,537.2,0.0,4096.15,53.55,0,0,1,1,0
9218,2024-01-01,4,28,1,92,3496,279.68,0.0,2132.56,59.4,0,0,1,1,0
9219,2024-07-03,1,19,1,99,1188,142.56,0.0,724.68,32.85,20.91,59.75,0,1,4
9220,2024-03-29,4,5,1,24,912,36.48,0.0,556.32,28.8,0,0,1,1,0
9221,2025-05-04,1,25,1,20,240,9.6,0.0,146.4,21.0,4.61,40.0,0,1,2
9222,2024-05-15,3,47,3,96,576,23.04,0.0,351.36,32.4,0,0,1,1,0
9223,2024-03-28,1,15,3,76,912,109.44,0.0,556.32,29.4,16.05,54.0,0,1,2
9224,2024-12-29,1,10,1,96,1152,46.08,0.0,702.72,32.4,0,0,1,1,0
9225,2024-09-29,1,22,1,77,924,73.92,0.0,563.64,29.55,0,0,1,1,0
9226,2025-01-19,4,3,1,78,2964,118.56,0.0,1808.04,53.1,0,0,1,1,0
9227,2025-05-11,3,26,2,85,510,0,0,311.1,30.75,0,0,1,1,0
9228,2024-09-01,2,22,2,50,4250,510.0,0.0,2592.5,40.5,0,0,1,1,0
9229,2025-05-14,2,40,3,52,4420,353.6,0.0,2696.2,41.4,81.33,48.0,0,1,2
9230,2025-06-05,3,30,2,50,300,36.0,0.0,183.0,25.5,0,0,1,1,0
9231,2025-02-19,3,41,3,25,150,12.0,0.0,91.5,21.75,0,0,1,1,0
9232,2025-11-13,3,9,2,99,594,47.52,0.0,362.34,32.85,10.93,0,0,1,1
9233,2025-09-26,4,37,1,65,2470,296.4,0.0,1506.7,47.25,0,0,1,1,0
9234,2025-04-22,1,35,3,22,264,21.12,0.0,161.04,21.3,4.86,40.5,0,1,2
9235,2025-12-29,2,8,3,70,5950,238.0,0.0,3629.5,49.5,0,0,1,1,0
9236,2025-10-30,1,19,1,39,468,0,0,285.48,23.85,0,0,1,1,0
9237,2024-11-02,2,25,3,97,8245,659.6,0.0,5029.45,61.65,0,0,1,1,0
9238,2024-10-09,2,7,3,31,2635,316.2,0.0,1607.35,31.95,0,0,1,1,0
9239,2025-03-12,2,41,1,62,5270,632.4,0.0,3214.7,45.9,0,0,1,1,0
9240,2024-11-06,3,10,2,65,390,15.6,0.0,237.9,27.75,7.49,51.25,0,1,2
9241,2024-09-24,1,34,2,96,1152,0,0,702.72,32.4,23.04,0,0,0,1
9242,2025-06-11,3,46,3,17,102,8.16,0.0,62.22,20.55,1.88,39.25,0,1,2
9243,2025-07-06,4,43,2,85,3230,0,0,1970.3,56.25,0,0,1,1,0
9244,2025-01-06,1,44,2,72,864,69.12,0.0,527.04,28.8,0,0,1,1,0
9245,2025-02-27,2,3,3,41,3485,139.4,0.0,2125.85,36.45,0,0,1,1,0
9246,2024-10-14,3,45,2,52,312,37.44,0.0,190.32,25.8,5.49,48.0,0,1,2
9247,2024-12-20,2,20,2,18,1530,0,0,933.3,26.1,0,0,1,1,0
9248,2025-11-23,4,28,3,51,1938,232.56,0.0,1182.18,40.95,34.11,0,0,1,1
9249,2024-03-08,2,37,1,61,5185,207.4,0.0,3162.85,45.45,0,0,1,1,0
9250,2025-10-22,4,29,3,26,988,118.56,0.0,602.68,29.7,0,0,1,1,0
9251,2025-02-11,2,21,1,34,2890,346.8,0.0,1762.9,33.3,0,0,1,1,0
9252,2025-12-05,2,18,1,70,5950,0,0,3629.5,49.5,0,0,1,1,0
9253,2024-03-18,3,11,2,90,540,21.6,0.0,329.4,31.5,0,0,1,1,0
9254,2024-02-07,3,24,2,64,384,15.36,0.0,234.24,27.6,0,0,1,1,0
9255,2024-10-12,1,15,3,99,1188,95.04,0.0,724.68,32.85,21.86,59.75,0,1,2
9256,2025-09-10,4,29,2,58,2204,264.48,0.0,1344.44,44.1,0,0,1,1,0
9257,2025-09-02,1,45,3,52,624,49.92,0.0,380.64,25.8,0,0,1,1,0
9258,2024-08-08,3,8,3,97,582,46.56,0.0,355.02,32.55,0,0,1,1,0
9259,2025-09-21,4,33,3,100,3800,0,0,2318.0,63.0,0,0,1,1,0
9260,2024-01-19,3,20,2,94,564,22.56,0.0,344.04,32.1,0,0,1,1,0
9261,2025-03-23,1,29,1,88,1056,0,0,644.16,31.2,0,0,1,1,0
9262,2024-04-27,1,39,3,62,744,89.28,0.0,453.84,27.3,0,0,1,1,0
9263,2025-11-03,3,26,1,66,396,47.52,0.0,241.56,27.9,0,0,1,1,0
9264,2024-03-13,3,48,2,11,66,0,0,40.26,19.65,0,0,1,1,0
9265,2024-07-01,1,29,1,20,240,9.6,0.0,146.4,21.0,0,0,1,1,0
9266,2024-10-09,3,22,2,18,108,4.32,0.0,65.88,20.7,0,0,1,1,0
9267,2025-04-15,3,30,3,11,66,7.92,0.0,40.26,19.65,0,0,1,1,0
9268,2025-05-20,3,1,2,97,582,23.28,0.0,355.02,32.55,11.17,59.25,0,1,2
9269,2024-01-10,1,38,3,21,252,0,0,153.72,21.15,0,0,1,1,0
9270,2025-10-09,4,20,2,47,1786,214.32,0.0,1089.46,39.15,0,0,1,1,0
9271,2025-08-25,4,47,1,53,2014,161.12,0.0,1228.54,41.85,37.06,0,0,1,1
9272,2024-01-13,4,29,1,77,2926,0,0,1784.86,52.65,0,0,1,1,0
9273,2024-03-07,2,8,2,78,6630,795.6,0.0,4044.3,53.1,0,0,1,1,0
9274,2024-03-01,3,17,3,18,108,8.64,0.0,65.88,20.7,1.99,39.5,0,1,2
9275,2025-06-10,1,30,1,19,228,0,0,139.08,20.85,0,0,1,1,0
9276,2024-02-09,4,26,3,66,2508,200.64,0.0,1529.88,47.7,0,0,1,1,0
9277,2025-02-07,4,43,1,95,3610,0,0,2202.1,60.75,0,0,1,1,0
9278,2025-09-20,2,41,1,52,4420,0,0,2696.2,41.4,0,0,1,1,0
9279,2025-04-09,4,4,2,66,2508,300.96,0.0,1529.88,47.7,44.14,0,0,1,1
9280,2024-05-05,1,22,1,97,1164,0,0,710.04,32.55,0,0,1,1,0
9281,2024-03-09,4,2,2,78,2964,355.68,0.0,1808.04,53.1,0,0,1,1,0
9282,2024-02-24,2,47,1,33,2805,224.4,0.0,1711.05,32.85,51.61,43.25,0,1,2
9283,2024-08-19,4,1,2,100,3800,0,0,2318.0,63.0,0,0,1,1,0
9284,2024-05-19,4,22,3,52,1976,237.12,0.0,1205.36,41.4,34.78,0,0,1,1
9285,2025-05-11,1,18,1,41,492,59.04,0.0,300.12,24.15,0,0,1,1,0
9286,2025-10-09,4,10,2,39,1482,177.84,0.0,904.02,35.55,26.08,44.75,0,0,2
9287,2025-07-08,3,24,2,26,156,0,0,95.16,21.9,0,0,1,1,0
9288,2025-05-04,3,5,2,24,144,0,0,87.84,21.6,2.88,0,0,1,1
9289,2025-11-08,4,8,2,23,874,0,0,533.14,28.35,17.48,40.75,0,1,2
9290,2024-04-24,1,14,1,69,828,0,0,505.08,28.35,16.56,52.25,0,1,4
9291,2024-04-15,2,14,1,44,3740,0,0,2281.4,37.8,74.8,0,0,1,1
9292,2025-02-22,4,9,2,80,3040,243.2,0.0,1854.4,54.0,0,0,1,1,0
9293,2024-06-30,3,46,2,17,102,0,0,62.22,20.55,0,0,1,1,0
9294,2025-02-12,4,44,3,46,1748,209.76,0.0,1066.28,38.7,0,0,1,1,0
9295,2025-05-31,4,32,1,16,608,72.96,0.0,370.88,25.2,0,0,1,1,0
9296,2024-04-21,1,11,2,55,660,79.2,0.0,402.6,26.25,0,0,1,1,0
9297,2025-07-14,4,18,3,20,760,60.8,0.0,463.6,27.0,0,0,1,1,0
9298,2024-05-23,2,2,2,75,6375,765.0,0.0,3888.75,51.75,0,0,1,1,0
9299,2025-08-28,4,48,2,66,2508,100.32,0.0,1529.88,47.7,48.15,51.5,0,1,2
9300,2025-09-30,3,12,3,31,186,0,0,113.46,22.65,0,0,1,1,0
9301,2024-05-19,3,1,2,47,282,33.84,0.0,172.02,25.05,0,0,1,1,0
9302,2025-05-06,3,47,2,88,528,21.12,0.0,322.08,31.2,0,0,1,1,0
9303,2024-11-27,1,20,2,73,876,35.04,0.0,534.36,28.95,0,0,1,1,0
9304,2024-06-22,3,35,2,63,378,15.12,0.0,230.58,27.45,0,0,1,1,0
9305,2025-10-04,4,30,3,10,380,30.4,0.0,231.8,22.5,6.99,37.5,0,0,2
9306,2025-07-27,2,28,1,23,1955,156.4,0.0,1192.55,28.35,0,0,1,1,0
9307,2024-11-17,1,42,3,85,1020,122.4,0.0,622.2,30.75,0,0,1,1,0
9308,2025-12-24,3,36,3,37,222,17.76,0.0,135.42,23.55,0,0,1,1,0
9309,2024-06-21,3,21,1,13,78,6.24,0.0,47.58,19.95,0,0,1,1,0
9310,2024-10-11,3,9,1,13,78,3.12,0.0,47.58,19.95,0,0,1,1,0
9311,2025-04-08,3,5,3,51,306,36.72,0.0,186.66,25.65,0,0,1,1,0
9312,2025-01-01,4,32,3,34,1292,51.68,0.0,788.12,33.3,0,0,1,1,0
9313,2024-11-04,2,24,2,84,7140,856.8,0.0,4355.4,55.8,125.66,0,0,1,1
9314,2025-10-11,4,6,3,23,874,69.92,0.0,533.14,28.35,16.08,40.75,0,1,4
9315,2024-09-22,1,19,3,40,480,38.4,0.0,292.8,24.0,0,0,1,1,0
9316,2025-03-12,3,41,3,90,540,21.6,0.0,329.4,31.5,10.37,0,0,1,1
9317,2024-01-28,1,39,2,95,1140,91.2,0.0,695.4,32.25,0,0,1,1,0
9318,2025-10-24,3,21,1,19,114,9.12,0.0,69.54,20.85,0,0,1,1,0
9319,2024-10-17,2,35,2,85,7225,867.0,0.0,4407.25,56.25,0,0,1,1,0
9320,2025-12-12,1,40,2,67,804,0,0,490.44,28.05,0,0,1,0,0
9321,2025-05-26,2,22,3,72,6120,489.6,0.0,3733.2,50.4,112.61,53.0,0,1,2
9322,2024-11-09,2,31,3,45,3825,306.0,0.0,2333.25,38.25,70.38,46.25,0,1,2
9323,2024-08-05,1,34,2,37,444,35.52,0.0,270.84,23.55,0,0,1,1,0
9324,2024-12-14,1,42,2,34,408,48.96,0.0,248.88,23.1,0,0,1,1,0
9325,2025-11-28,4,16,2,63,2394,191.52,0.0,1460.34,46.35,0,0,1,1,0
9326,2024-01-24,4,22,3,83,3154,252.32,0.0,1923.94,55.35,0,0,1,1,0
9327,2024-08-09,3,4,2,40,240,28.8,0.0,146.4,24.0,0,0,1,1,0
9328,2025-04-26,3,8,3,81,486,19.44,0.0,296.46,30.15,0,0,1,1,0
9329,2025-07-29,1,37,2,76,912,36.48,0.0,556.32,29.4,0,0,1,1,0
9330,2025-07-02,1,10,3,38,456,54.72,0.0,278.16,23.7,8.03,0,0,1,1
9331,2025-02-27,3,18,2,96,576,46.08,0.0,351.36,32.4,0,0,1,1,0
9332,2025-12-03,1,20,3,27,324,38.88,0.0,197.64,22.05,0,0,1,1,0
9333,2025-02-14,1,43,2,35,420,16.8,0.0,256.2,23.25,0,0,1,1,0
9334,2025-02-21,4,26,1,22,836,33.44,0.0,509.96,27.9,0,0,1,1,0
9335,2025-12-11,4,28,1,60,2280,273.6,0.0,1390.8,45.0,0,0,1,1,0
9336,2025-12-09,1,24,1,12,144,0,0,87.84,19.8,0,0,1,1,0
9337,2024-03-18,1,27,2,29,348,41.76,0.0,212.28,22.35,0,0,1,1,0
9338,2025-03-23,3,39,1,50,300,0,0,183.0,25.5,0,0,1,1,0
9339,2024-11-02,1,37,1,97,1164,93.12,0.0,710.04,32.55,0,0,1,1,0
9340,2025-11-07,2,7,2,16,1360,163.2,0.0,829.6,25.2,0,0,1,1,0
9341,2025-04-28,3,6,2,97,582,46.56,0.0,355.02,32.55,0,0,1,1,0
9342,2025-08-01,1,12,2,11,132,5.28,0.0,80.52,19.65,2.53,0,0,1,1
9343,2025-07-09,2,46,2,79,6715,805.8,0.0,4096.15,53.55,118.18,54.75,0,1,4
9344,2025-12-16,3,11,2,65,390,15.6,0.0,237.9,27.75,7.49,51.25,0,1,2
9345,2024-12-27,3,33,2,12,72,0,0,43.92,19.8,0,0,1,1,0
9346,2024-06-21,4,35,1,55,2090,250.8,0.0,1274.9,42.75,0,0,1,1,0
9347,2024-04-08,3,28,3,46,276,22.08,0.0,168.36,24.9,5.08,46.5,0,1,4
9348,2024-08-25,3,19,2,40,240,19.2,0.0,146.4,24.0,0,0,1,1,0
9349,2024-05-04,1,13,1,69,828,66.24,0.0,505.08,28.35,0,0,1,1,0
9350,2025-10-04,2,30,1,26,2210,88.4,0.0,1348.1,29.7,0,0,1,1,0
9351,2025-08-09,4,14,3,96,3648,291.84,0.0,2225.28,61.2,67.12,59.0,0,1,2
9352,2025-04-05,4,34,1,41,1558,186.96,0.0,950.38,36.45,0,0,1,1,0
9353,2025-01-05,3,7,1,42,252,30.24,0.0,153.72,24.3,0,0,1,1,0
9354,2024-09-21,3,46,1,86,516,0,0,314.76,30.9,10.32,0,0,1,1
9355,2024-04-11,3,26,2,26,156,18.72,0.0,95.16,21.9,2.75,0,0,1,1
9356,2025-06-02,3,34,2,57,342,13.68,0.0,208.62,26.55,0,0,1,1,0
9357,2024-03-28,3,18,3,14,84,3.36,0.0,51.24,20.1,0,0,1,1,0
9358,2025-07-13,3,25,3,30,180,14.4,0.0,109.8,22.5,0,0,1,1,0
9359,2025-03-17,3,2,3,68,408,48.96,0.0,248.88,28.2,7.18,0,0,1,1
9360,2025-08-23,3,35,2,47,282,22.56,0.0,172.02,25.05,0,0,1,1,0
9361,2025-06-17,3,22,2,36,216,17.28,0.0,131.76,23.4,0,0,1,1,0
9362,2025-01-15,2,46,2,46,3910,156.4,0.0,2385.1,38.7,75.07,46.5,0,1,2
9363,2024-05-19,2,26,1,92,7820,312.8,0.0,4770.2,59.4,0,0,1,1,0
9364,2024-07-08,2,14,2,46,3910,312.8,0.0,2385.1,38.7,0,0,1,1,0
9365,2024-07-11,4,2,1,85,3230,387.6,0.0,1970.3,56.25,0,0,1,1,0
9366,2024-01-13,3,32,2,44,264,31.68,232.32,161.04,24.6,0,0,1,1,0
9367,2025-01-30,3,34,1,97,582,23.28,0.0,355.02,32.55,0,0,1,1,0
9368,2025-07-24,4,16,3,29,1102,132.24,0.0,672.22,31.05,0,0,1,1,0
9369,2024-01-11,1,31,3,72,864,34.56,0.0,527.04,28.8,16.59,53.0,0,1,2
9370,2024-11-10,1,32,2,88,1056,84.48,0.0,644.16,31.2,0,0,1,1,0
9371,2025-01-12,3,20,2,45,270,0,0,164.7,24.75,0,0,1,1,0
9372,2025-05-06,3,46,2,34,204,8.16,0.0,124.44,23.1,0,0,1,1,0
9373,2024-09-22,4,28,2,51,1938,77.52,0.0,1182.18,40.95,0,0,1,1,0
9374,2025-04-21,4,32,3,89,3382,405.84,0.0,2063.02,58.05,59.52,57.25,0,1,2
9375,2024-09-01,4,2,1,74,2812,112.48,0.0,1715.32,51.3,0,0,1,0,0
9376,2024-08-27,1,41,2,41,492,19.68,0.0,300.12,24.15,0,0,1,1,0
9377,2024-05-19,1,37,1,69,828,0,0,505.08,28.35,0,0,1,1,0
9378,2025-01-26,1,11,2,60,720,57.6,0.0,439.2,27.0,0,0,1,1,0
9379,2024-08-15,2,39,1,75,6375,0,0,3888.75,51.75,127.5,0,0,1,1
9380,2025-05-17,4,10,1,28,1064,85.12,978.88,649.04,30.6,0,0,1,1,0
9381,2024-07-30,4,12,2,15,570,68.4,0.0,347.7,24.75,0,0,1,1,0
9382,2025-10-28,1,44,3,91,1092,87.36,0.0,666.12,31.65,20.09,0,0,1,1
9383,2024-03-19,2,1,2,88,7480,299.2,0.0,4562.8,57.6,143.62,57.0,0,1,4
9384,2025-04-03,2,5,1,18,1530,122.4,0.0,933.3,26.1,0,0,1,1,0
9385,2025-12-17,3,10,3,89,534,21.36,0.0,325.74,31.35,10.25,57.25,0,1,2
9386,2024-09-25,1,1,3,31,372,0,0,226.92,22.65,0,0,1,1,0
9387,2025-01-06,3,19,1,23,138,16.56,0.0,84.18,21.45,0,0,1,1,0
9388,2025-02-22,4,48,3,48,1824,218.88,0.0,1112.64,39.6,0,0,1,1,0
9389,2025-01-21,2,30,3,87,7395,887.4,0.0,4510.95,57.15,0,0,1,1,0
9390,2024-10-23,3,19,1,44,264,10.56,0.0,161.04,24.6,0,0,1,1,0
9391,2025-08-25,3,17,2,37,222,26.64,0.0,135.42,23.55,0,0,1,0,0
9392,2025-11-24,3,43,3,25,150,6.0,0.0,91.5,21.75,0,0,1,1,0
9393,2024-04-28,4,15,1,44,1672,200.64,0.0,1019.92,37.8,0,0,1,1,0
9394,2025-09-19,3,39,3,83,498,19.92,0.0,303.78,30.45,9.56,0,0,1,1
9395,2024-04-09,2,43,1,72,6120,734.4,0.0,3733.2,50.4,0,0,1,1,0
9396,2024-08-04,3,34,3,56,336,13.44,0.0,204.96,26.4,6.45,49.0,0,1,4
9397,2024-06-02,3,12,2,78,468,37.44,0.0,285.48,29.7,0,0,1,1,0
9398,2025-09-19,3,1,3,21,126,0,0,76.86,21.15,0,0,1,1,0
9399,2025-01-18,2,34,2,77,6545,261.8,0.0,3992.45,52.65,0,0,1,1,0
9400,2025-02-24,1,22,1,99,1188,47.52,0.0,724.68,32.85,0,0,1,1,0
9401,2024-12-01,1,38,3,71,852,0,0,519.72,28.65,17.04,0,0,1,1
9402,2025-04-15,3,15,2,91,546,43.68,0.0,333.06,31.65,0,0,1,1,0
9403,2025-08-31,4,36,3,34,1292,155.04,0.0,788.12,33.3,0,0,1,1,0
9404,2024-01-03,3,32,1,54,324,12.96,0.0,197.64,26.1,0,0,1,1,0
9405,2025-07-30,2,44,1,43,3655,146.2,0.0,2229.55,37.35,70.18,0,0,1,1
9406,2024-10-30,3,45,2,50,300,12.0,0.0,183.0,25.5,0,0,1,1,0
9407,2024-04-13,1,1,3,97,1164,93.12,0.0,710.04,32.55,0,0,1,1,0
9408,2025-11-18,1,12,2,77,924,0,0,563.64,29.55,0,0,1,1,0
9409,2024-06-07,4,42,3,90,3420,410.4,3009.6,2086.2,58.5,0,0,1,1,0
9410,2024-04-01,4,31,2,48,1824,0,0,1112.64,39.6,0,0,1,1,0
9411,2024-08-05,2,22,1,27,2295,0,0,1399.95,30.15,0,0,1,1,0
9412,2025-02-08,3,46,3,74,444,17.76,0.0,270.84,29.1,8.52,0,0,1,1
9413,2024-12-29,3,36,2,36,216,8.64,0.0,131.76,23.4,4.15,44.0,0,1,2
9414,2024-09-09,4,15,3,43,1634,196.08,0.0,996.74,37.35,0,0,1,1,0
9415,2024-06-15,3,36,3,74,444,53.28,0.0,270.84,29.1,7.81,0,0,1,1
9416,2025-01-08,3,2,2,89,534,42.72,0.0,325.74,31.35,0,0,1,0,0
9417,2025-11-13,2,23,1,78,6630,795.6,0.0,4044.3,53.1,0,0,1,1,0
9418,2024-07-26,3,24,3,80,480,19.2,0.0,292.8,30.0,9.22,55.0,0,1,4
9419,2024-03-27,4,24,2,51,1938,77.52,0.0,1182.18,40.95,0,0,1,1,0
9420,2025-01-03,4,27,1,23,874,104.88,0.0,533.14,28.35,0,0,1,1,0
9421,2025-02-13,2,48,2,45,3825,0,3825,2333.25,38.25,0,0,1,1,0
9422,2024-03-25,4,42,2,47,1786,142.88,0.0,1089.46,39.15,0,0,1,1,0
9423,2025-05-26,2,13,3,52,4420,0,0,2696.2,41.4,0,0,1,1,0
9424,2024-06-04,3,15,1,81,486,19.44,0.0,296.46,30.15,0,0,1,1,0
9425,2024-05-20,3,28,2,72,432,51.84,0.0,263.52,28.8,0,0,1,1,0
9426,2024-01-19,3,34,2,94,564,0,0,344.04,32.1,0,0,1,1,0
9427,2024-04-12,2,44,3,55,4675,0,0,2851.75,42.75,93.5,48.75,0,1,4
9428,2025-07-26,3,5,3,34,204,8.16,0.0,124.44,23.1,3.92,43.5,0,1,2
9429,2025-05-18,4,41,3,98,3724,0,0,2271.64,62.1,74.48,59.5,0,1,4
9430,2024-12-21,1,4,1,51,612,73.44,0.0,373.32,25.65,10.77,0,0,1,1
9431,2025-07-28,2,3,3,85,7225,867.0,0.0,4407.25,56.25,0,0,1,1,0
9432,2025-02-15,3,28,1,12,72,5.76,0.0,43.92,19.8,0,0,1,1,0
9433,2025-04-20,1,36,2,68,816,0,0,497.76,28.2,0,0,1,1,0
9434,2024-12-17,1,41,1,81,972,116.64,0.0,592.92,30.15,17.11,55.25,0,1,4
9435,2024-10-16,3,8,1,57,342,0,0,208.62,26.55,0,0,1,1,0
9436,2024-10-30,2,5,1,56,4760,190.4,0.0,2903.6,43.2,91.39,49.0,0,1,2
9437,2025-07-16,3,39,2,28,168,13.44,0.0,102.48,22.2,3.09,42.0,0,1,2
9438,2025-03-07,2,27,2,67,5695,227.8,0.0,3473.95,48.15,0,0,1,1,0
9439,2025-09-08,1,10,3,59,708,84.96,0.0,431.88,26.85,0,0,1,1,0
9440,2024-11-23,4,15,3,85,3230,129.2,0.0,1970.3,56.25,62.02,56.25,0,1,4
9441,2024-03-13,1,23,3,45,540,64.8,0.0,329.4,24.75,0,0,1,1,0
9442,2025-07-29,2,45,1,12,1020,81.6,0.0,622.2,23.4,0,0,1,1,0
9443,2024-06-13,3,32,2,13,78,0,0,47.58,19.95,1.56,38.25,0,1,4
9444,2024-02-09,1,39,3,13,156,12.48,0.0,95.16,19.95,0,0,1,1,0
9445,2024-09-25,2,20,1,57,4845,581.4,0.0,2955.45,43.65,0,0,1,1,0
9446,2025-06-08,2,22,1,75,6375,255.0,0.0,3888.75,51.75,122.4,0,0,1,1
9447,2024-09-03,4,29,3,66,2508,100.32,0.0,1529.88,47.7,0,0,1,1,0
9448,2025-12-25,3,45,2,67,402,48.24,0.0,245.22,28.05,0,0,1,1,0
9449,2024-05-22,1,15,3,45,540,43.2,0.0,329.4,24.75,0,0,1,1,0
9450,2025-08-04,1,2,2,19,228,0,0,139.08,20.85,0,0,1,1,0
9451,2025-08-11,3,29,2,41,246,0,0,150.06,24.15,0,0,1,1,0
9452,2025-03-23,3,15,1,27,162,19.44,0.0,98.82,22.05,0,0,1,1,0
9453,2024-12-24,3,16,1,63,378,30.24,0.0,230.58,27.45,0,0,1,1,0
9454,2024-05-29,1,45,2,30,360,28.8,0.0,219.6,22.5,0,0,1,1,0
9455,2025-09-04,1,35,2,16,192,15.36,0.0,117.12,20.4,0,0,1,1,0
9456,2025-10-31,3,9,3,40,240,19.2,0.0,146.4,24.0,0,0,1,1,0
9457,2025-11-02,4,18,3,90,3420,0,3420,2086.2,58.5,0,0,1,1,0
9458,2024-05-31,4,22,1,45,1710,205.2,0.0,1043.1,38.25,30.1,46.25,0,1,2
9459,2025-06-09,2,45,2,47,3995,479.4,0.0,2436.95,39.15,70.31,46.75,0,1,4
9460,2024-05-07,4,41,1,96,3648,0,0,2225.28,61.2,72.96,59.0,0,1,2
9461,2024-03-04,2,29,3,42,3570,428.4,0.0,2177.7,36.9,0,0,1,1,0
9462,2025-08-02,3,15,1,50,300,24.0,0.0,183.0,25.5,5.52,47.5,0,1,2
9463,2024-11-17,3,19,2,97,582,0,0,355.02,32.55,0,0,1,1,0
9464,2025-06-19,2,6,3,43,3655,146.2,0.0,2229.55,37.35,0,0,1,1,0
9465,2025-01-18,1,33,2,46,552,66.24,0.0,336.72,24.9,0,0,1,1,0
9466,2024-06-04,1,40,3,71,852,102.24,0.0,519.72,28.65,0,0,1,1,0
9467,2025-04-11,4,18,1,45,1710,205.2,0.0,1043.1,38.25,0,0,1,1,0
9468,2024-12-09,2,18,3,68,5780,462.4,0.0,3525.8,48.6,106.35,52.0,0,1,2
9469,2025-02-19,3,23,3,35,210,0,0,128.1,23.25,0,0,1,1,0
9470,2025-05-19,1,22,3,18,216,8.64,0.0,131.76,20.7,4.15,0,0,1,1
9471,2024-05-08,1,32,1,53,636,76.32,0.0,387.96,25.95,0,0,1,1,0
9472,2024-12-16,4,45,3,32,1216,97.28,0.0,741.76,32.4,0,0,1,1,0
9473,2025-07-08,2,21,1,73,6205,0,0,3785.05,50.85,0,0,1,1,0
9474,2025-02-15,1,18,2,44,528,0,0,322.08,24.6,0,0,1,1,0
9475,2025-10-15,3,2,1,90,540,21.6,0.0,329.4,31.5,0,0,1,1,0
9476,2024-09-26,2,28,1,18,1530,0,0,933.3,26.1,0,0,1,1,0
9477,2024-06-20,1,43,2,53,636,76.32,0.0,387.96,25.95,11.19,48.25,0,1,2
9478,2025-09-12,1,28,1,83,996,119.52,0.0,607.56,30.45,17.53,55.75,0,1,2
9479,2024-06-11,1,48,1,52,624,49.92,0.0,380.64,25.8,0,0,1,1,0
9480,2025-11-01,1,34,3,15,180,0,0,109.8,20.25,0,0,1,1,0
9481,2024-01-07,2,28,3,55,4675,187.0,0.0,2851.75,42.75,0,0,1,1,0
9482,2025-03-05,2,1,2,59,5015,200.6,0.0,3059.15,44.55,0,0,1,0,0
9483,2025-02-23,2,42,2,91,7735,0,0,4718.35,58.95,0,0,1,1,0
9484,2025-01-31,2,6,3,71,6035,724.2,0.0,3681.35,49.95,106.22,0,0,1,1
9485,2025-05-07,4,7,2,49,1862,0,0,1135.82,40.05,0,0,1,1,0
9486,2024-11-15,4,17,1,86,3268,261.44,0.0,1993.48,56.7,60.13,0,0,1,1
9487,2025-12-29,1,48,2,87,1044,83.52,0.0,636.84,31.05,0,0,1,1,0
9488,2024-08-17,1,4,3,13,156,18.72,0.0,95.16,19.95,2.75,38.25,0,1,4
9489,2024-10-09,1,24,3,86,1032,82.56,0.0,629.52,30.9,18.99,56.5,0,1,2
9490,2025-02-04,1,6,1,83,996,0,0,607.56,30.45,0,0,1,1,0
9491,2024-11-06,4,29,3,61,2318,185.44,0.0,1413.98,45.45,0,0,1,1,0
9492,2024-05-19,3,46,2,61,366,14.64,0.0,223.26,27.15,0,0,1,1,0
9493,2024-05-16,3,3,1,88,528,63.36,0.0,322.08,31.2,0,0,1,1,0
9494,2025-08-01,3,34,1,94,564,45.12,0.0,344.04,32.1,0,0,1,1,0
9495,2024-03-17,4,46,1,27,1026,0,0,625.86,30.15,20.52,41.75,0,1,2
9496,2025-09-03,2,13,2,48,4080,163.2,0.0,2488.8,39.6,0,0,1,1,0
9497,2025-07-13,2,6,1,46,3910,156.4,0.0,2385.1,38.7,75.07,46.5,0,1,4
9498,2024-07-25,3,45,2,84,504,0,0,307.44,30.6,10.08,0,0,1,1
9499,2024-06-25,4,37,3,58,2204,176.32,0.0,1344.44,44.1,0,0,1,1,0
9500,2024-04-01,1,13,2,87,1044,83.52,0.0,636.84,31.05,0,0,1,1,0
9501,2025-12-03,2,17,1,19,1615,129.2,0.0,985.15,26.55,0,0,1,1,0
9502,2025-05-03,3,47,3,89,534,42.72,0.0,325.74,31.35,0,0,1,1,0
9503,2025-04-19,2,10,1,74,6290,251.6,0.0,3836.9,51.3,0,0,1,1,0
9504,2025-03-06,3,26,2,31,186,14.88,0.0,113.46,22.65,0,0,1,1,0
9505,2024-09-22,2,26,1,76,6460,0,0,3940.6,52.2,0,0,1,1,0
9506,2024-11-19,2,6,1,45,3825,0,0,2333.25,38.25,0,0,1,1,0
9507,2025-11-12,1,41,1,21,252,10.08,0.0,153.72,21.15,0,0,1,1,0
9508,2025-11-11,3,30,1,19,114,13.68,0.0,69.54,20.85,0,0,1,1,0
9509,2024-04-09,4,18,2,64,2432,194.56,0.0,1483.52,46.8,0,0,1,1,0
9510,2025-10-10,4,22,3,25,950,114.0,0.0,579.5,29.25,16.72,0,0,1,1
9511,2024-10-02,1,21,2,44,528,0,0,322.08,24.6,0,0,1,1,0
9512,2025-10-13,4,31,2,39,1482,177.84,0.0,904.02,35.55,0,0,1,1,0
9513,2025-06-14,1,32,3,67,804,96.48,0.0,490.44,28.05,0,0,1,1,0
9514,2025-07-08,3,32,1,75,450,36.0,0.0,274.5,29.25,8.28,53.75,0,1,2
9515,2025-07-24,2,45,3,10,850,68.0,0.0,518.5,22.5,15.64,37.5,0,1,2
9516,2024-05-29,1,14,1,20,240,19.2,0.0,146.4,21.0,0,0,1,1,0
9517,2025-12-13,1,46,2,78,936,0,0,570.96,29.7,0,0,1,1,0
9518,2024-11-20,2,7,1,42,3570,142.8,0.0,2177.7,36.9,0,0,1,1,0
9519,2025-06-05,4,48,3,51,1938,155.04,0.0,1182.18,40.95,35.66,47.75,0,1,4
9520,2025-08-28,3,30,3,17,102,12.24,0.0,62.22,20.55,1.8,39.25,0,1,2
9521,2025-09-26,4,16,2,36,1368,164.16,0.0,834.48,34.2,24.08,44.0,0,1,2
9522,2024-10-10,4,46,2,46,1748,0,0,1066.28,38.7,34.96,0,0,1,1
9523,2025-11-26,3,9,2,88,528,63.36,0.0,322.08,31.2,0,0,1,1,0
9524,2024-04-16,2,29,3,13,1105,88.4,0.0,674.05,23.85,20.33,38.25,0,1,4
9525,2024-03-16,1,34,3,81,972,0,0,592.92,30.15,0,0,1,1,0
9526,2025-12-07,3,46,3,50,300,12.0,0.0,183.0,25.5,0,0,1,1,0
9527,2024-09-27,4,2,2,34,1292,155.04,0.0,788.12,33.3,0,0,1,1,0
9528,2025-06-23,2,24,2,81,6885,826.2,0.0,4199.85,54.45,0,0,1,1,0
9529,2025-10-06,4,11,2,20,760,60.8,0.0,463.6,27.0,13.98,0,0,1,1
9530,2024-02-14,2,23,3,10,850,34.0,0.0,518.5,22.5,0,0,1,1,0
9531,2024-05-01,1,48,3,10,120,9.6,0.0,73.2,19.5,2.21,37.5,0,1,2
9532,2024-10-11,1,15,3,38,456,54.72,0.0,278.16,23.7,0,0,1,1,0
9533,2025-05-02,1,13,1,25,300,36.0,0.0,183.0,21.75,0,0,1,1,0
9534,2025-12-05,1,22,2,38,456,54.72,0.0,278.16,23.7,0,0,1,1,0
9535,2024-03-23,3,18,1,83,498,39.84,0.0,303.78,30.45,0,0,1,1,0
9536,2024-12-22,3,24,3,74,444,53.28,0.0,270.84,29.1,0,0,1,1,0
9537,2024-06-18,2,38,2,30,2550,102.0,0.0,1555.5,31.5,0,0,1,1,0
9538,2024-07-09,1,48,3,81,972,38.88,0.0,592.92,30.15,0,0,1,1,0
9539,2024-11-15,2,34,2,84,7140,571.2,0.0,4355.4,55.8,0,0,1,1,0
9540,2024-07-28,4,48,3,32,1216,97.28,0.0,741.76,32.4,22.37,0,0,1,1
9541,2025-10-25,3,11,1,30,180,7.2,0.0,109.8,22.5,0,0,1,1,0
9542,2024-12-30,4,42,3,25,950,76.0,0.0,579.5,29.25,0,0,1,1,0
9543,2025-12-18,1,30,2,25,300,0,0,183.0,21.75,0,0,1,1,0
9544,2025-11-15,2,46,2,17,1445,115.6,0.0,881.45,25.65,0,0,1,1,0
9545,2024-05-27,1,20,3,10,120,9.6,0.0,73.2,19.5,2.21,0,0,0,1
9546,2024-01-10,4,18,3,67,2546,0,0,1553.06,48.15,0,0,1,1,0
9547,2024-09-29,1,36,2,25,300,12.0,0.0,183.0,21.75,0,0,1,1,0
9548,2024-01-05,3,34,3,67,402,48.24,0.0,245.22,28.05,0,0,1,1,0
9549,2025-04-13,3,29,1,43,258,30.96,0.0,157.38,24.45,0,0,1,1,0
9550,2024-12-31,2,14,2,15,1275,0,0,777.75,24.75,0,0,1,1,0
9551,2024-09-20,4,9,1,99,3762,451.44,0.0,2294.82,62.55,0,0,1,1,0
9552,2025-12-30,1,43,1,68,816,0,0,497.76,28.2,16.32,52.0,0,1,4
9553,2025-07-30,2,47,1,24,2040,163.2,0.0,1244.4,28.8,0,0,1,1,0
9554,2025-05-02,2,24,2,13,1105,0,0,674.05,23.85,0,0,1,1,0
9555,2024-08-21,3,17,2,62,372,29.76,0.0,226.92,27.3,0,0,1,1,0
9556,2025-06-09,2,42,3,34,2890,115.6,0.0,1762.9,33.3,0,0,1,1,0
9557,2024-06-04,1,21,3,44,528,42.24,0.0,322.08,24.6,0,0,1,1,0
9558,2025-10-25,3,30,1,62,372,0,0,226.92,27.3,7.44,0,0,1,1
9559,2025-08-19,2,6,1,60,5100,0,0,3111.0,45.0,0,0,1,1,0
9560,2024-12-26,1,2,1,81,972,38.88,0.0,592.92,30.15,0,0,1,1,0
9561,2024-05-20,2,4,1,28,2380,95.2,0.0,1451.8,30.6,0,0,1,1,0
9562,2025-03-19,4,24,3,38,1444,57.76,0.0,880.84,35.1,0,0,1,1,0
9563,2024-04-16,2,23,2,28,2380,0,0,1451.8,30.6,0,0,1,1,0
9564,2024-06-21,4,16,1,41,1558,62.32,0.0,950.38,36.45,0,0,1,1,0
9565,2024-10-31,3,41,3,54,324,38.88,0.0,197.64,26.1,0,0,1,1,0
9566,2024-08-13,1,27,3,89,1068,0,0,651.48,31.35,21.36,57.25,0,1,4
9567,2025-11-01,4,19,2,82,3116,124.64,0.0,1900.76,54.9,0,0,1,1,0
9568,2024-08-22,1,45,2,100,1200,96.0,0.0,732.0,33.0,0,0,1,1,0
9569,2024-01-17,4,4,1,49,1862,148.96,0.0,1135.82,40.05,34.26,0,0,1,1
9570,2024-04-11,3,48,3,77,462,36.96,0.0,281.82,29.55,8.5,54.25,0,1,2
9571,2025-02-27,3,17,1,90,540,43.2,0.0,329.4,31.5,0,0,1,1,0
9572,2025-08-19,1,42,2,15,180,7.2,0.0,109.8,20.25,0,0,1,1,0
9573,2025-09-10,2,31,3,13,1105,132.6,0.0,674.05,23.85,0,0,1,1,0
9574,2025-02-03,3,8,1,98,588,23.52,0.0,358.68,32.7,0,0,1,1,0
9575,2024-07-07,1,42,1,65,780,0,0,475.8,27.75,0,0,1,1,0
9576,2025-01-12,3,13,3,41,246,19.68,0.0,150.06,24.15,0,0,1,1,0
9577,2025-11-11,2,7,2,93,7905,948.6,0.0,4822.05,59.85,139.13,0,0,1,1
9578,2025-11-17,4,31,3,83,3154,252.32,0.0,1923.94,55.35,58.03,0,0,1,1
9579,2024-03-26,4,11,2,77,2926,351.12,0.0,1784.86,52.65,0,0,1,1,0
9580,2025-07-19,1,46,1,80,960,0,0,585.6,30.0,0,0,1,1,0
9581,2025-06-23,1,13,2,84,1008,80.64,0.0,614.88,30.6,0,0,1,1,0
9582,2025-07-01,2,19,3,84,7140,856.8,0.0,4355.4,55.8,0,0,1,1,0
9583,2024-01-18,2,10,3,81,6885,826.2,0.0,4199.85,54.45,121.18,55.25,0,1,4
9584,2024-03-27,4,21,3,18,684,54.72,0.0,417.24,26.1,12.59,39.5,0,1,2
9585,2024-01-29,4,47,3,17,646,0,0,394.06,25.65,12.92,0,0,1,1
9586,2025-05-08,1,38,2,18,216,0,0,131.76,20.7,0,0,1,1,0
9587,2025-12-13,4,28,2,38,1444,115.52,0.0,880.84,35.1,0,0,1,1,0
9588,2025-09-26,1,10,2,16,192,15.36,0.0,117.12,20.4,0,0,1,1,0
9589,2024-05-22,3,28,3,46,276,22.08,0.0,168.36,24.9,0,0,1,1,0
9590,2024-01-18,3,19,2,80,480,38.4,0.0,292.8,30.0,0,0,1,1,0
9591,2025-02-25,4,35,2,12,456,36.48,0.0,278.16,23.4,8.39,0,0,1,1
9592,2024-11-04,3,39,2,70,420,0,0,256.2,28.5,0,0,1,1,0
9593,2024-03-24,2,17,2,50,4250,0,0,2592.5,40.5,0,0,1,1,0
9594,2024-02-15,1,46,3,22,264,0,0,161.04,21.3,0,0,1,1,0
9595,2025-07-29,2,30,2,39,3315,397.8,0.0,2022.15,35.55,0,0,1,1,0
9596,2025-08-27,4,48,3,25,950,114.0,0.0,579.5,29.25,16.72,41.25,0,1,2
9597,2025-04-08,2,2,2,94,7990,958.8,0.0,4873.9,60.3,0,0,1,1,0
9598,2025-03-29,1,30,2,29,348,27.84,0.0,212.28,22.35,0,0,1,1,0
9599,2025-06-28,4,4,2,13,494,0,494,301.34,23.85,9.88,0,0,1,1
9600,2025-08-16,3,45,3,43,258,30.96,0.0,157.38,24.45,0,0,1,1,0
9601,2025-02-26,4,26,2,91,3458,138.32,0.0,2109.38,58.95,66.39,0,0,1,1
9602,2024-02-04,3,11,1,36,216,17.28,0.0,131.76,23.4,3.97,0,0,1,1
9603,2024-06-26,4,20,2,49,1862,74.48,0.0,1135.82,40.05,0,0,1,1,0
9604,2025-02-07,4,17,3,53,2014,161.12,0.0,1228.54,41.85,37.06,0,0,1,1
9605,2024-04-26,3,24,3,11,66,2.64,0.0,40.26,19.65,1.27,0,0,1,1
9606,2025-01-19,2,40,2,64,5440,652.8,0.0,3318.4,46.8,95.74,51.0,0,1,2
9607,2025-12-14,1,3,3,74,888,106.56,0.0,541.68,29.1,15.63,53.5,0,1,4
9608,2025-02-17,3,37,1,71,426,0,0,259.86,28.65,0,0,1,1,0
9609,2025-07-16,2,20,3,24,2040,163.2,0.0,1244.4,28.8,37.54,41.0,0,1,2
9610,2024-09-16,1,41,2,65,780,0,0,475.8,27.75,0,0,1,1,0
9611,2024-08-10,3,28,1,97,582,0,0,355.02,32.55,0,0,1,1,0
9612,2025-05-17,4,5,3,44,1672,0,0,1019.92,37.8,33.44,46.0,0,1,2
9613,2025-03-03,4,15,1,94,3572,285.76,0.0,2178.92,60.3,0,0,1,1,0
9614,2025-11-05,1,29,3,76,912,0,0,556.32,29.4,18.24,0,0,1,1
9615,2024-11-28,1,27,1,28,336,13.44,0.0,204.96,22.2,0,0,1,1,0
9616,2024-03-21,4,27,3,56,2128,0,0,1298.08,43.2,42.56,49.0,0,1,4
9617,2024-10-09,2,46,1,56,4760,571.2,0.0,2903.6,43.2,0,0,1,1,0
9618,2024-09-14,2,22,2,73,6205,744.6,0.0,3785.05,50.85,0,0,1,1,0
9619,2024-02-24,3,17,1,82,492,0,0,300.12,30.3,0,0,1,1,0
9620,2025-10-19,4,25,3,59,2242,89.68,0.0,1367.62,44.55,0,0,1,1,0
9621,2025-08-22,4,11,3,18,684,27.36,0.0,417.24,26.1,13.13,39.5,0,1,2
9622,2025-07-03,2,40,3,90,7650,0,0,4666.5,58.5,153.0,57.5,0,1,4
9623,2025-07-01,2,26,1,26,2210,176.8,0.0,1348.1,29.7,0,0,1,1,0
9624,2024-08-12,3,40,1,55,330,13.2,0.0,201.3,26.25,0,0,1,1,0
9625,2025-08-24,4,34,2,83,3154,126.16,0.0,1923.94,55.35,0,0,1,1,0
9626,2025-09-22,4,23,3,76,2888,115.52,0.0,1761.68,52.2,0,0,1,1,0
9627,2024-06-17,3,34,1,77,462,55.44,0.0,281.82,29.55,0,0,1,1,0
9628,2025-09-15,1,45,1,20,240,19.2,0.0,146.4,21.0,0,0,1,1,0
9629,2025-07-26,4,33,2,35,1330,159.6,0.0,811.3,33.75,0,0,1,0,0
9630,2024-02-12,2,12,1,72,6120,489.6,0.0,3733.2,50.4,0,0,1,1,0
9631,2025-10-08,1,36,2,57,684,82.08,0.0,417.24,26.55,0,0,1,1,0
9632,2024-11-07,4,17,1,46,1748,0,0,1066.28,38.7,0,0,1,1,0
9633,2025-01-31,3,17,1,18,108,0,0,65.88,20.7,0,0,1,1,0
9634,2024-05-25,3,5,3,54,324,0,0,197.64,26.1,0,0,1,1,0
9635,2024-06-02,2,48,3,19,1615,129.2,0.0,985.15,26.55,0,0,1,1,0
9636,2025-02-27,1,5,3,46,552,66.24,0.0,336.72,24.9,9.72,0,0,1,1
9637,2024-03-07,4,27,3,13,494,19.76,0.0,301.34,23.85,9.48,0,0,1,1
9638,2025-12-10,3,6,1,61,366,43.92,0.0,223.26,27.15,0,0,1,1,0
9639,2025-08-12,2,14,2,14,1190,0,0,725.9,24.3,0,0,1,1,0
9640,2025-09-09,2,30,1,91,7735,0,0,4718.35,58.95,0,0,1,1,0
9641,2025-11-12,2,30,3,31,2635,316.2,0.0,1607.35,31.95,0,0,1,1,0
9642,2024-09-29,2,30,2,45,3825,0,0,2333.25,38.25,0,0,1,1,0
9643,2025-05-05,1,37,2,45,540,0,0,329.4,24.75,0,0,1,1,0
9644,2025-08-15,1,36,2,87,1044,83.52,0.0,636.84,31.05,0,0,1,1,0
9645,2025-11-06,1,27,2,28,336,26.88,0.0,204.96,22.2,0,0,1,1,0
9646,2024-02-18,3,22,3,36,216,17.28,0.0,131.76,23.4,3.97,44.0,0,1,2
9647,2025-03-12,1,15,3,17,204,0,0,124.44,20.55,0,0,1,1,0
9648,2024-12-11,4,21,1,34,1292,0,0,788.12,33.3,0,0,1,1,0
9649,2024-05-04,2,34,1,24,2040,81.6,0.0,1244.4,28.8,39.17,41.0,0,0,2
9650,2024-06-10,3,8,3,36,216,0,0,131.76,23.4,4.32,44.0,0,1,2
9651,2024-03-08,3,47,1,51,306,36.72,0.0,186.66,25.65,0,0,1,1,0
9652,2024-02-17,3,35,2,85,510,20.4,0.0,311.1,30.75,0,0,1,1,0
9653,2024-10-06,2,29,3,39,3315,132.6,0.0,2022.15,35.55,63.65,0,0,1,1
9654,2025-05-03,1,26,1,14,168,20.16,0.0,102.48,20.1,2.96,38.5,0,1,4
9655,2025-05-08,2,7,3,33,2805,224.4,0.0,1711.05,32.85,0,0,1,1,0
9656,2025-12-26,4,9,3,26,988,79.04,0.0,602.68,29.7,0,0,1,1,0
9657,2025-09-09,3,36,3,31,186,22.32,0.0,113.46,22.65,0,0,1,1,0
9658,2024-08-10,3,9,3,56,336,13.44,0.0,204.96,26.4,6.45,0,0,1,1
9659,2025-10-20,4,7,2,37,1406,56.24,0.0,857.66,34.65,0,0,1,1,0
9660,2025-08-09,4,39,1,82,3116,249.28,0.0,1900.76,54.9,0,0,1,1,0
9661,2024-08-24,3,1,2,35,210,8.4,0.0,128.1,23.25,4.03,0,0,1,1
9662,2024-04-17,3,45,2,75,450,36.0,0.0,274.5,29.25,0,0,1,1,0
9663,2025-02-05,3,20,1,66,396,31.68,0.0,241.56,27.9,0,0,1,1,0
9664,2024-07-01,2,35,2,53,4505,360.4,0.0,2748.05,41.85,82.89,0,0,1,1
9665,2025-11-28,1,1,1,61,732,58.56,0.0,446.52,27.15,0,0,1,1,0
9666,2025-03-06,4,2,3,86,3268,392.16,0.0,1993.48,56.7,0,0,1,1,0
9667,2025-02-20,1,6,1,62,744,0,0,453.84,27.3,14.88,0,0,1,1
9668,2024-01-06,1,43,2,57,684,54.72,0.0,417.24,26.55,0,0,1,1,0
9669,2025-12-19,3,2,2,81,486,0,0,296.46,30.15,0,0,1,1,0
9670,2025-06-24,4,17,3,18,684,27.36,0.0,417.24,26.1,0,0,1,1,0
9671,2024-03-13,4,12,3,43,1634,130.72,0.0,996.74,37.35,0,0,1,1,0
9672,2025-10-17,3,38,3,28,168,13.44,0.0,102.48,22.2,3.09,42.0,0,1,2
9673,2024-03-05,3,47,2,80,480,57.6,0.0,292.8,30.0,8.45,55.0,0,1,4
9674,2024-05-23,3,10,2,72,432,51.84,0.0,263.52,28.8,0,0,1,1,0
9675,2025-06-07,2,6,2,16,1360,108.8,0.0,829.6,25.2,25.02,0,0,1,1
9676,2024-07-14,2,36,3,50,4250,0,0,2592.5,40.5,0,0,1,1,0
9677,2024-12-26,2,36,3,65,5525,663.0,0.0,3370.25,47.25,97.24,51.25,0,1,2
9678,2024-03-11,4,15,2,22,836,66.88,0.0,509.96,27.9,15.38,0,0,1,1
9679,2024-09-04,4,6,1,72,2736,109.44,0.0,1668.96,50.4,0,0,1,1,0
9680,2024-09-12,4,26,3,79,3002,0,0,1831.22,53.55,60.04,54.75,0,1,2
9681,2025-05-23,3,36,3,21,126,5.04,0.0,76.86,21.15,2.42,0,0,1,1
9682,2024-10-01,4,38,1,75,2850,342.0,0.0,1738.5,51.75,0,0,1,1,0
9683,2025-10-16,3,24,2,82,492,19.68,0.0,300.12,30.3,9.45,0,0,1,1
9684,2024-05-14,4,42,1,36,1368,164.16,0.0,834.48,34.2,0,0,1,1,0
9685,2025-01-11,1,43,2,89,1068,42.72,0.0,651.48,31.35,20.51,57.25,0,1,2
9686,2024-03-22,3,42,2,21,126,10.08,0.0,76.86,21.15,2.32,0,0,1,1
9687,2025-10-17,3,8,2,40,240,28.8,0.0,146.4,24.0,0,0,1,1,0
9688,2024-05-14,2,32,1,65,5525,0,0,3370.25,47.25,0,0,1,1,0
9689,2025-10-27,4,35,3,60,2280,273.6,0.0,1390.8,45.0,0,0,1,1,0
9690,2025-03-29,3,41,2,19,114,9.12,0.0,69.54,20.85,0,0,1,1,0
9691,2025-12-09,4,7,3,36,1368,164.16,0.0,834.48,34.2,24.08,44.0,0,1,2
9692,2025-05-06,1,19,3,40,480,38.4,0.0,292.8,24.0,0,0,1,1,0
9693,2025-02-04,1,18,2,20,240,28.8,0.0,146.4,21.0,0,0,1,1,0
9694,2025-06-12,4,18,3,42,1596,0,0,973.56,36.9,0,0,1,1,0
9695,2025-12-09,4,17,1,56,2128,255.36,0.0,1298.08,43.2,0,0,1,1,0
9696,2025-12-22,4,21,3,16,608,24.32,0.0,370.88,25.2,0,0,1,1,0
9697,2025-10-31,4,2,3,77,2926,0,0,1784.86,52.65,0,0,1,1,0
9698,2025-12-06,2,32,2,88,7480,598.4,0.0,4562.8,57.6,0,0,1,1,0
9699,2024-03-09,1,41,1,68,816,0,0,497.76,28.2,0,0,1,1,0
9700,2024-06-04,4,4,3,42,1596,0,0,973.56,36.9,0,0,1,1,0
9701,2025-03-11,3,1,2,57,342,13.68,0.0,208.62,26.55,0,0,1,1,0
9702,2024-03-28,2,23,1,46,3910,312.8,0.0,2385.1,38.7,0,0,1,1,0
9703,2025-10-20,4,29,1,48,1824,0,0,1112.64,39.6,0,0,1,1,0
9704,2024-03-18,4,31,2,38,1444,57.76,0.0,880.84,35.1,0,0,1,1,0
9705,2024-08-06,1,16,3,34,408,48.96,0.0,248.88,23.1,7.18,0,0,1,1
9706,2025-06-11,1,48,3,28,336,0,0,204.96,22.2,0,0,1,1,0
9707,2025-07-07,4,22,3,62,2356,94.24,0.0,1437.16,45.9,45.24,0,0,1,1
9708,2024-08-15,2,43,1,75,6375,510.0,0.0,3888.75,51.75,0,0,1,1,0
9709,2024-08-21,3,39,1,35,210,0,0,128.1,23.25,4.2,43.75,0,1,4
9710,2024-03-05,2,17,2,70,5950,714.0,0.0,3629.5,49.5,104.72,0,0,1,1
9711,2025-02-26,1,19,3,58,696,27.84,0.0,424.56,26.7,0,0,1,1,0
9712,2025-09-29,2,4,3,93,7905,632.4,0.0,4822.05,59.85,0,0,1,1,0
9713,2024-08-01,2,37,1,88,7480,0,7480,4562.8,57.6,149.6,57.0,0,0,2
9714,2025-06-27,2,11,3,92,7820,938.4,0.0,4770.2,59.4,0,0,1,1,0
9715,2024-03-03,2,38,3,68,5780,231.2,0.0,3525.8,48.6,0,0,1,1,0
9716,2024-03-26,2,45,1,82,6970,278.8,0.0,4251.7,54.9,0,0,1,1,0
9717,2025-01-16,4,40,1,57,2166,86.64,0.0,1321.26,43.65,41.59,49.25,0,1,4
9718,2025-09-20,1,19,3,59,708,28.32,0.0,431.88,26.85,13.59,0,0,1,1
9719,2025-09-10,4,2,1,100,3800,0,0,2318.0,63.0,0,0,1,1,0
9720,2025-06-30,2,30,1,70,5950,476.0,0.0,3629.5,49.5,0,0,1,1,0
9721,2025-02-24,2,42,3,92,7820,938.4,0.0,4770.2,59.4,0,0,1,1,0
9722,2025-10-14,4,28,2,88,3344,133.76,0.0,2039.84,57.6,0,0,1,1,0
9723,2025-04-22,4,37,2,62,2356,188.48,0.0,1437.16,45.9,43.35,0,0,1,1
9724,2025-06-17,4,8,3,65,2470,98.8,0.0,1506.7,47.25,47.42,51.25,0,1,2
9725,2024-02-07,1,11,2,84,1008,0,0,614.88,30.6,0,0,1,1,0
9726,2025-08-07,4,16,1,79,3002,120.08,0.0,1831.22,53.55,57.64,0,0,1,1
9727,2024-03-13,2,16,3,43,3655,292.4,0.0,2229.55,37.35,0,0,1,0,0
9728,2025-07-16,1,39,1,61,732,58.56,0.0,446.52,27.15,13.47,50.25,0,1,2
9729,2025-03-09,1,10,3,96,1152,138.24,0.0,702.72,32.4,20.28,0,0,1,1
9730,2024-07-26,3,18,1,22,132,5.28,0.0,80.52,21.3,2.53,40.5,0,1,2
9731,2025-07-09,3,30,3,82,492,39.36,0.0,300.12,30.3,0,0,1,1,0
9732,2025-03-06,2,6,1,75,6375,0,0,3888.75,51.75,0,0,1,1,0
9733,2024-02-07,2,24,1,97,8245,329.8,0.0,5029.45,61.65,0,0,1,1,0
9734,2024-05-08,4,37,2,27,1026,0,0,625.86,30.15,0,0,1,1,0
9735,2024-03-20,3,16,3,76,456,18.24,0.0,278.16,29.4,0,0,1,1,0
9736,2024-01-17,3,23,1,34,204,8.16,0.0,124.44,23.1,0,0,1,1,0
9737,2025-04-06,3,17,3,36,216,17.28,0.0,131.76,23.4,0,0,1,1,0
9738,2025-03-15,2,41,3,65,5525,0,0,3370.25,47.25,110.5,51.25,0,1,4
9739,2025-10-18,3,38,1,79,474,18.96,0.0,289.14,29.85,0,0,1,1,0
9740,2024-05-04,4,2,3,83,3154,252.32,0.0,1923.94,55.35,58.03,0,0,1,1
9741,2024-05-14,2,48,3,23,1955,156.4,0.0,1192.55,28.35,35.97,40.75,0,1,2
9742,2024-09-26,2,7,1,63,5355,0,0,3266.55,46.35,0,0,1,1,0
9743,2025-11-07,1,31,2,75,900,108.0,0.0,549.0,29.25,0,0,1,1,0
9744,2025-02-28,2,20,1,61,5185,414.8,0.0,3162.85,45.45,0,0,1,1,0
9745,2024-07-02,1,38,2,56,672,80.64,0.0,409.92,26.4,0,0,1,1,0
9746,2024-10-24,3,48,3,54,324,0,0,197.64,26.1,0,0,1,0,0
9747,2025-07-11,2,31,3,63,5355,214.2,0.0,3266.55,46.35,102.82,0,0,1,1
9748,2025-04-22,1,32,3,24,288,11.52,0.0,175.68,21.6,0,0,1,1,0
9749,2025-08-21,1,39,1,61,732,87.84,0.0,446.52,27.15,12.88,0,0,1,1
9750,2024-06-24,1,28,3,85,1020,0,0,622.2,30.75,0,0,1,1,0
9751,2025-04-25,4,45,2,31,1178,47.12,0.0,718.58,31.95,0,0,1,1,0
9752,2024-10-31,3,39,2,61,366,43.92,0.0,223.26,27.15,0,0,1,1,0
9753,2024-04-19,1,5,3,19,228,9.12,0.0,139.08,20.85,4.38,39.75,0,1,2
9754,2025-07-10,2,26,2,54,4590,183.6,0.0,2799.9,42.3,0,0,1,1,0
9755,2025-05-21,1,17,3,88,1056,126.72,0.0,644.16,31.2,0,0,1,0,0
9756,2024-07-17,2,41,1,18,1530,183.6,0.0,933.3,26.1,26.93,39.5,0,1,2
9757,2025-08-02,3,30,3,52,312,0,0,190.32,25.8,6.24,0,0,1,1
9758,2025-08-29,1,9,2,52,624,74.88,0.0,380.64,25.8,0,0,1,1,0
9759,2025-05-14,2,46,2,14,1190,47.6,0.0,725.9,24.3,22.85,38.5,0,1,2
9760,2025-01-15,1,16,3,52,624,74.88,0.0,380.64,25.8,0,0,1,1,0
9761,2024-08-28,1,44,3,19,228,27.36,0.0,139.08,20.85,4.01,39.75,0,1,2
9762,2024-12-05,2,7,1,57,4845,581.4,0.0,2955.45,43.65,0,0,1,1,0
9763,2024-02-10,1,5,2,93,1116,133.92,0.0,680.76,31.95,0,0,1,1,0
9764,2024-04-10,3,11,2,57,342,0,0,208.62,26.55,0,0,1,1,0
9765,2025-03-04,4,38,3,14,532,0,0,324.52,24.3,0,0,1,1,0
9766,2024-04-10,1,19,2,74,888,0,888,541.68,29.1,0,0,1,1,0
9767,2025-02-05,3,29,2,33,198,23.76,0.0,120.78,22.95,0,0,1,1,0
9768,2024-12-31,3,7,3,77,462,18.48,0.0,281.82,29.55,8.87,0,0,1,1
9769,2025-10-01,3,14,1,63,378,0,0,230.58,27.45,0,0,1,1,0
9770,2025-08-08,4,23,2,70,2660,212.8,0.0,1622.6,49.5,0,0,1,1,0
9771,2024-05-04,1,36,3,48,576,69.12,0.0,351.36,25.2,0,0,1,1,0
9772,2024-11-12,2,45,2,11,935,0,0,570.35,22.95,0,0,1,1,0
9773,2024-07-10,4,41,1,57,2166,259.92,0.0,1321.26,43.65,0,0,1,1,0
9774,2025-03-28,1,33,1,23,276,11.04,0.0,168.36,21.45,5.3,40.75,0,1,2
9775,2025-10-26,2,14,3,93,7905,0,0,4822.05,59.85,0,0,1,0,0
9776,2025-10-24,1,21,1,29,348,27.84,0.0,212.28,22.35,6.4,42.25,0,1,4
9777,2024-02-05,3,34,1,35,210,8.4,0.0,128.1,23.25,4.03,0,0,1,1
9778,2024-10-05,1,35,3,89,1068,128.16,0.0,651.48,31.35,0,0,1,1,0
9779,2025-12-11,4,17,1,40,1520,182.4,0.0,927.2,36.0,0,0,1,1,0
9780,2025-02-13,4,11,2,95,3610,0,0,2202.1,60.75,72.2,0,0,1,1
9781,2024-08-08,4,8,1,52,1976,79.04,0.0,1205.36,41.4,37.94,48.0,0,1,2
9782,2024-11-09,1,32,2,70,840,33.6,0.0,512.4,28.5,0,0,1,1,0
9783,2025-09-21,2,36,2,76,6460,516.8,0.0,3940.6,52.2,0,0,1,0,0
9784,2025-07-07,1,19,2,91,1092,131.04,0.0,666.12,31.65,0,0,1,1,0
9785,2024-07-04,1,42,3,65,780,0,0,475.8,27.75,15.6,0,0,1,1
9786,2024-07-16,1,38,2,63,756,30.24,0.0,461.16,27.45,14.52,0,0,1,1
9787,2024-09-10,4,40,3,29,1102,132.24,0.0,672.22,31.05,19.4,0,0,1,1
9788,2024-04-24,4,20,2,23,874,34.96,0.0,533.14,28.35,0,0,1,1,0
9789,2024-08-01,4,16,3,11,418,50.16,0.0,254.98,22.95,7.36,0,0,1,1
9790,2024-02-16,2,40,2,23,1955,156.4,0.0,1192.55,28.35,0,0,1,1,0
9791,2025-05-05,3,1,3,34,204,8.16,0.0,124.44,23.1,3.92,43.5,0,1,4
9792,2024-01-16,4,38,1,12,456,0,0,278.16,23.4,0,0,1,1,0
9793,2025-06-28,2,34,3,48,4080,489.6,0.0,2488.8,39.6,71.81,47.0,0,1,4
9794,2025-02-21,2,15,2,21,1785,214.2,0.0,1088.85,27.45,0,0,1,1,0
9795,2024-03-24,3,40,1,35,210,0,0,128.1,23.25,0,0,1,1,0
9796,2024-06-01,3,35,2,48,288,0,0,175.68,25.2,0,0,1,1,0
9797,2025-10-31,1,16,1,23,276,0,0,168.36,21.45,0,0,1,1,0
9798,2024-04-18,1,3,2,91,1092,43.68,0.0,666.12,31.65,0,0,1,1,0
9799,2025-04-08,2,26,2,12,1020,0,0,622.2,23.4,0,0,1,1,0
9800,2024-01-24,1,44,1,51,612,24.48,0.0,373.32,25.65,0,0,1,1,0
9801,2025-06-23,1,24,2,26,312,24.96,0.0,190.32,21.9,0,0,1,1,0
9802,2025-11-30,1,44,1,36,432,51.84,0.0,263.52,23.4,0,0,1,1,0
9803,2025-08-23,3,29,3,94,564,0,0,344.04,32.1,0,0,1,1,0
9804,2025-06-26,2,15,2,58,4930,394.4,0.0,3007.3,44.1,0,0,1,1,0
9805,2024-07-29,2,29,1,76,6460,516.8,0.0,3940.6,52.2,0,0,1,1,0
9806,2024-09-30,2,34,2,45,3825,153.0,0.0,2333.25,38.25,73.44,0,0,1,1
9807,2024-07-02,4,45,1,11,418,0,0,254.98,22.95,8.36,0,0,1,1
9808,2025-01-24,4,44,2,44,1672,200.64,0.0,1019.92,37.8,0,0,1,1,0
9809,2025-01-26,2,26,2,100,8500,340.0,0.0,5185.0,63.0,0,0,1,1,0
9810,2024-03-27,4,27,2,21,798,63.84,0.0,486.78,27.45,0,0,1,1,0
9811,2024-01-01,2,9,1,19,1615,64.6,0.0,985.15,26.55,0,0,1,1,0
9812,2025-07-06,2,10,3,78,6630,530.4,0.0,4044.3,53.1,0,0,1,1,0
9813,2025-06-23,2,23,3,49,4165,333.2,0.0,2540.65,40.05,76.64,0,0,1,1
9814,2025-11-19,3,40,1,19,114,13.68,0.0,69.54,20.85,0,0,1,1,0
9815,2025-07-01,3,1,3,87,522,0,0,318.42,31.05,10.44,0,0,1,1
9816,2025-08-01,3,17,3,35,210,8.4,0.0,128.1,23.25,0,0,1,1,0
9817,2024-12-05,2,20,2,74,6290,251.6,0.0,3836.9,51.3,120.77,0,0,1,1
9818,2024-04-01,2,39,2,56,4760,0,0,2903.6,43.2,0,0,1,1,0
9819,2025-01-17,4,1,3,96,3648,145.92,0.0,2225.28,61.2,0,0,1,1,0
9820,2024-09-11,1,9,1,82,984,39.36,0.0,600.24,30.3,0,0,1,1,0
9821,2024-01-10,3,1,2,98,588,23.52,0.0,358.68,32.7,0,0,1,1,0
9822,2025-12-06,3,10,1,100,600,72.0,0.0,366.0,33.0,0,0,1,1,0
9823,2024-10-04,3,48,1,40,240,19.2,0.0,146.4,24.0,4.42,45.0,0,1,2
9824,2024-11-20,4,18,2,84,3192,127.68,0.0,1947.12,55.8,61.29,0,0,1,1
9825,2024-10-21,4,35,1,21,798,31.92,0.0,486.78,27.45,0,0,1,1,0
9826,2024-02-01,4,25,1,86,3268,392.16,0.0,1993.48,56.7,0,0,1,1,0
9827,2025-09-30,2,38,1,98,8330,666.4,0.0,5081.3,62.1,0,0,1,1,0
9828,2024-06-13,4,19,2,40,1520,182.4,0.0,927.2,36.0,0,0,1,1,0
9829,2025-02-08,4,31,1,35,1330,53.2,0.0,811.3,33.75,0,0,1,1,0
9830,2025-06-20,2,4,2,44,3740,149.6,3590.4,2281.4,37.8,0,0,1,1,0
9831,2024-09-13,1,5,3,75,900,36.0,0.0,549.0,29.25,0,0,1,1,0
9832,2025-12-26,3,18,1,76,456,36.48,0.0,278.16,29.4,8.39,54.0,0,1,2
9833,2024-11-29,1,9,1,90,1080,129.6,0.0,658.8,31.5,19.01,0,0,1,1
9834,2025-02-11,4,11,3,82,3116,0,0,1900.76,54.9,62.32,55.5,0,1,4
9835,2024-12-20,2,28,1,38,3230,129.2,0.0,1970.3,35.1,0,0,1,1,0
9836,2025-04-09,4,22,3,73,2774,221.92,0.0,1692.14,50.85,0,0,1,1,0
9837,2024-11-18,1,36,2,86,1032,82.56,0.0,629.52,30.9,0,0,1,1,0
9838,2025-12-29,4,10,1,15,570,22.8,0.0,347.7,24.75,10.94,0,0,0,1
9839,2025-02-20,3,29,2,38,228,27.36,0.0,139.08,23.7,4.01,0,0,1,1
9840,2025-05-26,4,12,3,57,2166,173.28,0.0,1321.26,43.65,0,0,1,1,0
9841,2024-07-20,1,10,1,88,1056,126.72,0.0,644.16,31.2,0,0,1,1,0
9842,2024-08-09,1,29,2,94,1128,45.12,0.0,688.08,32.1,0,0,1,1,0
9843,2025-03-08,4,22,1,51,1938,77.52,0.0,1182.18,40.95,0,0,1,1,0
9844,2024-03-15,1,11,3,25,300,24.0,0.0,183.0,21.75,5.52,0,0,1,1
9845,2025-11-08,4,45,1,41,1558,62.32,0.0,950.38,36.45,0,0,1,1,0
9846,2025-03-25,4,38,3,14,532,42.56,0.0,324.52,24.3,0,0,1,1,0
9847,2025-08-15,1,25,3,24,288,34.56,0.0,175.68,21.6,0,0,1,1,0
9848,2024-08-15,1,37,3,33,396,31.68,0.0,241.56,22.95,0,0,1,1,0
9849,2024-05-03,2,34,3,20,1700,136.0,0.0,1037.0,27.0,31.28,40.0,0,1,2
9850,2024-02-01,4,6,3,40,1520,60.8,1459.2,927.2,36.0,0,0,1,1,0
9851,2024-12-22,4,29,1,11,418,50.16,0.0,254.98,22.95,0,0,1,1,0
9852,2024-10-02,2,22,2,93,7905,632.4,0.0,4822.05,59.85,0,0,1,1,0
9853,2024-09-21,2,13,3,33,2805,0,0,1711.05,32.85,56.1,43.25,0,1,2
9854,2025-10-08,1,47,3,81,972,116.64,0.0,592.92,30.15,0,0,1,1,0
9855,2024-02-19,3,46,1,56,336,0,0,204.96,26.4,0,0,1,1,0
9856,2024-11-08,2,8,1,19,1615,193.8,1421.2,985.15,26.55,0,0,1,1,0
9857,2025-05-26,4,33,3,75,2850,228.0,0.0,1738.5,51.75,52.44,53.75,0,1,2
9858,2025-09-04,4,30,1,26,988,0,0,602.68,29.7,0,0,1,1,0
9859,2024-03-02,1,29,1,60,720,86.4,0.0,439.2,27.0,0,0,1,1,0
9860,2025-03-13,1,28,2,56,672,26.88,0.0,409.92,26.4,0,0,1,1,0
9861,2025-04-01,3,27,2,60,360,28.8,0.0,219.6,27.0,6.62,0,0,1,1
9862,2024-02-09,3,26,1,81,486,58.32,0.0,296.46,30.15,0,0,1,1,0
9863,2024-11-22,4,46,2,61,2318,0,0,1413.98,45.45,0,0,1,1,0
9864,2025-05-11,3,23,2,81,486,58.32,0.0,296.46,30.15,0,0,1,1,0
9865,2024-01-25,1,5,2,12,144,5.76,0.0,87.84,19.8,2.76,38.0,0,1,2
9866,2025-01-25,4,23,1,64,2432,291.84,0.0,1483.52,46.8,42.8,51.0,0,1,2
9867,2024-12-20,1,20,2,14,168,20.16,0.0,102.48,20.1,0,0,1,1,0
9868,2025-12-17,4,29,1,32,1216,0,0,741.76,32.4,0,0,1,1,0
9869,2025-02-19,2,2,2,19,1615,0,0,985.15,26.55,32.3,39.75,0,1,2
9870,2024-01-22,1,12,1,88,1056,84.48,0.0,644.16,31.2,0,0,1,1,0
9871,2025-12-17,2,9,3,64,5440,0,0,3318.4,46.8,108.8,51.0,0,1,2
9872,2025-12-05,4,1,1,29,1102,44.08,0.0,672.22,31.05,21.16,42.25,0,1,2
9873,2024-09-14,3,3,2,81,486,0,0,296.46,30.15,0,0,1,1,0
9874,2024-12-29,2,27,3,18,1530,183.6,0.0,933.3,26.1,26.93,39.5,0,1,2
9875,2024-07-31,3,27,1,94,564,0,0,344.04,32.1,0,0,1,1,0
9876,2024-04-04,3,17,1,12,72,8.64,0.0,43.92,19.8,0,0,1,1,0
9877,2025-03-08,3,36,1,59,354,42.48,0.0,215.94,26.85,0,0,1,1,0
9878,2024-05-13,4,30,2,84,3192,0,0,1947.12,55.8,0,0,1,1,0
9879,2024-06-09,1,12,3,42,504,20.16,0.0,307.44,24.3,0,0,1,1,0
9880,2025-08-29,2,19,2,18,1530,0,0,933.3,26.1,30.6,0,0,1,1
9881,2025-01-05,2,5,2,54,4590,0,0,2799.9,42.3,91.8,48.5,0,1,2
9882,2025-04-11,2,22,3,15,1275,153.0,1122.0,777.75,24.75,0,0,1,1,0
9883,2025-11-14,4,31,3,62,2356,282.72,0.0,1437.16,45.9,0,0,1,1,0
9884,2024-12-26,4,23,2,96,3648,145.92,0.0,2225.28,61.2,0,0,1,1,0
9885,2024-01-01,2,22,1,81,6885,550.8,0.0,4199.85,54.45,0,0,1,0,0
9886,2024-06-03,4,3,3,42,1596,127.68,0.0,973.56,36.9,0,0,1,1,0
9887,2025-04-23,3,2,1,95,570,0,0,347.7,32.25,0,0,1,1,0
9888,2024-12-03,4,18,2,39,1482,177.84,0.0,904.02,35.55,0,0,1,1,0
9889,2024-12-16,2,9,3,65,5525,663.0,0.0,3370.25,47.25,0,0,1,0,0
9890,2024-12-30,4,40,2,68,2584,206.72,0.0,1576.24,48.6,47.55,0,0,1,1
9891,2024-08-11,2,2,2,63,5355,214.2,0.0,3266.55,46.35,0,0,1,1,0
9892,2025-10-08,1,32,2,60,720,86.4,0.0,439.2,27.0,12.67,0,0,1,1
9893,2024-12-11,2,22,3,24,2040,81.6,0.0,1244.4,28.8,39.17,0,0,1,1
9894,2025-09-03,2,20,2,46,3910,469.2,0.0,2385.1,38.7,68.82,0,0,1,1
9895,2025-05-22,3,8,3,36,216,8.64,0.0,131.76,23.4,0,0,1,1,0
9896,2024-08-03,4,25,3,74,2812,0,0,1715.32,51.3,56.24,0,0,1,1
9897,2025-12-20,4,31,1,55,2090,0,0,1274.9,42.75,0,0,1,1,0
9898,2024-09-23,1,46,1,53,636,0,0,387.96,25.95,12.72,0,0,1,1
9899,2025-12-20,2,34,1,87,7395,0,0,4510.95,57.15,0,0,1,1,0
9900,2024-07-31,2,34,3,57,4845,387.6,0.0,2955.45,43.65,89.15,49.25,0,1,2
9901,2025-08-31,1,13,2,52,624,0,0,380.64,25.8,0,0,1,1,0
9902,2024-12-17,3,38,1,100,600,72.0,0.0,366.0,33.0,0,0,1,1,0
9903,2025-12-09,3,16,3,26,156,18.72,0.0,95.16,21.9,2.75,41.5,0,1,2
9904,2024-02-23,4,35,2,80,3040,243.2,0.0,1854.4,54.0,0,0,1,1,0
9905,2025-05-16,2,4,3,77,6545,785.4,0.0,3992.45,52.65,0,0,1,1,0
9906,2025-06-15,4,3,1,58,2204,0,0,1344.44,44.1,0,0,1,1,0
9907,2025-04-10,4,46,3,86,3268,0,0,1993.48,56.7,0,0,1,1,0
9908,2025-12-09,3,31,1,54,324,38.88,0.0,197.64,26.1,5.7,0,0,1,1
9909,2024-02-09,3,31,2,39,234,28.08,0.0,142.74,23.85,0,0,1,1,0
9910,2024-08-18,1,32,2,42,504,60.48,0.0,307.44,24.3,8.87,45.5,0,1,2
9911,2025-02-10,2,36,1,51,4335,173.4,0.0,2644.35,40.95,83.23,0,0,1,1
9912,2024-05-18,1,31,2,55,660,79.2,0.0,402.6,26.25,0,0,1,1,0
9913,2024-09-05,2,11,1,19,1615,0,0,985.15,26.55,0,0,1,1,0
9914,2024-02-15,2,32,3,74,6290,754.8,0.0,3836.9,51.3,110.7,53.5,0,1,2
9915,2025-08-26,3,9,3,13,78,3.12,74.88,47.58,19.95,0,0,1,1,0
9916,2024-10-28,3,19,2,38,228,9.12,0.0,139.08,23.7,0,0,1,1,0
9917,2024-08-14,1,28,2,95,1140,136.8,0.0,695.4,32.25,0,0,1,1,0
9918,2025-12-29,1,47,1,88,1056,0,0,644.16,31.2,0,0,1,1,0
9919,2025-06-21,1,28,3,34,408,32.64,0.0,248.88,23.1,0,0,1,1,0
9920,2024-05-02,4,39,1,18,684,27.36,0.0,417.24,26.1,0,0,1,1,0
9921,2024-07-22,1,44,1,20,240,19.2,0.0,146.4,21.0,0,0,1,1,0
9922,2025-12-23,2,14,3,35,2975,238.0,0.0,1814.75,33.75,0,0,1,1,0
9923,2024-08-18,2,48,1,93,7905,316.2,0.0,4822.05,59.85,0,0,1,1,0
9924,2024-12-03,1,34,3,87,1044,125.28,0.0,636.84,31.05,0,0,1,1,0
9925,2024-02-11,3,41,1,39,234,9.36,224.64,142.74,23.85,0,0,1,1,0
9926,2024-07-16,4,23,2,27,1026,123.12,0.0,625.86,30.15,0,0,1,1,0
9927,2025-12-30,4,32,1,84,3192,255.36,0.0,1947.12,55.8,0,0,1,0,0
9928,2024-07-16,2,12,1,57,4845,0,0,2955.45,43.65,0,0,1,1,0
9929,2025-10-28,1,28,2,96,1152,138.24,0.0,702.72,32.4,0,0,1,1,0
9930,2025-05-16,4,23,2,49,1862,223.44,0.0,1135.82,40.05,0,0,1,1,0
9931,2024-08-24,3,46,3,14,84,3.36,0.0,51.24,20.1,1.61,0,0,1,1
9932,2024-07-12,3,27,3,87,522,41.76,0.0,318.42,31.05,0,0,1,1,0
9933,2024-02-16,4,38,3,20,760,30.4,0.0,463.6,27.0,14.59,40.0,0,1,2
9934,2024-12-30,2,26,3,44,3740,299.2,0.0,2281.4,37.8,68.82,46.0,0,1,4
9935,2024-07-23,2,6,1,77,6545,261.8,0.0,3992.45,52.65,0,0,1,1,0
9936,2025-12-16,4,32,1,95,3610,288.8,0.0,2202.1,60.75,0,0,1,1,0
9937,2024-04-17,2,40,2,84,7140,571.2,0.0,4355.4,55.8,0,0,1,1,0
9938,2025-01-19,2,14,3,24,2040,163.2,0.0,1244.4,28.8,0,0,1,1,0
9939,2025-07-28,3,15,2,72,432,34.56,0.0,263.52,28.8,0,0,1,1,0
9940,2025-09-11,2,25,1,76,6460,0,0,3940.6,52.2,0,0,1,1,0
9941,2024-03-10,2,40,1,98,8330,999.6,0.0,5081.3,62.1,0,0,1,1,0
9942,2024-09-30,3,17,2,64,384,15.36,0.0,234.24,27.6,0,0,1,1,0
9943,2025-08-08,3,7,2,22,132,15.84,0.0,80.52,21.3,0,0,1,1,0
9944,2025-02-05,2,26,2,93,7905,632.4,0.0,4822.05,59.85,0,0,1,1,0
9945,2025-08-15,2,44,3,31,2635,210.8,0.0,1607.35,31.95,0,0,1,1,0
9946,2025-02-07,2,32,3,86,7310,0,0,4459.1,56.7,146.2,56.5,0,1,4
9947,2024-09-07,2,39,3,63,5355,214.2,0.0,3266.55,46.35,0,0,1,1,0
9948,2024-06-28,2,5,3,85,7225,0,0,4407.25,56.25,144.5,0,0,1,1
9949,2024-08-19,2,32,2,48,4080,489.6,0.0,2488.8,39.6,0,0,1,1,0
9950,2024-04-24,3,41,1,90,540,64.8,0.0,329.4,31.5,0,0,1,1,0
9951,2024-01-13,2,17,3,34,2890,231.2,0.0,1762.9,33.3,0,0,1,1,0
9952,2025-02-14,4,1,3,82,3116,373.92,0.0,1900.76,54.9,0,0,1,1,0
9953,2025-09-22,3,22,2,68,408,16.32,0.0,248.88,28.2,0,0,1,1,0
9954,2025-10-13,3,28,3,95,570,68.4,0.0,347.7,32.25,0,0,1,1,0
9955,2024-05-20,2,44,1,85,7225,289.0,0.0,4407.25,56.25,0,0,1,1,0
9956,2025-01-04,3,2,2,22,132,10.56,0.0,80.52,21.3,0,0,1,1,0
9957,2025-11-12,2,8,3,90,7650,0,0,4666.5,58.5,153.0,57.5,0,1,4
9958,2024-02-12,1,18,2,75,900,72.0,0.0,549.0,29.25,16.56,0,0,1,1
9959,2024-07-18,2,28,3,17,1445,0,0,881.45,25.65,0,0,1,1,0
9960,2025-08-30,3,19,1,93,558,44.64,0.0,340.38,31.95,0,0,1,1,0
9961,2025-03-18,1,14,3,37,444,0,0,270.84,23.55,8.88,0,0,1,1
9962,2024-08-17,1,14,2,92,1104,44.16,0.0,673.44,31.8,0,0,1,1,0
9963,2025-03-15,1,21,2,29,348,0,0,212.28,22.35,0,0,1,1,0
9964,2025-10-29,4,11,1,33,1254,50.16,0.0,764.94,32.85,0,0,1,1,0
9965,2024-09-27,3,11,1,39,234,18.72,0.0,142.74,23.85,0,0,1,1,0
9966,2025-07-26,3,25,1,57,342,41.04,0.0,208.62,26.55,0,0,1,0,0
9967,2024-01-14,3,26,3,57,342,27.36,0.0,208.62,26.55,6.29,0,0,1,1
9968,2025-10-07,1,7,2,91,1092,131.04,0.0,666.12,31.65,0,0,1,1,0
9969,2025-10-08,1,13,1,46,552,22.08,0.0,336.72,24.9,10.6,0,0,1,1
9970,2024-12-17,2,32,1,71,6035,482.8,0.0,3681.35,49.95,0,0,1,1,0
9971,2024-04-20,1,36,3,37,444,0,0,270.84,23.55,0,0,1,1,0
9972,2024-06-23,4,19,3,53,2014,80.56,0.0,1228.54,41.85,38.67,0,0,1,1
9973,2024-10-03,4,21,2,20,760,0,0,463.6,27.0,15.2,40.0,0,1,4
9974,2024-04-16,4,48,3,20,760,91.2,0.0,463.6,27.0,0,0,1,1,0
9975,2024-08-20,3,38,1,96,576,23.04,0.0,351.36,32.4,0,0,1,1,0
9976,2024-01-11,3,26,1,91,546,21.84,0.0,333.06,31.65,0,0,1,1,0
9977,2024-09-09,4,23,2,10,380,30.4,0.0,231.8,22.5,0,0,1,1,0
9978,2024-12-05,4,5,1,41,1558,186.96,0.0,950.38,36.45,0,0,1,1,0
9979,2025-11-29,4,3,1,79,3002,0,0,1831.22,53.55,0,0,1,0,0
9980,2025-10-20,4,3,3,70,2660,212.8,0.0,1622.6,49.5,0,0,1,1,0
9981,2024-12-29,3,48,3,77,462,55.44,0.0,281.82,29.55,8.13,54.25,0,1,2
9982,2025-09-07,4,16,1,70,2660,106.4,2553.6,1622.6,49.5,51.07,52.5,0,1,4
9983,2025-05-09,4,28,3,86,3268,261.44,0.0,1993.48,56.7,0,0,1,1,0
9984,2024-06-16,1,26,2,57,684,82.08,0.0,417.24,26.55,0,0,1,1,0
9985,2025-09-05,3,39,2,31,186,7.44,0.0,113.46,22.65,0,0,1,1,0
9986,2025-03-03,4,16,2,59,2242,89.68,0.0,1367.62,44.55,0,0,1,1,0
9987,2025-02-07,2,29,1,93,7905,316.2,0.0,4822.05,59.85,0,0,1,1,0
9988,2025-06-03,4,37,1,82,3116,373.92,0.0,1900.76,54.9,54.84,55.5,0,1,2
9989,2024-08-18,2,14,2,46,3910,0,0,2385.1,38.7,0,0,1,1,0
9990,2025-01-03,2,4,1,88,7480,598.4,0.0,4562.8,57.6,137.63,57.0,0,1,2
9991,2025-07-29,1,5,3,33,396,31.68,0.0,241.56,22.95,0,0,1,1,0
9992,2025-11-07,2,1,3,69,5865,0,0,3577.65,49.05,0,0,1,1,0
9993,2025-09-14,3,40,1,18,108,12.96,0.0,65.88,20.7,0,0,1,1,0
9994,2024-07-18,1,3,3,96,1152,46.08,0.0,702.72,32.4,22.12,59.0,0,1,4
9995,2024-02-19,2,21,2,20,1700,136.0,0.0,1037.0,27.0,0,0,1,1,0
9996,2024-11-18,1,38,3,74,888,0,0,541.68,29.1,17.76,53.5,0,1,4
9997,2025-04-06,4,6,3,74,2812,112.48,0.0,1715.32,51.3,0,0,1,1,0
9998,2024-07-31,1,19,1,62,744,59.52,0.0,453.84,27.3,0,0,1,1,0
9999,2024-12-21,2,25,1,13,1105,88.4,1016.6,674.05,23.85,0,0,1,1,0
10000,2025-03-09,3,21,2,39,234,28.08,0.0,142.74,23.85,0,0,1,1,0
10001,2024-08-10,2,2,1,44,3740,299.2,0.0,2281.4,37.8,0,0,1,1,0
10002,2025-12-22,3,16,3,57,342,0,0,208.62,26.55,6.84,49.25,0,1,4
10003,2024-11-06,1,46,3,88,1056,84.48,0.0,644.16,31.2,19.43,57.0,0,1,2
10004,2024-03-17,4,30,1,33,1254,50.16,0.0,764.94,32.85,24.08,0,0,1,1
10005,2025-12-31,3,38,2,59,354,14.16,0.0,215.94,26.85,0,0,1,1,0
10006,2025-09-16,2,12,1,28,2380,95.2,0.0,1451.8,30.6,45.7,42.0,0,1,4
10007,2025-12-01,4,29,2,63,2394,95.76,0.0,1460.34,46.35,0,0,1,1,0
10008,2024-01-10,1,13,1,11,132,15.84,0.0,80.52,19.65,0,0,1,1,0
10009,2024-09-12,3,13,2,27,162,12.96,0.0,98.82,22.05,2.98,41.75,0,1,2
10010,2025-02-07,2,18,2,57,4845,387.6,0.0,2955.45,43.65,0,0,1,1,0
10011,2025-12-24,1,42,3,92,1104,44.16,0.0,673.44,31.8,0,0,1,1,0
10012,2025-05-31,4,4,2,54,2052,0,0,1251.72,42.3,0,0,1,1,0
10013,2025-03-16,1,48,2,66,792,0,0,483.12,27.9,15.84,51.5,0,1,2
10014,2024-08-18,2,18,3,78,6630,265.2,0.0,4044.3,53.1,0,0,1,1,0
10015,2025-12-20,4,20,1,21,798,63.84,734.16,486.78,27.45,14.68,40.25,0,1,2
10016,2025-06-16,2,30,2,52,4420,353.6,0.0,2696.2,41.4,0,0,1,1,0
10017,2024-09-06,2,31,3,76,6460,258.4,0.0,3940.6,52.2,0,0,1,0,0
10018,2024-05-09,1,35,3,30,360,43.2,0.0,219.6,22.5,6.34,0,0,1,1
10019,2024-08-17,2,41,2,43,3655,292.4,0.0,2229.55,37.35,0,0,1,1,0
10020,2024-08-08,4,7,2,17,646,0,0,394.06,25.65,0,0,1,1,0
10021,2025-01-04,3,13,1,19,114,4.56,0.0,69.54,20.85,2.19,0,0,1,1
10022,2024-01-22,4,22,2,71,2698,323.76,0.0,1645.78,49.95,0,0,1,1,0
10023,2025-03-18,3,27,3,66,396,0,0,241.56,27.9,0,0,1,1,0
10024,2025-05-26,3,4,2,100,600,72.0,0.0,366.0,33.0,0,0,1,1,0
10025,2025-08-15,3,17,3,30,180,21.6,0.0,109.8,22.5,3.17,42.5,0,1,2
10026,2025-05-29,3,25,3,10,60,0,0,36.6,19.5,0,0,1,1,0
10027,2025-05-15,4,40,1,82,3116,0,0,1900.76,54.9,0,0,1,1,0
10028,2024-06-07,3,9,3,10,60,7.2,0.0,36.6,19.5,1.06,0,0,1,1
10029,2024-12-11,4,33,3,78,2964,355.68,0.0,1808.04,53.1,52.17,0,0,1,1
10030,2025-10-02,4,47,1,39,1482,59.28,0.0,904.02,35.55,0,0,1,1,0
10031,2025-10-28,4,3,3,22,836,100.32,0.0,509.96,27.9,0,0,1,1,0
10032,2025-03-27,4,44,1,52,1976,158.08,0.0,1205.36,41.4,0,0,1,1,0
10033,2024-04-15,2,38,1,15,1275,102.0,0.0,777.75,24.75,0,0,1,1,0
10034,2024-03-02,3,37,1,76,456,54.72,0.0,278.16,29.4,0,0,1,1,0
10035,2024-04-11,2,44,1,83,7055,846.6,0.0,4303.55,55.35,0,0,1,1,0
10036,2025-07-08,1,24,1,33,396,47.52,0.0,241.56,22.95,0,0,1,1,0
10037,2025-07-06,1,10,2,81,972,0,0,592.92,30.15,19.44,0,0,1,1
10038,2025-09-09,2,9,2,27,2295,91.8,0.0,1399.95,30.15,44.06,41.75,0,1,4
10039,2025-05-29,3,2,1,44,264,10.56,0.0,161.04,24.6,0,0,1,1,0
10040,2025-12-22,2,2,2,92,7820,625.6,0.0,4770.2,59.4,0,0,1,1,0
10041,2024-08-30,4,27,3,31,1178,94.24,0.0,718.58,31.95,0,0,1,0,0
10042,2024-05-22,4,18,2,62,2356,0,0,1437.16,45.9,0,0,1,1,0
10043,2025-08-31,2,7,1,13,1105,132.6,0.0,674.05,23.85,0,0,1,0,0
10044,2025-01-21,1,8,2,72,864,69.12,0.0,527.04,28.8,15.9,53.0,0,1,2
10045,2024-06-23,3,28,2,18,108,4.32,0.0,65.88,20.7,2.07,0,0,1,1
10046,2024-01-22,1,2,3,26,312,12.48,0.0,190.32,21.9,5.99,0,0,1,1
10047,2025-11-19,3,32,1,26,156,12.48,0.0,95.16,21.9,2.87,0,0,1,1
10048,2024-12-26,1,12,3,30,360,14.4,0.0,219.6,22.5,0,0,1,1,0
10049,2025-10-14,4,19,2,18,684,54.72,0.0,417.24,26.1,0,0,1,1,0
10050,2025-01-26,4,24,2,18,684,0,0,417.24,26.1,0,0,1,1,0
10051,2024-04-13,3,32,1,34,204,0,0,124.44,23.1,0,0,1,1,0
10052,2025-11-01,1,16,1,32,384,0,0,234.24,22.8,0,0,1,1,0
10053,2024-04-16,1,32,2,30,360,0,0,219.6,22.5,0,0,1,1,0
10054,2024-05-04,1,36,3,83,996,79.68,0.0,607.56,30.45,18.33,55.75,0,1,2
10055,2024-03-02,3,13,1,40,240,19.2,0.0,146.4,24.0,0,0,1,1,0
10056,2024-01-06,1,9,1,98,1176,47.04,0.0,717.36,32.7,0,0,1,1,0
10057,2024-12-12,2,30,1,78,6630,795.6,0.0,4044.3,53.1,0,0,1,1,0
10058,2025-07-30,3,14,1,24,144,5.76,0.0,87.84,21.6,2.76,0,0,1,1
10059,2025-12-24,1,12,1,35,420,33.6,386.4,256.2,23.25,0,0,1,1,0
10060,2025-09-27,4,29,2,35,1330,106.4,0.0,811.3,33.75,0,0,1,1,0
10061,2024-12-10,3,11,1,18,108,8.64,0.0,65.88,20.7,1.99,0,0,1,1
10062,2024-01-19,1,37,2,36,432,17.28,0.0,263.52,23.4,8.29,44.0,0,1,2
10063,2025-02-11,4,38,3,19,722,57.76,0.0,440.42,26.55,0,0,1,1,0
10064,2025-02-21,2,33,1,17,1445,0,0,881.45,25.65,0,0,1,1,0
10065,2025-12-26,4,35,3,44,1672,0,0,1019.92,37.8,0,0,1,1,0
10066,2024-12-04,4,1,2,52,1976,237.12,0.0,1205.36,41.4,0,0,1,1,0
10067,2024-08-27,1,21,3,44,528,63.36,0.0,322.08,24.6,0,0,1,1,0
10068,2024-02-10,4,40,1,42,1596,127.68,0.0,973.56,36.9,0,0,1,1,0
10069,2024-05-01,4,17,3,85,3230,0,0,1970.3,56.25,0,0,1,1,0
10070,2024-07-16,2,38,2,35,2975,357.0,0.0,1814.75,33.75,52.36,0,0,1,1
10071,2024-12-03,2,41,2,68,5780,231.2,0.0,3525.8,48.6,110.98,0,0,1,1
10072,2024-12-19,2,40,3,86,7310,877.2,0.0,4459.1,56.7,0,0,1,1,0
10073,2024-07-17,3,20,2,10,60,4.8,0.0,36.6,19.5,0,0,1,1,0
10074,2024-10-02,2,38,2,96,8160,979.2,0.0,4977.6,61.2,0,0,1,1,0
10075,2024-06-15,3,36,1,17,102,0,0,62.22,20.55,0,0,1,1,0
10076,2024-11-07,1,48,3,27,324,12.96,0.0,197.64,22.05,6.22,41.75,0,1,2
10077,2025-09-03,1,9,3,100,1200,48.0,0.0,732.0,33.0,0,0,1,1,0
10078,2025-12-21,2,32,1,99,8415,336.6,0.0,5133.15,62.55,0,0,1,1,0
10079,2025-03-09,3,21,2,22,132,5.28,0.0,80.52,21.3,0,0,1,1,0
10080,2024-11-11,4,44,2,31,1178,94.24,0.0,718.58,31.95,0,0,1,1,0
10081,2024-06-04,3,4,2,53,318,25.44,0.0,193.98,25.95,0,0,1,1,0
10082,2024-05-05,2,13,1,44,3740,0,0,2281.4,37.8,0,0,1,1,0
10083,2025-10-17,3,18,3,91,546,0,0,333.06,31.65,0,0,1,1,0
10084,2024-08-28,2,23,2,82,6970,836.4,0.0,4251.7,54.9,0,0,1,1,0
10085,2024-03-25,3,38,2,20,120,0,120,73.2,21.0,0,0,1,1,0
10086,2025-09-15,2,47,1,45,3825,459.0,0.0,2333.25,38.25,0,0,1,1,0
10087,2025-07-21,4,20,3,50,1900,152.0,0.0,1159.0,40.5,34.96,47.5,0,1,2
10088,2024-10-17,3,32,1,60,360,28.8,0.0,219.6,27.0,0,0,1,1,0
10089,2024-05-09,1,1,2,11,132,0,0,80.52,19.65,2.64,0,0,1,1
10090,2025-05-29,1,1,3,48,576,46.08,0.0,351.36,25.2,0,0,1,1,0
10091,2025-09-21,4,26,2,72,2736,218.88,0.0,1668.96,50.4,50.34,53.0,0,0,2
10092,2025-05-24,3,41,2,96,576,46.08,0.0,351.36,32.4,10.6,0,0,1,1
10093,2024-06-03,4,28,1,63,2394,0,0,1460.34,46.35,0,0,1,1,0
10094,2025-04-25,3,5,1,83,498,19.92,0.0,303.78,30.45,0,0,1,1,0
10095,2024-01-07,3,22,1,39,234,28.08,0.0,142.74,23.85,0,0,1,1,0
10096,2024-03-04,1,45,1,71,852,34.08,0.0,519.72,28.65,0,0,1,1,0
10097,2024-09-16,2,27,2,29,2465,197.2,0.0,1503.65,31.05,0,0,1,1,0
10098,2025-01-05,4,23,3,11,418,33.44,0.0,254.98,22.95,0,0,1,1,0
10099,2024-02-21,1,30,2,89,1068,0,0,651.48,31.35,0,0,1,1,0
10100,2024-04-08,1,46,1,60,720,57.6,0.0,439.2,27.0,13.25,0,0,1,1
10101,2025-12-13,4,5,3,48,1824,0,0,1112.64,39.6,36.48,47.0,0,1,2
10102,2024-10-24,4,42,3,75,2850,0,0,1738.5,51.75,57.0,0,0,1,1
10103,2025-01-22,4,10,1,18,684,82.08,0.0,417.24,26.1,0,0,1,1,0
10104,2025-11-18,3,47,1,81,486,58.32,0.0,296.46,30.15,8.55,55.25,0,1,4
10105,2025-03-30,1,34,2,97,1164,46.56,0.0,710.04,32.55,0,0,1,1,0
10106,2025-06-20,1,48,1,26,312,0,0,190.32,21.9,0,0,1,1,0
10107,2025-04-22,4,46,3,77,2926,0,0,1784.86,52.65,58.52,0,0,1,1
10108,2024-10-31,2,11,1,11,935,112.2,0.0,570.35,22.95,0,0,1,1,0
10109,2025-02-04,2,46,1,34,2890,115.6,0.0,1762.9,33.3,55.49,43.5,0,1,2
10110,2025-07-29,3,28,2,53,318,0,0,193.98,25.95,0,0,1,1,0
10111,2025-11-18,1,9,3,26,312,0,0,190.32,21.9,0,0,1,1,0
10112,2025-02-12,1,3,3,51,612,48.96,0.0,373.32,25.65,11.26,47.75,0,1,2
10113,2024-10-08,2,3,1,43,3655,0,0,2229.55,37.35,0,0,1,1,0
10114,2024-10-10,4,4,2,78,2964,118.56,0.0,1808.04,53.1,0,0,1,0,0
10115,2025-12-19,2,31,2,66,5610,448.8,0.0,3422.1,47.7,103.22,0,0,1,1
10116,2025-03-16,2,4,3,57,4845,387.6,4457.4,2955.45,43.65,0,0,1,0,0
10117,2025-03-01,1,9,2,34,408,32.64,0.0,248.88,23.1,0,0,1,1,0
10118,2025-08-26,2,24,1,32,2720,0,0,1659.2,32.4,0,0,1,1,0
10119,2024-11-14,1,1,1,69,828,66.24,0.0,505.08,28.35,15.24,52.25,0,1,2
10120,2024-11-15,3,9,3,52,312,37.44,0.0,190.32,25.8,5.49,48.0,0,1,2
10121,2024-12-04,1,17,3,55,660,26.4,0.0,402.6,26.25,0,0,1,1,0
10122,2025-03-14,2,33,2,14,1190,142.8,0.0,725.9,24.3,20.94,38.5,0,1,2
10123,2024-09-12,3,1,3,60,360,43.2,0.0,219.6,27.0,0,0,1,1,0
10124,2024-07-07,4,21,3,21,798,0,0,486.78,27.45,15.96,0,0,1,1
10125,2025-06-16,3,3,1,33,198,7.92,0.0,120.78,22.95,3.8,0,0,0,1
10126,2024-12-27,3,18,2,53,318,12.72,0.0,193.98,25.95,6.11,0,0,1,1
10127,2025-01-02,3,23,1,89,534,21.36,0.0,325.74,31.35,0,0,1,1,0
10128,2024-10-17,4,36,1,81,3078,0,0,1877.58,54.45,0,0,1,1,0
10129,2024-09-24,4,4,2,26,988,39.52,0.0,602.68,29.7,18.97,41.5,0,0,2
10130,2024-03-23,2,38,1,69,5865,469.2,0.0,3577.65,49.05,107.92,0,0,1,1
10131,2024-11-19,4,48,3,69,2622,104.88,0.0,1599.42,49.05,0,0,1,1,0
10132,2024-03-03,4,5,2,39,1482,59.28,0.0,904.02,35.55,0,0,1,1,0
10133,2025-09-29,2,24,3,77,6545,523.6,0.0,3992.45,52.65,120.43,54.25,0,1,2
10134,2024-09-24,4,41,3,98,3724,0,0,2271.64,62.1,74.48,0,0,1,1
10135,2024-11-14,3,43,2,97,582,69.84,0.0,355.02,32.55,0,0,1,1,0
10136,2024-02-16,1,20,2,83,996,39.84,0.0,607.56,30.45,0,0,1,1,0
10137,2024-08-29,1,13,3,76,912,36.48,0.0,556.32,29.4,0,0,1,1,0
10138,2025-06-07,1,22,3,100,1200,96.0,0.0,732.0,33.0,22.08,0,0,1,1
10139,2025-11-04,1,30,3,52,624,74.88,0.0,380.64,25.8,0,0,1,1,0
10140,2024-12-28,2,36,2,69,5865,234.6,0.0,3577.65,49.05,0,0,1,1,0
10141,2024-04-05,3,37,3,99,594,0,0,362.34,32.85,0,0,1,1,0
10142,2024-02-04,3,8,3,93,558,22.32,0.0,340.38,31.95,0,0,1,1,0
10143,2024-02-07,1,21,1,17,204,0,0,124.44,20.55,0,0,1,1,0
10144,2025-12-06,1,21,1,68,816,0,0,497.76,28.2,0,0,1,1,0
10145,2024-04-26,2,9,1,74,6290,251.6,0.0,3836.9,51.3,0,0,1,1,0
10146,2025-06-02,3,20,3,66,396,47.52,0.0,241.56,27.9,6.97,51.5,0,1,4
10147,2024-09-11,4,30,2,59,2242,179.36,0.0,1367.62,44.55,0,0,1,1,0
10148,2024-01-19,1,18,2,39,468,0,0,285.48,23.85,0,0,1,1,0
10149,2025-02-28,1,35,1,41,492,19.68,0.0,300.12,24.15,0,0,1,1,0
10150,2025-09-05,2,29,3,63,5355,428.4,0.0,3266.55,46.35,0,0,1,1,0
10151,2025-05-31,4,25,1,30,1140,0,0,695.4,31.5,0,0,1,1,0
10152,2025-07-30,1,2,3,26,312,24.96,0.0,190.32,21.9,5.74,0,0,1,1
10153,2024-04-07,3,23,2,81,486,0,0,296.46,30.15,0,0,1,1,0
10154,2025-05-01,4,10,2,70,2660,106.4,0.0,1622.6,49.5,0,0,1,1,0
10155,2025-02-14,2,9,1,13,1105,44.2,0.0,674.05,23.85,0,0,1,1,0
10156,2025-02-01,1,47,1,20,240,0,0,146.4,21.0,4.8,40.0,0,1,2
10157,2024-04-06,2,48,3,95,8075,969.0,0.0,4925.75,60.75,142.12,58.75,0,1,2
10158,2025-02-16,1,33,2,33,396,0,0,241.56,22.95,7.92,0,0,1,1
10159,2025-10-01,3,13,3,50,300,12.0,0.0,183.0,25.5,5.76,0,0,1,1
10160,2024-01-31,4,16,1,76,2888,346.56,0.0,1761.68,52.2,0,0,1,1,0
10161,2024-12-26,3,14,2,100,600,48.0,0.0,366.0,33.0,0,0,1,1,0
10162,2025-01-23,4,40,3,53,2014,161.12,0.0,1228.54,41.85,37.06,48.25,0,1,2
10163,2024-08-02,3,15,3,70,420,16.8,0.0,256.2,28.5,0,0,1,1,0
10164,2025-07-29,3,10,2,89,534,0,0,325.74,31.35,0,0,1,1,0
10165,2025-06-04,1,19,1,94,1128,45.12,0.0,688.08,32.1,0,0,1,1,0
10166,2024-05-14,1,5,3,28,336,0,0,204.96,22.2,0,0,1,1,0
10167,2024-01-25,3,5,3,20,120,14.4,0.0,73.2,21.0,2.11,40.0,0,1,4
10168,2025-12-29,3,17,1,37,222,17.76,0.0,135.42,23.55,0,0,1,1,0
10169,2025-11-30,3,43,3,37,222,0,0,135.42,23.55,0,0,1,1,0
10170,2024-02-18,2,18,1,71,6035,482.8,0.0,3681.35,49.95,0,0,1,1,0
10171,2024-02-20,4,37,1,50,1900,0,0,1159.0,40.5,0,0,1,1,0
10172,2025-08-17,1,32,1,100,1200,144.0,0.0,732.0,33.0,0,0,1,1,0
10173,2025-11-21,2,9,1,23,1955,0,0,1192.55,28.35,0,0,1,1,0
10174,2024-12-26,3,42,2,90,540,21.6,0.0,329.4,31.5,0,0,1,1,0
10175,2025-03-31,4,31,3,35,1330,53.2,0.0,811.3,33.75,25.54,0,0,1,1
10176,2024-11-26,1,20,2,79,948,113.76,0.0,578.28,29.85,0,0,1,1,0
10177,2024-07-30,3,31,3,92,552,0,0,336.72,31.8,0,0,1,1,0
10178,2024-08-26,4,6,1,33,1254,50.16,0.0,764.94,32.85,24.08,43.25,0,1,4
10179,2024-02-17,4,4,1,69,2622,104.88,0.0,1599.42,49.05,0,0,1,1,0
10180,2024-12-21,3,5,2,23,138,16.56,121.44,84.18,21.45,0,0,1,1,0
10181,2025-03-04,3,30,1,95,570,22.8,0.0,347.7,32.25,0,0,1,1,0
10182,2025-12-31,4,24,2,71,2698,323.76,0.0,1645.78,49.95,47.48,0,0,1,1
10183,2025-05-24,2,41,3,31,2635,210.8,0.0,1607.35,31.95,48.48,42.75,0,1,2
10184,2024-07-14,2,32,2,35,2975,238.0,0.0,1814.75,33.75,0,0,1,1,0
10185,2025-01-16,1,5,3,11,132,10.56,0.0,80.52,19.65,0,0,1,1,0
10186,2024-02-03,1,23,2,53,636,50.88,0.0,387.96,25.95,0,0,1,1,0
10187,2024-09-20,1,21,1,13,156,18.72,0.0,95.16,19.95,2.75,38.25,0,1,4
10188,2025-06-19,2,16,3,10,850,102.0,0.0,518.5,22.5,14.96,37.5,0,1,2
10189,2024-11-27,2,27,3,67,5695,455.6,5239.4,3473.95,48.15,0,0,1,1,0
10190,2024-08-14,2,6,1,61,5185,414.8,0.0,3162.85,45.45,0,0,1,1,0
10191,2024-11-11,2,32,1,96,8160,0,0,4977.6,61.2,0,0,1,1,0
10192,2025-07-06,1,11,1,37,444,17.76,0.0,270.84,23.55,8.52,44.25,0,1,2
10193,2025-05-10,4,26,2,68,2584,206.72,0.0,1576.24,48.6,0,0,1,1,0
10194,2025-08-27,1,20,1,66,792,63.36,0.0,483.12,27.9,0,0,1,0,0
10195,2025-05-13,1,23,3,25,300,0,0,183.0,21.75,6.0,41.25,0,1,2
10196,2025-10-15,2,44,1,32,2720,326.4,0.0,1659.2,32.4,47.87,0,0,1,1
10197,2025-04-14,1,29,1,18,216,0,0,131.76,20.7,0,0,1,1,0
10198,2025-12-19,2,43,2,54,4590,367.2,0.0,2799.9,42.3,0,0,1,1,0
10199,2025-05-29,1,33,2,27,324,25.92,0.0,197.64,22.05,0,0,1,1,0
10200,2025-01-23,3,43,1,59,354,14.16,0.0,215.94,26.85,0,0,1,1,0
10201,2025-09-06,4,35,2,99,3762,451.44,0.0,2294.82,62.55,0,0,1,1,0
10202,2025-10-29,4,36,1,27,1026,123.12,0.0,625.86,30.15,18.06,41.75,0,1,2
10203,2024-02-17,1,23,2,17,204,8.16,0.0,124.44,20.55,0,0,1,1,0
10204,2024-06-17,4,47,2,94,3572,428.64,0.0,2178.92,60.3,0,0,1,0,0
10205,2024-02-06,1,24,1,18,216,17.28,198.72,131.76,20.7,0,0,1,1,0
10206,2024-08-20,4,37,1,50,1900,228.0,0.0,1159.0,40.5,0,0,1,1,0
10207,2024-12-30,1,9,2,24,288,23.04,0.0,175.68,21.6,0,0,1,1,0
10208,2025-03-08,2,8,2,15,1275,51.0,0.0,777.75,24.75,0,0,1,1,0
10209,2025-10-04,1,45,1,99,1188,0,0,724.68,32.85,23.76,59.75,0,0,2
10210,2025-08-04,1,2,2,19,228,0,0,139.08,20.85,0,0,1,1,0
10211,2025-09-17,2,25,3,58,4930,394.4,0.0,3007.3,44.1,0,0,1,1,0
10212,2025-01-28,1,2,2,34,408,32.64,0.0,248.88,23.1,7.51,0,0,1,1
10213,2024-03-29,4,8,3,45,1710,136.8,0.0,1043.1,38.25,0,0,1,1,0
10214,2024-08-13,1,25,1,95,1140,45.6,0.0,695.4,32.25,21.89,0,0,1,1
10215,2025-04-18,2,11,2,11,935,74.8,0.0,570.35,22.95,0,0,1,1,0
10216,2025-04-29,3,9,1,36,216,0,0,131.76,23.4,0,0,1,1,0
10217,2024-02-07,3,15,1,44,264,21.12,0.0,161.04,24.6,0,0,1,1,0
10218,2024-06-27,1,46,1,95,1140,136.8,0.0,695.4,32.25,0,0,1,1,0
10219,2025-02-08,2,10,2,78,6630,0,0,4044.3,53.1,0,0,1,1,0
10220,2024-11-10,1,33,2,82,984,39.36,0.0,600.24,30.3,0,0,1,1,0
10221,2024-09-20,3,12,1,53,318,25.44,0.0,193.98,25.95,0,0,1,1,0
10222,2025-06-10,2,7,1,31,2635,316.2,0.0,1607.35,31.95,0,0,1,1,0
10223,2024-08-13,4,44,1,27,1026,0,0,625.86,30.15,0,0,1,1,0
10224,2024-11-18,2,13,1,65,5525,442.0,0.0,3370.25,47.25,0,0,1,1,0
10225,2025-03-15,4,29,1,59,2242,269.04,1972.96,1367.62,44.55,0,0,1,1,0
10226,2024-04-09,4,41,3,34,1292,155.04,0.0,788.12,33.3,0,0,1,1,0
10227,2024-12-22,3,24,1,84,504,40.32,0.0,307.44,30.6,9.27,56.0,0,1,2
10228,2025-07-11,4,13,2,33,1254,150.48,0.0,764.94,32.85,0,0,1,1,0
10229,2025-11-03,2,43,2,44,3740,0,0,2281.4,37.8,0,0,1,1,0
10230,2025-02-14,4,7,3,31,1178,47.12,0.0,718.58,31.95,22.62,0,0,1,1
10231,2024-04-01,1,45,2,87,1044,41.76,0.0,636.84,31.05,20.04,56.75,0,1,2
10232,2024-12-17,3,44,2,44,264,31.68,0.0,161.04,24.6,4.65,46.0,0,1,2
10233,2025-02-14,4,4,1,94,3572,0,0,2178.92,60.3,0,0,1,1,0
10234,2024-01-25,3,26,1,75,450,36.0,0.0,274.5,29.25,8.28,53.75,0,1,2
10235,2024-02-24,3,30,3,76,456,0,0,278.16,29.4,9.12,54.0,0,1,4
10236,2025-08-01,2,28,2,73,6205,248.2,0.0,3785.05,50.85,0,0,1,1,0
10237,2024-06-10,1,17,2,91,1092,131.04,0.0,666.12,31.65,0,0,1,1,0
10238,2025-07-22,4,8,1,81,3078,369.36,0.0,1877.58,54.45,0,0,1,1,0
10239,2025-11-17,2,36,3,71,6035,482.8,0.0,3681.35,49.95,0,0,1,0,0
10240,2025-06-16,3,48,2,24,144,5.76,0.0,87.84,21.6,0,0,1,1,0
10241,2025-05-17,3,31,2,31,186,22.32,0.0,113.46,22.65,3.27,42.75,0,1,2
10242,2025-01-27,3,13,3,54,324,38.88,0.0,197.64,26.1,0,0,1,1,0
10243,2025-12-29,1,10,3,95,1140,45.6,0.0,695.4,32.25,0,0,1,1,0
10244,2025-05-20,2,34,2,79,6715,0,6715,4096.15,53.55,134.3,54.75,0,1,2
10245,2024-06-19,2,29,3,38,3230,129.2,0.0,1970.3,35.1,0,0,1,1,0
10246,2025-01-30,3,26,3,61,366,14.64,0.0,223.26,27.15,7.03,50.25,0,1,2
10247,2025-09-13,2,31,2,30,2550,204.0,0.0,1555.5,31.5,46.92,42.5,0,1,2
10248,2025-09-11,4,27,2,50,1900,228.0,0.0,1159.0,40.5,0,0,1,1,0
10249,2024-03-12,4,10,2,100,3800,152.0,0.0,2318.0,63.0,0,0,1,1,0
10250,2025-08-03,1,13,3,48,576,23.04,0.0,351.36,25.2,11.06,47.0,0,1,2
10251,2025-05-13,3,18,3,34,204,0,0,124.44,23.1,4.08,0,0,1,1
10252,2024-06-22,2,5,3,54,4590,367.2,0.0,2799.9,42.3,0,0,1,0,0
10253,2025-03-10,3,15,3,41,246,9.84,0.0,150.06,24.15,0,0,1,1,0
10254,2025-11-20,4,18,3,56,2128,170.24,0.0,1298.08,43.2,39.16,49.0,0,1,4
10255,2024-04-19,2,7,2,39,3315,0,0,2022.15,35.55,0,0,1,1,0
10256,2025-02-26,4,39,1,28,1064,0,0,649.04,30.6,21.28,0,0,1,1
10257,2024-06-02,4,31,2,83,3154,0,0,1923.94,55.35,0,0,1,1,0
10258,2025-11-02,2,43,3,63,5355,642.6,0.0,3266.55,46.35,0,0,1,1,0
10259,2024-02-21,2,14,2,16,1360,54.4,0.0,829.6,25.2,0,0,1,1,0
10260,2025-11-07,4,11,1,30,1140,0,0,695.4,31.5,0,0,1,0,0
10261,2025-12-11,4,46,2,26,988,79.04,0.0,602.68,29.7,18.18,41.5,0,1,2
10262,2025-01-10,2,14,2,65,5525,663.0,0.0,3370.25,47.25,0,0,1,1,0
10263,2024-05-15,4,17,1,98,3724,0,0,2271.64,62.1,0,0,1,1,0
10264,2025-05-14,3,27,1,46,276,33.12,0.0,168.36,24.9,0,0,1,1,0
10265,2024-10-15,1,28,1,18,216,0,0,131.76,20.7,0,0,1,1,0
10266,2024-11-17,2,8,1,100,8500,1020.0,0.0,5185.0,63.0,149.6,0,0,1,1
10267,2024-06-15,3,16,3,24,144,0,0,87.84,21.6,2.88,0,0,1,1
10268,2025-11-13,1,11,3,32,384,15.36,0.0,234.24,22.8,7.37,43.0,0,1,2
10269,2025-02-12,4,28,2,47,1786,71.44,0.0,1089.46,39.15,34.29,46.75,0,1,2
10270,2025-10-25,1,3,3,11,132,15.84,0.0,80.52,19.65,0,0,1,1,0
10271,2025-04-21,4,39,2,56,2128,0,0,1298.08,43.2,0,0,1,1,0
10272,2024-08-28,3,6,3,47,282,22.56,0.0,172.02,25.05,5.19,46.75,0,1,2
10273,2024-02-25,4,38,1,66,2508,100.32,0.0,1529.88,47.7,0,0,1,1,0
10274,2025-08-20,4,31,1,87,3306,0,0,2016.66,57.15,0,0,1,1,0
10275,2025-11-01,2,24,1,16,1360,108.8,0.0,829.6,25.2,0,0,1,1,0
10276,2025-06-07,2,22,1,31,2635,316.2,0.0,1607.35,31.95,0,0,1,1,0
10277,2024-02-27,4,13,2,35,1330,0,0,811.3,33.75,0,0,1,1,0
10278,2024-08-14,1,38,2,20,240,19.2,0.0,146.4,21.0,0,0,1,1,0
10279,2025-03-30,4,2,2,50,1900,152.0,1748.0,1159.0,40.5,0,0,1,1,0
10280,2024-11-06,3,44,3,28,168,20.16,0.0,102.48,22.2,2.96,42.0,0,1,2
10281,2025-10-08,1,9,2,95,1140,45.6,0.0,695.4,32.25,0,0,1,1,0
10282,2024-02-26,1,35,3,96,1152,46.08,0.0,702.72,32.4,22.12,59.0,0,1,2
10283,2024-09-28,2,14,3,76,6460,0,0,3940.6,52.2,129.2,54.0,0,1,2
10284,2024-09-04,2,37,2,92,7820,938.4,0.0,4770.2,59.4,0,0,1,1,0
10285,2024-11-08,2,45,2,38,3230,129.2,0.0,1970.3,35.1,0,0,1,1,0
10286,2024-06-22,2,13,2,72,6120,0,0,3733.2,50.4,0,0,1,1,0
10287,2025-03-14,3,3,1,36,216,8.64,0.0,131.76,23.4,0,0,1,1,0
10288,2024-03-21,2,41,3,64,5440,217.6,0.0,3318.4,46.8,0,0,1,1,0
10289,2025-07-06,2,20,2,100,8500,680.0,0.0,5185.0,63.0,0,0,1,1,0
10290,2024-06-10,1,1,2,94,1128,45.12,0.0,688.08,32.1,0,0,1,1,0
10291,2025-01-24,1,35,1,70,840,0,0,512.4,28.5,16.8,52.5,0,1,2
10292,2024-10-08,1,28,2,75,900,0,0,549.0,29.25,18.0,0,0,1,1
10293,2025-01-28,2,5,3,38,3230,0,0,1970.3,35.1,64.6,44.5,0,1,2
10294,2025-11-11,1,23,3,42,504,40.32,0.0,307.44,24.3,0,0,1,1,0
10295,2025-07-15,4,43,3,13,494,0,494,301.34,23.85,9.88,38.25,0,1,4
10296,2024-05-23,1,45,2,29,348,0,0,212.28,22.35,0,0,1,1,0
10297,2024-06-01,4,42,3,60,2280,91.2,0.0,1390.8,45.0,0,0,1,1,0
10298,2025-07-02,3,41,3,97,582,0,0,355.02,32.55,0,0,1,1,0
10299,2024-07-29,2,37,1,82,6970,836.4,0.0,4251.7,54.9,0,0,1,1,0
10300,2024-02-09,2,27,3,92,7820,312.8,0.0,4770.2,59.4,0,0,1,1,0
10301,2024-06-02,1,15,1,97,1164,46.56,0.0,710.04,32.55,0,0,1,1,0
10302,2024-12-21,1,40,3,78,936,74.88,0.0,570.96,29.7,0,0,1,1,0
10303,2025-10-23,3,2,2,11,66,0,0,40.26,19.65,1.32,37.75,0,1,2
10304,2024-01-23,1,48,1,59,708,84.96,0.0,431.88,26.85,0,0,1,1,0
10305,2025-04-11,2,46,3,36,3060,122.4,0.0,1866.6,34.2,0,0,1,1,0
10306,2025-08-05,3,18,3,25,150,18.0,0.0,91.5,21.75,0,0,1,1,0
10307,2025-10-05,1,37,3,22,264,0,0,161.04,21.3,5.28,0,0,1,1
10308,2024-01-18,4,23,3,11,418,0,0,254.98,22.95,0,0,1,1,0
10309,2024-04-21,3,20,3,97,582,23.28,0.0,355.02,32.55,11.17,0,0,1,1
10310,2025-07-07,1,4,3,42,504,60.48,0.0,307.44,24.3,0,0,1,0,0
10311,2025-01-01,4,26,2,40,1520,0,0,927.2,36.0,0,0,1,1,0
10312,2025-08-29,3,28,1,55,330,39.6,0.0,201.3,26.25,0,0,1,1,0
10313,2024-02-02,2,39,1,21,1785,71.4,0.0,1088.85,27.45,34.27,40.25,0,1,2
10314,2025-10-02,2,16,3,84,7140,285.6,0.0,4355.4,55.8,137.09,0,0,1,1
10315,2025-11-10,1,39,2,77,924,73.92,0.0,563.64,29.55,0,0,1,1,0
10316,2024-07-22,4,33,1,47,1786,142.88,0.0,1089.46,39.15,0,0,1,1,0
10317,2025-03-02,4,1,3,29,1102,44.08,0.0,672.22,31.05,21.16,0,0,1,1
10318,2024-01-28,3,26,1,25,150,18.0,0.0,91.5,21.75,0,0,1,1,0
10319,2025-03-25,4,7,1,76,2888,115.52,0.0,1761.68,52.2,0,0,1,1,0
10320,2025-10-16,2,17,3,47,3995,0,0,2436.95,39.15,0,0,1,1,0
10321,2024-03-10,3,13,3,49,294,23.52,0.0,179.34,25.35,5.41,47.25,0,1,2
10322,2024-03-23,4,10,3,20,760,60.8,0.0,463.6,27.0,13.98,40.0,0,1,4
10323,2024-04-25,4,13,1,21,798,63.84,0.0,486.78,27.45,0,0,1,1,0
10324,2025-02-23,2,36,3,30,2550,306.0,0.0,1555.5,31.5,44.88,0,0,1,1
10325,2025-04-14,1,32,1,34,408,16.32,0.0,248.88,23.1,7.83,0,0,1,1
10326,2024-05-10,4,5,3,72,2736,0,0,1668.96,50.4,0,0,1,1,0
10327,2025-11-07,4,20,2,12,456,54.72,0.0,278.16,23.4,0,0,1,1,0
10328,2025-09-02,4,5,3,19,722,57.76,0.0,440.42,26.55,0,0,1,1,0
10329,2025-11-10,1,11,1,93,1116,89.28,0.0,680.76,31.95,0,0,1,1,0
10330,2025-05-17,3,13,2,66,396,15.84,0.0,241.56,27.9,7.6,0,0,1,1
10331,2024-04-08,3,16,1,55,330,0,0,201.3,26.25,0,0,1,1,0
10332,2025-03-01,4,6,1,48,1824,72.96,0.0,1112.64,39.6,0,0,1,1,0
10333,2025-09-27,3,32,2,36,216,8.64,0.0,131.76,23.4,0,0,1,1,0
10334,2024-06-03,4,26,2,64,2432,97.28,0.0,1483.52,46.8,0,0,1,1,0
10335,2025-04-02,2,24,2,58,4930,0,0,3007.3,44.1,0,0,1,1,0
10336,2025-10-01,2,11,3,15,1275,51.0,0.0,777.75,24.75,24.48,0,0,1,1
10337,2024-09-30,1,23,1,59,708,56.64,0.0,431.88,26.85,0,0,1,1,0
10338,2025-01-31,4,45,2,30,1140,45.6,0.0,695.4,31.5,0,0,1,1,0
10339,2025-12-17,1,10,1,21,252,0,0,153.72,21.15,0,0,1,1,0
10340,2025-10-28,1,47,3,59,708,28.32,0.0,431.88,26.85,13.59,0,0,1,1
10341,2025-05-22,2,42,1,26,2210,0,0,1348.1,29.7,0,0,1,1,0
10342,2025-11-25,1,4,1,18,216,17.28,0.0,131.76,20.7,0,0,1,1,0
10343,2024-05-06,2,7,3,81,6885,826.2,0.0,4199.85,54.45,121.18,0,0,1,1
10344,2025-12-09,3,38,3,26,156,12.48,0.0,95.16,21.9,2.87,41.5,0,1,2
10345,2024-12-01,3,6,3,77,462,36.96,0.0,281.82,29.55,0,0,1,1,0
10346,2024-09-26,1,26,1,12,144,0,0,87.84,19.8,0,0,1,1,0
10347,2024-10-05,2,46,1,65,5525,0,0,3370.25,47.25,0,0,1,1,0
10348,2025-11-22,2,45,3,93,7905,316.2,0.0,4822.05,59.85,0,0,1,1,0
10349,2025-09-26,3,34,2,19,114,13.68,0.0,69.54,20.85,2.01,39.75,0,1,2
10350,2025-10-16,3,1,1,14,84,0,0,51.24,20.1,0,0,1,1,0
10351,2024-02-17,4,3,3,78,2964,0,0,1808.04,53.1,0,0,1,1,0
10352,2025-07-05,4,22,3,99,3762,0,0,2294.82,62.55,75.24,59.75,0,0,2
10353,2025-11-03,1,8,2,78,936,0,0,570.96,29.7,0,0,1,1,0
10354,2024-06-26,2,16,1,67,5695,455.6,0.0,3473.95,48.15,0,0,1,1,0
10355,2025-03-22,4,16,2,46,1748,139.84,0.0,1066.28,38.7,32.16,0,0,1,1
10356,2024-01-16,3,5,3,35,210,0,0,128.1,23.25,0,0,1,1,0
10357,2025-04-26,4,44,2,79,3002,120.08,0.0,1831.22,53.55,0,0,1,1,0
10358,2025-08-29,3,5,3,100,600,48.0,0.0,366.0,33.0,0,0,1,1,0
10359,2024-11-28,3,22,1,24,144,11.52,0.0,87.84,21.6,0,0,1,1,0
10360,2024-05-23,1,13,1,92,1104,88.32,0.0,673.44,31.8,20.31,0,0,1,1
10361,2025-12-13,1,33,3,10,120,0,120,73.2,19.5,2.4,37.5,0,1,2
10362,2025-01-11,1,31,2,16,192,23.04,0.0,117.12,20.4,3.38,0,0,1,1
10363,2024-08-17,2,41,1,41,3485,0,0,2125.85,36.45,0,0,1,1,0
10364,2024-09-01,2,44,2,88,7480,299.2,0.0,4562.8,57.6,143.62,0,0,1,1
10365,2024-09-19,4,25,2,64,2432,291.84,0.0,1483.52,46.8,0,0,1,1,0
10366,2025-03-21,4,37,1,31,1178,94.24,0.0,718.58,31.95,0,0,1,1,0
10367,2024-03-15,1,45,1,76,912,109.44,0.0,556.32,29.4,0,0,1,1,0
10368,2024-07-01,3,33,2,18,108,12.96,0.0,65.88,20.7,1.9,39.5,0,1,4
10369,2024-09-19,3,40,1,77,462,18.48,0.0,281.82,29.55,8.87,54.25,0,1,2
10370,2025-10-21,1,6,3,41,492,19.68,0.0,300.12,24.15,0,0,1,1,0
10371,2024-05-20,2,19,1,85,7225,578.0,0.0,4407.25,56.25,0,0,1,1,0
10372,2025-08-03,4,22,2,16,608,0,608,370.88,25.2,0,0,1,0,0
10373,2025-02-04,3,3,2,63,378,30.24,0.0,230.58,27.45,6.96,50.75,0,1,2
10374,2025-11-10,2,25,2,23,1955,156.4,0.0,1192.55,28.35,0,0,1,1,0
10375,2025-11-16,2,26,3,51,4335,346.8,0.0,2644.35,40.95,79.76,47.75,0,1,2
10376,2024-09-04,1,28,1,57,684,82.08,0.0,417.24,26.55,0,0,1,1,0
10377,2024-07-07,1,7,1,98,1176,0,0,717.36,32.7,0,0,1,1,0
10378,2025-11-30,3,38,1,40,240,28.8,0.0,146.4,24.0,0,0,1,1,0
10379,2025-05-11,1,32,1,21,252,30.24,0.0,153.72,21.15,0,0,1,1,0
10380,2025-07-27,4,10,1,69,2622,104.88,0.0,1599.42,49.05,0,0,1,1,0
10381,2024-02-11,4,33,1,57,2166,259.92,0.0,1321.26,43.65,0,0,1,1,0
10382,2025-10-09,2,22,2,55,4675,0,0,2851.75,42.75,0,0,1,1,0
10383,2024-01-12,2,33,2,31,2635,0,0,1607.35,31.95,0,0,1,1,0
10384,2024-07-08,3,36,3,75,450,0,0,274.5,29.25,9.0,0,0,1,1
10385,2024-01-24,4,9,1,80,3040,0,0,1854.4,54.0,0,0,1,1,0
10386,2024-09-01,1,40,3,65,780,93.6,0.0,475.8,27.75,13.73,0,0,1,1
10387,2024-01-02,2,48,2,84,7140,285.6,0.0,4355.4,55.8,0,0,1,1,0
10388,2025-03-06,1,40,2,73,876,0,0,534.36,28.95,0,0,1,1,0
10389,2025-09-30,4,25,3,33,1254,0,0,764.94,32.85,0,0,1,1,0
10390,2024-05-18,1,47,2,11,132,5.28,0.0,80.52,19.65,0,0,1,1,0
10391,2025-12-16,4,7,3,90,3420,136.8,0.0,2086.2,58.5,65.66,57.5,0,1,2
10392,2024-05-19,2,22,2,15,1275,51.0,0.0,777.75,24.75,0,0,1,1,0
10393,2024-12-11,3,38,3,10,60,2.4,0.0,36.6,19.5,0,0,1,0,0
10394,2024-02-12,2,32,3,47,3995,479.4,0.0,2436.95,39.15,0,0,1,1,0
10395,2025-03-13,1,3,3,45,540,0,0,329.4,24.75,0,0,1,1,0
10396,2024-12-26,1,29,1,89,1068,128.16,0.0,651.48,31.35,0,0,1,1,0
10397,2024-10-04,3,34,3,58,348,13.92,0.0,212.28,26.7,0,0,1,1,0
10398,2024-07-21,1,4,1,73,876,0,0,534.36,28.95,0,0,1,1,0
10399,2024-05-19,3,44,1,69,414,33.12,0.0,252.54,28.35,0,0,1,1,0
10400,2025-09-15,2,2,3,100,8500,1020.0,0.0,5185.0,63.0,0,0,1,1,0
10401,2024-04-24,1,38,3,51,612,73.44,0.0,373.32,25.65,10.77,0,0,1,1
10402,2024-10-27,4,19,1,97,3686,442.32,0.0,2248.46,61.65,0,0,1,1,0
10403,2025-07-25,3,7,2,87,522,0,0,318.42,31.05,0,0,1,1,0
10404,2024-09-14,4,39,1,93,3534,141.36,0.0,2155.74,59.85,67.85,58.25,0,1,2
10405,2025-10-03,2,27,1,94,7990,319.6,0.0,4873.9,60.3,0,0,1,1,0
10406,2024-01-06,2,44,3,55,4675,187.0,0.0,2851.75,42.75,89.76,48.75,0,1,4
10407,2025-06-10,4,34,2,90,3420,0,0,2086.2,58.5,0,0,1,1,0
10408,2024-01-23,1,16,1,77,924,0,0,563.64,29.55,0,0,1,1,0
10409,2024-05-19,4,34,1,86,3268,0,0,1993.48,56.7,0,0,1,1,0
10410,2025-01-27,4,21,3,64,2432,291.84,0.0,1483.52,46.8,42.8,51.0,0,1,4
10411,2025-08-23,1,14,2,77,924,73.92,0.0,563.64,29.55,0,0,1,1,0
10412,2024-05-26,4,32,3,87,3306,0,0,2016.66,57.15,0,0,1,1,0
10413,2025-03-03,3,18,3,38,228,9.12,0.0,139.08,23.7,0,0,1,1,0
10414,2024-04-23,1,33,1,63,756,30.24,0.0,461.16,27.45,0,0,1,1,0
10415,2025-08-10,3,8,1,63,378,30.24,0.0,230.58,27.45,6.96,0,0,1,1
10416,2025-06-27,4,25,2,49,1862,74.48,0.0,1135.82,40.05,0,0,1,1,0
10417,2025-02-01,1,30,1,24,288,34.56,0.0,175.68,21.6,0,0,1,1,0
10418,2024-11-21,1,36,2,36,432,51.84,0.0,263.52,23.4,0,0,1,1,0
10419,2024-06-18,3,22,3,16,96,3.84,0.0,58.56,20.4,1.84,0,0,1,1
10420,2025-10-18,3,21,2,50,300,36.0,0.0,183.0,25.5,0,0,1,1,0
10421,2025-07-17,4,30,1,98,3724,148.96,0.0,2271.64,62.1,71.5,0,0,1,1
10422,2025-05-06,4,48,2,20,760,60.8,0.0,463.6,27.0,0,0,1,1,0
10423,2024-03-25,3,9,2,43,258,20.64,0.0,157.38,24.45,0,0,1,1,0
10424,2025-07-10,4,31,3,66,2508,300.96,0.0,1529.88,47.7,44.14,51.5,0,1,2
10425,2024-05-16,1,31,2,50,600,0,0,366.0,25.5,12.0,47.5,0,1,2
10426,2024-10-21,2,25,3,82,6970,836.4,6133.6,4251.7,54.9,122.67,0,0,1,1
10427,2024-11-27,1,37,3,85,1020,0,0,622.2,30.75,0,0,1,1,0
10428,2025-01-07,1,4,1,20,240,0,240,146.4,21.0,4.8,0,0,1,1
10429,2024-05-18,2,19,3,96,8160,652.8,0.0,4977.6,61.2,0,0,1,1,0
10430,2024-12-02,4,16,1,17,646,51.68,0.0,394.06,25.65,0,0,1,1,0
10431,2025-11-21,3,8,1,38,228,9.12,0.0,139.08,23.7,4.38,0,0,1,1
10432,2025-05-31,4,14,2,65,2470,98.8,0.0,1506.7,47.25,0,0,1,1,0
10433,2025-04-23,2,39,1,21,1785,142.8,0.0,1088.85,27.45,32.84,40.25,0,1,2
10434,2025-09-25,1,6,2,37,444,35.52,0.0,270.84,23.55,0,0,1,1,0
10435,2024-02-21,3,12,3,81,486,0,0,296.46,30.15,0,0,1,1,0
10436,2024-01-10,3,40,1,78,468,56.16,0.0,285.48,29.7,8.24,0,0,1,1
10437,2024-03-21,2,45,1,13,1105,132.6,0.0,674.05,23.85,0,0,1,1,0
10438,2024-09-30,3,32,3,49,294,35.28,0.0,179.34,25.35,0,0,1,1,0
10439,2024-05-05,4,25,3,74,2812,337.44,0.0,1715.32,51.3,0,0,1,1,0
10440,2024-08-31,3,9,3,43,258,30.96,0.0,157.38,24.45,4.54,45.75,0,1,4
10441,2025-05-16,3,18,3,21,126,5.04,0.0,76.86,21.15,0,0,1,1,0
10442,2024-01-05,4,3,2,82,3116,249.28,0.0,1900.76,54.9,57.33,0,0,1,1
10443,2025-06-29,1,10,2,88,1056,0,0,644.16,31.2,0,0,1,1,0
10444,2025-01-19,1,38,2,27,324,25.92,0.0,197.64,22.05,0,0,1,1,0
10445,2024-09-18,1,7,3,91,1092,87.36,0.0,666.12,31.65,0,0,1,1,0
10446,2024-07-04,2,3,3,37,3145,0,3145,1918.45,34.65,62.9,44.25,0,1,2
10447,2025-08-20,3,43,2,17,102,0,0,62.22,20.55,0,0,1,1,0
10448,2024-12-17,4,23,3,13,494,39.52,0.0,301.34,23.85,9.09,0,0,1,1
10449,2024-02-10,3,27,3,52,312,12.48,0.0,190.32,25.8,5.99,0,0,1,1
10450,2025-01-06,1,16,2,17,204,16.32,0.0,124.44,20.55,0,0,1,1,0
10451,2024-02-25,4,48,1,41,1558,0,0,950.38,36.45,0,0,1,1,0
10452,2025-08-16,2,32,2,38,3230,0,0,1970.3,35.1,0,0,1,1,0
10453,2025-04-14,3,41,1,81,486,58.32,0.0,296.46,30.15,0,0,1,1,0
10454,2025-01-24,1,44,2,69,828,66.24,0.0,505.08,28.35,0,0,1,1,0
10455,2024-03-25,4,43,3,28,1064,0,0,649.04,30.6,0,0,1,1,0
10456,2025-04-16,2,36,2,68,5780,693.6,0.0,3525.8,48.6,0,0,1,1,0
10457,2025-05-18,3,45,1,72,432,51.84,0.0,263.52,28.8,0,0,1,1,0
10458,2024-10-29,3,39,3,54,324,0,0,197.64,26.1,0,0,1,1,0
10459,2025-05-20,2,22,1,90,7650,612.0,0.0,4666.5,58.5,0,0,1,1,0
10460,2024-08-03,1,25,1,36,432,34.56,0.0,263.52,23.4,0,0,1,1,0
10461,2025-07-14,2,42,3,82,6970,836.4,0.0,4251.7,54.9,0,0,1,1,0
10462,2025-05-22,2,47,2,63,5355,214.2,0.0,3266.55,46.35,0,0,1,1,0
10463,2024-08-28,1,6,3,59,708,28.32,0.0,431.88,26.85,0,0,1,1,0
10464,2024-02-21,4,23,3,54,2052,0,0,1251.72,42.3,0,0,1,1,0
10465,2024-07-04,1,11,3,77,924,0,0,563.64,29.55,0,0,1,1,0
10466,2025-10-02,4,9,1,22,836,100.32,0.0,509.96,27.9,0,0,1,1,0
10467,2024-02-18,4,3,3,42,1596,127.68,1468.32,973.56,36.9,0,0,1,1,0
10468,2024-05-17,1,32,3,91,1092,0,0,666.12,31.65,21.84,57.75,0,1,4
10469,2025-12-26,3,31,3,59,354,28.32,0.0,215.94,26.85,6.51,0,0,1,1
10470,2025-12-20,2,41,1,68,5780,462.4,0.0,3525.8,48.6,0,0,1,1,0
10471,2024-11-02,3,21,1,43,258,20.64,0.0,157.38,24.45,0,0,1,1,0
10472,2025-04-16,3,38,3,12,72,8.64,0.0,43.92,19.8,0,0,1,1,0
10473,2025-06-01,4,13,1,48,1824,218.88,0.0,1112.64,39.6,0,0,1,1,0
10474,2024-08-26,4,15,3,24,912,0,0,556.32,28.8,0,0,1,1,0
10475,2025-12-22,2,14,1,89,7565,907.8,0.0,4614.65,58.05,0,0,1,0,0
10476,2024-07-12,2,10,2,86,7310,584.8,0.0,4459.1,56.7,0,0,1,1,0
10477,2025-07-05,1,44,3,47,564,45.12,0.0,344.04,25.05,0,0,1,1,0
10478,2025-10-07,1,22,1,10,120,14.4,0.0,73.2,19.5,0,0,1,1,0
10479,2025-03-02,4,31,3,47,1786,142.88,0.0,1089.46,39.15,0,0,1,1,0
10480,2025-03-09,4,46,1,47,1786,142.88,0.0,1089.46,39.15,0,0,1,1,0
10481,2025-12-01,2,35,3,41,3485,139.4,0.0,2125.85,36.45,0,0,1,1,0
10482,2025-12-01,4,36,3,91,3458,0,0,2109.38,58.95,0,0,1,1,0
10483,2025-04-22,2,15,2,16,1360,54.4,0.0,829.6,25.2,0,0,1,1,0
10484,2024-06-18,3,13,1,69,414,0,0,252.54,28.35,8.28,52.25,0,1,2
10485,2025-04-20,1,48,3,62,744,0,0,453.84,27.3,0,0,1,0,0
10486,2024-09-07,4,41,3,55,2090,0,2090,1274.9,42.75,41.8,0,0,1,1
10487,2025-08-20,1,12,1,41,492,59.04,0.0,300.12,24.15,0,0,1,1,0
10488,2025-11-07,1,36,2,83,996,119.52,0.0,607.56,30.45,0,0,1,1,0
10489,2024-08-02,2,35,3,94,7990,958.8,0.0,4873.9,60.3,140.62,0,0,1,1
10490,2025-01-03,3,10,2,40,240,9.6,0.0,146.4,24.0,0,0,1,0,0
10491,2025-03-13,2,45,3,82,6970,557.6,0.0,4251.7,54.9,128.25,55.5,0,1,4
10492,2024-07-08,1,8,3,41,492,39.36,0.0,300.12,24.15,0,0,1,1,0
10493,2024-02-12,4,17,1,59,2242,269.04,0.0,1367.62,44.55,0,0,1,1,0
10494,2025-05-07,1,4,1,32,384,46.08,0.0,234.24,22.8,0,0,1,1,0
10495,2025-07-14,3,2,1,92,552,0,0,336.72,31.8,11.04,58.0,0,1,2
10496,2024-11-29,1,41,2,52,624,0,0,380.64,25.8,0,0,1,1,0
10497,2025-07-04,1,32,1,49,588,47.04,0.0,358.68,25.35,0,0,1,1,0
10498,2024-04-26,1,34,3,53,636,50.88,0.0,387.96,25.95,11.7,48.25,0,1,2
10499,2025-07-02,3,30,3,80,480,38.4,0.0,292.8,30.0,0,0,1,1,0
10500,2025-06-19,4,43,1,38,1444,0,0,880.84,35.1,0,0,1,1,0
10501,2024-02-15,1,41,2,97,1164,93.12,0.0,710.04,32.55,0,0,1,1,0
10502,2025-10-22,2,2,3,40,3400,0,0,2074.0,36.0,0,0,1,1,0
10503,2025-11-19,4,12,1,66,2508,0,0,1529.88,47.7,0,0,1,1,0
10504,2025-03-14,1,21,1,66,792,31.68,0.0,483.12,27.9,0,0,1,1,0
10505,2024-06-29,1,24,3,59,708,84.96,0.0,431.88,26.85,0,0,1,1,0
10506,2024-03-22,1,14,2,35,420,16.8,0.0,256.2,23.25,0,0,1,1,0
10507,2024-11-17,3,37,1,11,66,5.28,0.0,40.26,19.65,0,0,1,1,0
10508,2025-09-01,2,22,3,17,1445,115.6,0.0,881.45,25.65,26.59,39.25,0,1,2
10509,2024-05-21,4,5,1,13,494,39.52,0.0,301.34,23.85,0,0,1,1,0
10510,2025-03-06,4,34,3,96,3648,437.76,0.0,2225.28,61.2,0,0,1,1,0
10511,2025-08-29,3,43,2,95,570,22.8,0.0,347.7,32.25,0,0,1,0,0
10512,2024-02-09,1,15,3,11,132,0,0,80.52,19.65,0,0,1,1,0
10513,2025-06-28,1,45,1,66,792,0,0,483.12,27.9,0,0,1,1,0
10514,2025-10-08,4,16,1,89,3382,270.56,0.0,2063.02,58.05,0,0,1,1,0
10515,2024-01-15,4,33,2,77,2926,234.08,0.0,1784.86,52.65,0,0,1,1,0
10516,2025-12-17,2,7,1,75,6375,510.0,0.0,3888.75,51.75,0,0,1,1,0
10517,2024-04-03,2,46,2,56,4760,571.2,0.0,2903.6,43.2,0,0,1,1,0
10518,2025-12-06,2,25,2,38,3230,387.6,0.0,1970.3,35.1,56.85,44.5,0,1,2
10519,2025-12-06,2,2,3,21,1785,214.2,0.0,1088.85,27.45,0,0,1,1,0
10520,2025-08-09,3,26,2,15,90,10.8,0.0,54.9,20.25,0,0,1,1,0
10521,2024-03-17,1,3,3,86,1032,41.28,0.0,629.52,30.9,19.81,0,0,1,1
10522,2024-08-17,2,4,1,19,1615,129.2,0.0,985.15,26.55,0,0,1,1,0
10523,2025-11-16,1,4,2,21,252,20.16,0.0,153.72,21.15,4.64,0,0,1,1
10524,2024-12-12,2,25,2,87,7395,591.6,0.0,4510.95,57.15,0,0,1,1,0
10525,2025-04-05,3,14,1,93,558,22.32,0.0,340.38,31.95,10.71,0,0,1,1
10526,2025-06-05,3,29,2,18,108,4.32,0.0,65.88,20.7,0,0,1,1,0
10527,2025-09-17,2,25,2,80,6800,0,0,4148.0,54.0,0,0,1,1,0
10528,2024-01-08,3,38,1,91,546,43.68,0.0,333.06,31.65,10.05,57.75,0,1,4
10529,2025-04-12,2,26,3,86,7310,0,0,4459.1,56.7,146.2,56.5,0,1,4
10530,2024-03-07,4,4,2,98,3724,297.92,0.0,2271.64,62.1,0,0,1,1,0
10531,2025-04-08,4,48,2,38,1444,115.52,0.0,880.84,35.1,26.57,0,0,1,1
10532,2025-10-29,4,43,1,63,2394,287.28,0.0,1460.34,46.35,0,0,1,1,0
10533,2024-07-06,1,8,1,17,204,24.48,0.0,124.44,20.55,0,0,1,0,0
10534,2024-10-01,1,28,2,52,624,24.96,0.0,380.64,25.8,0,0,1,1,0
10535,2024-04-06,3,6,1,41,246,19.68,0.0,150.06,24.15,4.53,0,0,1,1
10536,2024-12-29,4,29,1,98,3724,297.92,0.0,2271.64,62.1,0,0,1,1,0
10537,2025-03-04,2,39,3,86,7310,292.4,0.0,4459.1,56.7,0,0,1,1,0
10538,2025-06-16,4,4,1,30,1140,136.8,0.0,695.4,31.5,0,0,1,1,0
10539,2025-12-25,1,48,3,14,168,20.16,0.0,102.48,20.1,0,0,1,1,0
10540,2024-06-30,2,34,1,66,5610,0,0,3422.1,47.7,0,0,1,1,0
10541,2024-06-09,4,4,3,26,988,0,988,602.68,29.7,19.76,0,0,0,1
10542,2024-10-02,3,40,3,72,432,17.28,0.0,263.52,28.8,8.29,0,0,1,1
10543,2025-06-10,1,44,3,93,1116,89.28,0.0,680.76,31.95,20.53,0,0,1,1
10544,2025-06-27,3,32,1,84,504,20.16,0.0,307.44,30.6,0,0,1,1,0
10545,2025-03-13,3,8,3,62,372,0,0,226.92,27.3,7.44,50.5,0,1,2
10546,2025-09-02,3,30,2,19,114,4.56,0.0,69.54,20.85,0,0,1,1,0
10547,2024-02-07,1,24,2,41,492,0,0,300.12,24.15,0,0,1,1,0
10548,2025-06-19,1,1,3,58,696,55.68,640.32,424.56,26.7,12.81,49.5,0,1,2
10549,2025-02-05,4,27,2,20,760,0,0,463.6,27.0,0,0,1,1,0
10550,2024-06-12,3,28,1,98,588,70.56,0.0,358.68,32.7,0,0,1,0,0
10551,2025-07-17,3,1,1,20,120,0,0,73.2,21.0,0,0,1,1,0
10552,2025-12-29,3,25,3,73,438,52.56,0.0,267.18,28.95,7.71,53.25,0,1,2
10553,2025-07-09,3,38,3,37,222,8.88,0.0,135.42,23.55,0,0,1,1,0
10554,2025-02-16,4,39,3,48,1824,0,0,1112.64,39.6,0,0,1,1,0
10555,2025-05-29,3,4,1,30,180,14.4,0.0,109.8,22.5,0,0,1,1,0
10556,2025-08-03,1,11,2,94,1128,90.24,0.0,688.08,32.1,0,0,1,1,0
10557,2025-09-29,1,27,1,28,336,0,0,204.96,22.2,6.72,0,0,1,1
10558,2024-10-27,4,43,1,11,418,50.16,0.0,254.98,22.95,7.36,37.75,0,1,2
10559,2024-06-26,3,10,1,56,336,13.44,0.0,204.96,26.4,0,0,1,0,0
10560,2025-04-22,2,23,3,58,4930,394.4,0.0,3007.3,44.1,90.71,0,0,0,1
10561,2025-12-06,1,33,3,12,144,11.52,0.0,87.84,19.8,0,0,1,1,0
10562,2025-07-29,2,13,2,10,850,0,0,518.5,22.5,0,0,1,0,0
10563,2025-08-20,1,27,2,69,828,66.24,0.0,505.08,28.35,0,0,1,1,0
10564,2024-11-26,2,18,3,96,8160,0,0,4977.6,61.2,163.2,0,0,1,1
10565,2024-10-05,3,34,2,52,312,12.48,0.0,190.32,25.8,0,0,1,1,0
10566,2025-01-01,4,40,1,11,418,0,0,254.98,22.95,0,0,1,1,0
10567,2024-02-28,1,36,2,25,300,36.0,0.0,183.0,21.75,5.28,0,0,1,1
10568,2024-07-25,2,7,2,98,8330,999.6,0.0,5081.3,62.1,0,0,1,1,0
10569,2025-04-14,1,6,3,82,984,118.08,0.0,600.24,30.3,17.32,55.5,0,1,2
10570,2025-09-03,3,11,2,41,246,9.84,0.0,150.06,24.15,0,0,1,1,0
10571,2024-07-03,3,42,1,47,282,0,0,172.02,25.05,0,0,1,1,0
10572,2024-02-05,2,10,2,45,3825,306.0,3519.0,2333.25,38.25,70.38,0,0,1,1
10573,2025-06-11,1,3,2,12,144,17.28,0.0,87.84,19.8,0,0,1,1,0
10574,2024-03-30,2,22,1,58,4930,394.4,0.0,3007.3,44.1,0,0,1,1,0
10575,2024-05-15,1,2,3,78,936,112.32,0.0,570.96,29.7,0,0,1,1,0
10576,2024-12-28,2,17,1,94,7990,639.2,0.0,4873.9,60.3,0,0,1,1,0
10577,2025-12-09,3,43,3,36,216,17.28,0.0,131.76,23.4,3.97,0,0,1,1
10578,2025-08-03,4,23,1,46,1748,139.84,0.0,1066.28,38.7,0,0,1,1,0
10579,2024-02-28,2,32,2,17,1445,115.6,0.0,881.45,25.65,0,0,1,1,0
10580,2024-05-11,4,16,2,41,1558,62.32,0.0,950.38,36.45,0,0,1,1,0
10581,2024-02-01,3,14,2,69,414,0,0,252.54,28.35,0,0,1,1,0
10582,2024-06-11,3,18,2,59,354,14.16,0.0,215.94,26.85,0,0,1,1,0
10583,2025-08-05,2,4,2,57,4845,0,0,2955.45,43.65,0,0,1,1,0
10584,2024-10-31,2,2,1,85,7225,289.0,0.0,4407.25,56.25,0,0,1,1,0
10585,2025-01-05,4,14,1,50,1900,152.0,0.0,1159.0,40.5,0,0,1,1,0
10586,2024-12-27,2,22,3,54,4590,367.2,0.0,2799.9,42.3,0,0,1,1,0
10587,2025-07-28,1,35,1,35,420,16.8,0.0,256.2,23.25,0,0,1,1,0
10588,2024-03-08,1,26,1,28,336,13.44,0.0,204.96,22.2,0,0,1,1,0
10589,2025-09-23,4,25,3,44,1672,200.64,0.0,1019.92,37.8,0,0,1,0,0
10590,2024-05-10,4,43,2,30,1140,0,0,695.4,31.5,0,0,1,1,0
10591,2025-05-18,4,42,1,51,1938,77.52,0.0,1182.18,40.95,0,0,1,1,0
10592,2025-10-27,3,15,1,87,522,20.88,0.0,318.42,31.05,10.02,0,0,1,1
10593,2025-04-17,2,26,1,12,1020,81.6,0.0,622.2,23.4,0,0,1,1,0
10594,2024-09-14,4,17,1,37,1406,112.48,0.0,857.66,34.65,0,0,1,1,0
10595,2025-01-24,1,8,2,78,936,37.44,0.0,570.96,29.7,0,0,1,1,0
10596,2025-01-10,4,39,1,15,570,0,0,347.7,24.75,0,0,1,1,0
10597,2024-09-19,1,17,1,100,1200,144.0,0.0,732.0,33.0,0,0,1,1,0
10598,2024-09-25,3,27,2,37,222,26.64,0.0,135.42,23.55,0,0,1,1,0
10599,2024-05-25,1,26,3,23,276,33.12,0.0,168.36,21.45,4.86,40.75,0,1,2
10600,2025-01-13,1,11,2,84,1008,0,0,614.88,30.6,0,0,1,1,0
10601,2024-11-21,2,29,2,94,7990,958.8,0.0,4873.9,60.3,0,0,1,1,0
10602,2025-02-23,2,8,1,47,3995,479.4,0.0,2436.95,39.15,0,0,1,1,0
10603,2024-04-05,1,28,2,83,996,79.68,0.0,607.56,30.45,0,0,1,1,0
10604,2024-04-10,4,5,3,98,3724,0,0,2271.64,62.1,0,0,1,1,0
10605,2024-05-22,3,4,2,92,552,44.16,0.0,336.72,31.8,0,0,1,1,0
10606,2024-09-13,2,41,1,22,1870,74.8,0.0,1140.7,27.9,0,0,1,1,0
10607,2025-01-30,3,22,3,41,246,9.84,0.0,150.06,24.15,0,0,1,1,0
10608,2025-08-29,1,38,3,57,684,0,0,417.24,26.55,0,0,1,1,0
10609,2025-07-07,1,28,2,86,1032,41.28,0.0,629.52,30.9,0,0,1,1,0
10610,2024-05-18,4,9,2,42,1596,63.84,0.0,973.56,36.9,0,0,1,1,0
10611,2025-06-07,3,3,3,67,402,0,0,245.22,28.05,8.04,0,0,1,1
10612,2025-11-28,1,37,3,63,756,90.72,0.0,461.16,27.45,0,0,1,1,0
10613,2024-11-02,4,22,3,31,1178,0,0,718.58,31.95,23.56,42.75,0,1,2
10614,2025-05-15,3,38,1,23,138,11.04,0.0,84.18,21.45,2.54,40.75,0,1,2
10615,2025-07-15,2,27,3,48,4080,326.4,0.0,2488.8,39.6,75.07,47.0,0,1,4
10616,2024-03-23,2,7,1,65,5525,0,0,3370.25,47.25,110.5,51.25,0,0,2
10617,2025-02-01,3,35,3,28,168,13.44,0.0,102.48,22.2,3.09,42.0,0,1,4
10618,2025-06-25,2,19,3,38,3230,258.4,0.0,1970.3,35.1,59.43,44.5,0,1,2
10619,2025-01-16,1,33,2,19,228,18.24,0.0,139.08,20.85,0,0,1,1,0
10620,2025-06-01,4,43,2,25,950,0,0,579.5,29.25,19.0,41.25,0,1,2
10621,2025-07-28,1,11,3,70,840,100.8,0.0,512.4,28.5,0,0,1,1,0
10622,2024-01-14,1,27,1,30,360,28.8,0.0,219.6,22.5,0,0,1,1,0
10623,2024-03-10,1,17,2,64,768,61.44,0.0,468.48,27.6,0,0,1,1,0
10624,2024-02-25,3,24,3,85,510,40.8,0.0,311.1,30.75,9.38,0,0,1,1
10625,2024-05-02,3,30,1,61,366,14.64,0.0,223.26,27.15,0,0,1,1,0
10626,2025-09-18,4,20,1,83,3154,0,0,1923.94,55.35,0,0,1,1,0
10627,2025-09-09,1,16,1,78,936,74.88,0.0,570.96,29.7,0,0,1,1,0
10628,2025-02-01,1,37,3,17,204,24.48,0.0,124.44,20.55,0,0,1,1,0
10629,2025-06-27,3,33,2,30,180,21.6,0.0,109.8,22.5,0,0,1,1,0
10630,2025-10-23,1,31,2,77,924,73.92,0.0,563.64,29.55,0,0,1,1,0
10631,2025-04-16,2,27,2,51,4335,520.2,0.0,2644.35,40.95,76.3,0,0,1,1
10632,2025-03-07,3,45,2,78,468,37.44,0.0,285.48,29.7,0,0,1,1,0
10633,2025-11-10,4,33,3,72,2736,218.88,0.0,1668.96,50.4,0,0,1,1,0
10634,2024-01-25,4,33,3,51,1938,77.52,0.0,1182.18,40.95,0,0,1,1,0
10635,2025-05-23,4,7,1,74,2812,112.48,0.0,1715.32,51.3,0,0,1,1,0
10636,2024-11-28,2,36,1,84,7140,856.8,0.0,4355.4,55.8,0,0,1,1,0
10637,2024-04-21,1,32,1,40,480,57.6,0.0,292.8,24.0,8.45,45.0,0,1,2
10638,2024-04-14,2,14,3,46,3910,0,0,2385.1,38.7,78.2,0,0,1,1
10639,2024-11-06,4,11,2,21,798,63.84,0.0,486.78,27.45,14.68,40.25,0,1,2
10640,2025-11-08,1,48,1,75,900,0,0,549.0,29.25,0,0,1,1,0
10641,2025-10-29,3,9,2,51,306,36.72,0.0,186.66,25.65,0,0,1,1,0
10642,2025-05-10,1,11,1,28,336,40.32,0.0,204.96,22.2,0,0,1,1,0
10643,2025-12-17,3,10,3,100,600,48.0,0.0,366.0,33.0,11.04,0,0,1,1
10644,2024-05-03,2,25,1,53,4505,540.6,0.0,2748.05,41.85,0,0,1,1,0
10645,2025-05-26,1,8,3,55,660,52.8,0.0,402.6,26.25,12.14,0,0,1,1
10646,2024-07-11,2,17,1,16,1360,163.2,0.0,829.6,25.2,0,0,1,1,0
10647,2024-01-23,2,36,3,29,2465,98.6,0.0,1503.65,31.05,47.33,42.25,0,1,2
10648,2024-06-22,4,26,2,84,3192,0,0,1947.12,55.8,0,0,1,1,0
10649,2024-06-01,4,24,2,27,1026,82.08,0.0,625.86,30.15,0,0,1,1,0
10650,2025-05-31,1,41,2,77,924,0,0,563.64,29.55,0,0,1,1,0
10651,2025-06-11,2,5,2,51,4335,173.4,0.0,2644.35,40.95,0,0,1,1,0
10652,2025-08-09,1,26,1,67,804,0,0,490.44,28.05,0,0,1,1,0
10653,2024-10-22,3,5,1,24,144,11.52,0.0,87.84,21.6,0,0,1,1,0
10654,2025-03-28,2,12,3,95,8075,969.0,0.0,4925.75,60.75,0,0,1,1,0
10655,2025-02-15,4,24,2,14,532,63.84,0.0,324.52,24.3,0,0,1,1,0
10656,2024-07-28,4,8,1,20,760,0,0,463.6,27.0,0,0,1,1,0
10657,2024-02-12,2,16,3,16,1360,54.4,0.0,829.6,25.2,26.11,39.0,0,1,2
10658,2024-11-14,2,5,2,62,5270,0,0,3214.7,45.9,0,0,1,1,0
10659,2025-10-18,2,15,2,31,2635,0,0,1607.35,31.95,52.7,0,0,1,1
10660,2025-08-29,1,9,3,92,1104,0,0,673.44,31.8,0,0,1,0,0
10661,2024-09-06,2,7,1,49,4165,0,0,2540.65,40.05,0,0,1,1,0
10662,2025-07-07,3,30,3,15,90,0,0,54.9,20.25,0,0,1,1,0
10663,2024-02-26,4,14,3,69,2622,314.64,0.0,1599.42,49.05,0,0,1,1,0
10664,2025-06-27,1,31,2,71,852,34.08,0.0,519.72,28.65,16.36,52.75,0,1,2
10665,2024-04-26,4,24,2,26,988,118.56,0.0,602.68,29.7,0,0,1,1,0
10666,2025-03-07,3,26,3,89,534,64.08,0.0,325.74,31.35,9.4,57.25,0,1,4
10667,2024-01-27,2,33,3,87,7395,0,7395,4510.95,57.15,147.9,0,0,1,1
10668,2025-08-20,1,9,2,12,144,5.76,0.0,87.84,19.8,2.76,38.0,0,1,2
10669,2024-04-06,3,16,2,10,60,0,0,36.6,19.5,0,0,1,1,0
10670,2024-07-30,1,2,1,66,792,0,0,483.12,27.9,0,0,1,1,0
10671,2024-07-21,2,29,2,56,4760,0,0,2903.6,43.2,0,0,1,1,0
10672,2024-09-20,2,19,3,92,7820,0,0,4770.2,59.4,156.4,0,0,1,1
10673,2025-02-15,2,34,2,20,1700,204.0,0.0,1037.0,27.0,0,0,1,1,0
10674,2024-12-16,4,22,2,65,2470,0,0,1506.7,47.25,0,0,1,1,0
10675,2025-03-17,4,34,2,72,2736,109.44,0.0,1668.96,50.4,52.53,53.0,0,0,4
10676,2024-04-11,1,30,2,96,1152,46.08,0.0,702.72,32.4,0,0,1,1,0
10677,2025-02-11,1,4,1,52,624,0,0,380.64,25.8,0,0,1,1,0
10678,2024-12-21,4,1,3,83,3154,252.32,0.0,1923.94,55.35,0,0,1,1,0
10679,2025-11-04,4,38,1,11,418,50.16,0.0,254.98,22.95,0,0,1,0,0
10680,2025-03-27,4,30,1,63,2394,191.52,0.0,1460.34,46.35,0,0,1,1,0
10681,2024-06-03,2,39,3,53,4505,180.2,0.0,2748.05,41.85,0,0,1,1,0
10682,2024-08-11,2,1,1,10,850,34.0,0.0,518.5,22.5,0,0,1,1,0
10683,2025-11-11,4,3,2,27,1026,123.12,0.0,625.86,30.15,0,0,1,1,0
10684,2025-06-18,2,21,2,13,1105,44.2,0.0,674.05,23.85,21.22,0,0,1,1
10685,2024-10-19,1,47,2,70,840,67.2,0.0,512.4,28.5,0,0,1,1,0
10686,2024-09-18,3,19,2,38,228,27.36,0.0,139.08,23.7,4.01,44.5,0,1,2
10687,2025-10-31,4,35,1,76,2888,231.04,0.0,1761.68,52.2,0,0,1,1,0
10688,2024-11-14,4,8,1,20,760,30.4,0.0,463.6,27.0,0,0,1,1,0
10689,2025-10-20,1,6,1,42,504,60.48,0.0,307.44,24.3,0,0,1,1,0
10690,2025-06-28,4,16,2,46,1748,69.92,0.0,1066.28,38.7,33.56,0,0,1,1
10691,2024-12-12,3,22,2,50,300,12.0,0.0,183.0,25.5,0,0,1,1,0
10692,2024-05-02,3,21,1,65,390,15.6,0.0,237.9,27.75,0,0,1,1,0
10693,2024-09-09,4,24,3,44,1672,0,0,1019.92,37.8,0,0,1,1,0
10694,2025-06-04,2,24,1,43,3655,146.2,0.0,2229.55,37.35,0,0,1,1,0
10695,2025-10-26,3,25,2,40,240,28.8,0.0,146.4,24.0,0,0,1,1,0
10696,2025-03-11,2,42,3,60,5100,612.0,0.0,3111.0,45.0,0,0,1,1,0
10697,2025-10-19,2,11,3,81,6885,826.2,0.0,4199.85,54.45,121.18,0,0,1,1
10698,2025-03-05,3,9,3,77,462,55.44,0.0,281.82,29.55,0,0,1,1,0
10699,2024-09-13,2,19,1,100,8500,1020.0,0.0,5185.0,63.0,0,0,1,1,0
10700,2025-03-14,4,12,3,98,3724,446.88,0.0,2271.64,62.1,0,0,1,1,0
10701,2025-06-09,4,31,3,84,3192,127.68,0.0,1947.12,55.8,61.29,56.0,0,1,2
10702,2025-04-27,4,24,1,26,988,0,0,602.68,29.7,0,0,1,1,0
10703,2024-01-03,1,12,2,47,564,67.68,0.0,344.04,25.05,0,0,1,0,0
10704,2025-12-23,4,20,1,41,1558,62.32,0.0,950.38,36.45,0,0,1,1,0
10705,2024-09-08,1,43,3,35,420,16.8,0.0,256.2,23.25,8.06,0,0,0,1
10706,2024-08-30,4,30,3,68,2584,103.36,0.0,1576.24,48.6,0,0,1,1,0
10707,2024-10-28,1,44,3,51,612,24.48,0.0,373.32,25.65,0,0,1,1,0
10708,2024-01-06,2,48,3,74,6290,754.8,0.0,3836.9,51.3,0,0,1,1,0
10709,2025-01-18,1,7,2,24,288,23.04,0.0,175.68,21.6,5.3,41.0,0,1,2
10710,2024-10-29,3,10,1,85,510,20.4,0.0,311.1,30.75,0,0,1,1,0
10711,2025-06-13,2,11,2,57,4845,193.8,0.0,2955.45,43.65,0,0,1,1,0
10712,2024-11-16,1,39,2,72,864,69.12,0.0,527.04,28.8,0,0,1,1,0
10713,2025-03-29,2,21,3,76,6460,516.8,0.0,3940.6,52.2,0,0,1,1,0
10714,2025-10-31,2,47,3,21,1785,0,0,1088.85,27.45,0,0,1,1,0
10715,2024-06-26,4,37,1,63,2394,287.28,0.0,1460.34,46.35,0,0,1,1,0
10716,2024-08-27,3,34,1,69,414,49.68,0.0,252.54,28.35,0,0,1,1,0
10717,2024-10-10,4,33,2,17,646,51.68,0.0,394.06,25.65,0,0,1,1,0
10718,2025-11-10,1,36,1,98,1176,47.04,0.0,717.36,32.7,0,0,1,1,0
10719,2025-06-12,1,40,1,19,228,18.24,0.0,139.08,20.85,0,0,1,1,0
10720,2025-07-27,3,39,1,35,210,0,0,128.1,23.25,0,0,1,1,0
10721,2024-02-28,4,30,1,29,1102,0,0,672.22,31.05,0,0,1,1,0
10722,2025-10-02,3,6,2,87,522,62.64,0.0,318.42,31.05,9.19,0,0,1,1
10723,2025-05-31,1,5,2,86,1032,82.56,0.0,629.52,30.9,0,0,1,1,0
10724,2024-07-07,1,14,3,26,312,12.48,0.0,190.32,21.9,5.99,0,0,1,1
10725,2025-04-02,1,40,3,75,900,36.0,0.0,549.0,29.25,0,0,1,1,0
10726,2024-11-01,3,34,3,86,516,0,0,314.76,30.9,0,0,1,1,0
10727,2025-11-07,1,41,1,68,816,65.28,0.0,497.76,28.2,15.01,0,0,1,1
10728,2025-04-22,1,33,3,94,1128,135.36,0.0,688.08,32.1,19.85,58.5,0,1,2
10729,2025-06-03,4,30,3,69,2622,209.76,0.0,1599.42,49.05,48.24,0,0,1,1
10730,2024-10-09,4,8,3,69,2622,314.64,0.0,1599.42,49.05,46.15,52.25,0,1,2
10731,2024-02-26,1,44,3,44,528,42.24,0.0,322.08,24.6,0,0,1,1,0
10732,2024-07-12,3,10,1,26,156,6.24,0.0,95.16,21.9,0,0,1,1,0
10733,2025-04-15,3,46,3,19,114,0,0,69.54,20.85,0,0,1,1,0
10734,2025-08-19,2,24,3,42,3570,428.4,0.0,2177.7,36.9,0,0,1,1,0
10735,2024-05-26,2,8,1,80,6800,272.0,0.0,4148.0,54.0,0,0,1,1,0
10736,2025-06-03,2,38,2,19,1615,129.2,0.0,985.15,26.55,29.72,39.75,0,1,2
10737,2024-08-13,4,9,2,66,2508,0,0,1529.88,47.7,0,0,1,1,0
10738,2024-09-27,1,10,1,53,636,0,0,387.96,25.95,0,0,1,1,0
10739,2025-06-19,2,4,1,71,6035,482.8,0.0,3681.35,49.95,111.04,0,0,1,1
10740,2025-03-18,2,17,2,31,2635,210.8,0.0,1607.35,31.95,0,0,1,1,0
10741,2025-11-12,3,8,2,23,138,5.52,0.0,84.18,21.45,0,0,1,1,0
10742,2024-02-04,4,35,2,94,3572,0,0,2178.92,60.3,71.44,58.5,0,1,2
10743,2024-01-08,1,37,2,16,192,15.36,0.0,117.12,20.4,0,0,1,1,0
10744,2025-02-23,3,25,3,26,156,12.48,0.0,95.16,21.9,0,0,1,1,0
10745,2024-04-03,4,31,3,99,3762,0,0,2294.82,62.55,0,0,1,1,0
10746,2025-02-25,3,48,1,46,276,0,0,168.36,24.9,0,0,1,1,0
10747,2024-04-05,2,15,3,49,4165,333.2,0.0,2540.65,40.05,76.64,0,0,1,1
10748,2024-04-05,3,31,1,20,120,14.4,0.0,73.2,21.0,0,0,1,1,0
10749,2024-08-01,1,10,1,45,540,64.8,0.0,329.4,24.75,0,0,1,1,0
10750,2025-07-12,1,13,3,46,552,66.24,0.0,336.72,24.9,0,0,1,1,0
10751,2025-02-15,4,29,2,39,1482,177.84,0.0,904.02,35.55,26.08,44.75,0,1,2
10752,2025-08-05,4,22,1,58,2204,176.32,0.0,1344.44,44.1,0,0,1,1,0
10753,2024-10-05,4,39,2,26,988,0,0,602.68,29.7,0,0,1,1,0
10754,2024-06-27,4,27,3,91,3458,138.32,0.0,2109.38,58.95,0,0,1,1,0
10755,2025-02-21,2,7,1,58,4930,0,0,3007.3,44.1,0,0,1,1,0
10756,2025-12-27,4,35,3,36,1368,164.16,0.0,834.48,34.2,24.08,0,0,1,1
10757,2024-03-25,3,9,1,33,198,7.92,0.0,120.78,22.95,0,0,1,1,0
10758,2025-07-15,4,11,1,40,1520,121.6,0.0,927.2,36.0,0,0,1,1,0
10759,2024-12-03,2,44,1,77,6545,523.6,0.0,3992.45,52.65,0,0,1,1,0
10760,2024-08-03,4,35,1,32,1216,145.92,0.0,741.76,32.4,0,0,1,1,0
10761,2024-10-29,4,46,1,81,3078,123.12,0.0,1877.58,54.45,59.1,55.25,0,1,2
10762,2025-11-06,4,17,1,97,3686,442.32,0.0,2248.46,61.65,0,0,1,1,0
10763,2024-04-25,1,5,3,30,360,43.2,0.0,219.6,22.5,0,0,1,1,0
10764,2025-04-28,2,16,3,100,8500,1020.0,0.0,5185.0,63.0,149.6,60.0,0,1,4
10765,2024-12-15,3,26,2,99,594,0,0,362.34,32.85,0,0,1,1,0
10766,2025-03-11,1,26,2,38,456,18.24,0.0,278.16,23.7,0,0,1,1,0
10767,2025-04-24,1,7,1,63,756,90.72,0.0,461.16,27.45,0,0,1,1,0
10768,2025-05-29,4,8,1,63,2394,191.52,0.0,1460.34,46.35,0,0,1,1,0
10769,2024-08-10,1,14,3,86,1032,0,0,629.52,30.9,20.64,56.5,0,1,2
10770,2024-02-23,2,11,3,83,7055,564.4,0.0,4303.55,55.35,0,0,1,1,0
10771,2025-09-29,3,8,3,60,360,43.2,0.0,219.6,27.0,0,0,1,1,0
10772,2024-10-04,2,30,2,75,6375,255.0,0.0,3888.75,51.75,122.4,0,0,1,1
10773,2025-12-31,4,1,3,22,836,0,0,509.96,27.9,16.72,0,0,1,1
10774,2024-11-12,3,14,2,25,150,0,0,91.5,21.75,3.0,41.25,0,1,2
10775,2024-04-18,3,42,3,61,366,43.92,0.0,223.26,27.15,6.44,0,0,1,1
10776,2025-04-14,1,46,3,77,924,73.92,0.0,563.64,29.55,0,0,1,1,0
10777,2024-11-13,3,33,2,24,144,17.28,0.0,87.84,21.6,2.53,41.0,0,1,2
10778,2025-04-06,2,7,2,48,4080,0,0,2488.8,39.6,0,0,1,1,0
10779,2024-12-21,1,5,1,76,912,72.96,0.0,556.32,29.4,0,0,1,1,0
10780,2025-11-04,4,4,3,35,1330,53.2,0.0,811.3,33.75,0,0,1,1,0
10781,2024-06-05,1,17,1,17,204,0,0,124.44,20.55,4.08,0,0,1,1
10782,2025-11-17,1,15,1,59,708,84.96,0.0,431.88,26.85,12.46,49.75,0,1,2
10783,2024-03-12,1,20,1,10,120,0,0,73.2,19.5,0,0,1,0,0
10784,2024-09-06,4,46,1,89,3382,135.28,0.0,2063.02,58.05,0,0,1,0,0
10785,2025-08-13,1,28,2,78,936,74.88,0.0,570.96,29.7,17.22,54.5,0,1,2
10786,2025-10-03,4,3,1,47,1786,71.44,0.0,1089.46,39.15,0,0,1,1,0
10787,2024-03-07,2,18,1,11,935,112.2,0.0,570.35,22.95,0,0,1,1,0
10788,2025-09-14,2,40,2,94,7990,958.8,0.0,4873.9,60.3,140.62,58.5,0,1,4
10789,2024-06-16,4,31,3,39,1482,177.84,0.0,904.02,35.55,0,0,1,1,0
10790,2025-12-05,3,2,2,76,456,0,0,278.16,29.4,0,0,1,1,0
10791,2024-01-06,2,29,2,42,3570,142.8,0.0,2177.7,36.9,0,0,1,1,0
10792,2024-01-06,1,22,2,67,804,96.48,0.0,490.44,28.05,14.15,51.75,0,1,4
10793,2024-07-02,1,25,3,40,480,19.2,0.0,292.8,24.0,0,0,1,1,0
10794,2025-07-16,4,40,1,54,2052,164.16,0.0,1251.72,42.3,0,0,1,1,0
10795,2025-10-09,2,32,3,81,6885,550.8,0.0,4199.85,54.45,0,0,1,1,0
10796,2024-10-19,4,13,1,32,1216,0,0,741.76,32.4,24.32,0,0,1,1
10797,2024-04-27,3,14,3,83,498,39.84,0.0,303.78,30.45,9.16,55.75,0,1,4
10798,2025-05-17,3,1,3,96,576,69.12,0.0,351.36,32.4,10.14,59.0,0,1,4
10799,2024-09-23,1,40,1,46,552,22.08,0.0,336.72,24.9,0,0,1,1,0
10800,2025-07-01,2,45,3,32,2720,326.4,0.0,1659.2,32.4,47.87,0,0,1,1
10801,2024-10-20,1,25,1,69,828,0,0,505.08,28.35,0,0,1,1,0
10802,2025-06-30,1,16,1,21,252,0,0,153.72,21.15,5.04,0,0,1,1
10803,2024-11-24,4,36,2,82,3116,373.92,0.0,1900.76,54.9,0,0,1,1,0
10804,2024-09-11,2,10,3,29,2465,0,0,1503.65,31.05,49.3,0,0,1,1
10805,2024-04-29,3,1,1,21,126,0,0,76.86,21.15,0,0,1,1,0
10806,2025-07-24,4,29,3,71,2698,323.76,0.0,1645.78,49.95,0,0,1,1,0
10807,2024-07-10,1,43,1,33,396,47.52,0.0,241.56,22.95,0,0,1,1,0
10808,2025-03-12,2,43,3,64,5440,217.6,0.0,3318.4,46.8,0,0,1,1,0
10809,2025-08-13,2,7,3,26,2210,0,0,1348.1,29.7,0,0,1,1,0
10810,2024-03-30,1,46,1,80,960,76.8,0.0,585.6,30.0,0,0,1,1,0
10811,2024-10-13,1,43,1,66,792,0,0,483.12,27.9,0,0,1,1,0
10812,2024-05-25,4,13,3,85,3230,387.6,0.0,1970.3,56.25,56.85,56.25,0,1,2
10813,2024-06-06,2,5,2,69,5865,703.8,0.0,3577.65,49.05,103.22,0,0,1,1
10814,2025-10-18,1,15,3,45,540,43.2,0.0,329.4,24.75,0,0,1,1,0
10815,2025-09-05,4,33,2,39,1482,177.84,0.0,904.02,35.55,0,0,1,1,0
10816,2024-06-04,3,43,1,53,318,25.44,0.0,193.98,25.95,0,0,1,1,0
10817,2024-07-02,3,10,3,55,330,26.4,0.0,201.3,26.25,0,0,1,0,0
10818,2024-06-15,1,6,2,59,708,28.32,0.0,431.88,26.85,0,0,1,1,0
10819,2025-06-01,1,46,2,87,1044,83.52,0.0,636.84,31.05,0,0,1,1,0
10820,2025-05-03,2,48,1,85,7225,578.0,0.0,4407.25,56.25,132.94,0,0,1,1
10821,2025-05-22,3,40,2,51,306,0,0,186.66,25.65,0,0,1,1,0
10822,2025-11-22,4,1,3,53,2014,161.12,0.0,1228.54,41.85,0,0,1,1,0
10823,2025-10-25,1,5,3,87,1044,0,0,636.84,31.05,0,0,1,1,0
10824,2025-08-07,2,45,1,70,5950,476.0,0.0,3629.5,49.5,0,0,1,1,0
10825,2025-09-09,2,33,2,41,3485,418.2,0.0,2125.85,36.45,0,0,1,1,0
10826,2024-10-12,2,44,1,75,6375,510.0,0.0,3888.75,51.75,0,0,1,1,0
10827,2024-10-31,4,42,2,95,3610,288.8,0.0,2202.1,60.75,66.42,0,0,1,1
10828,2025-11-06,2,26,1,33,2805,224.4,0.0,1711.05,32.85,0,0,1,1,0
10829,2025-03-19,1,29,2,31,372,14.88,0.0,226.92,22.65,0,0,1,1,0
10830,2025-08-27,4,15,3,43,1634,0,0,996.74,37.35,0,0,1,1,0
10831,2024-06-30,3,18,1,52,312,12.48,0.0,190.32,25.8,0,0,1,1,0
10832,2024-12-09,3,18,1,53,318,0,0,193.98,25.95,0,0,1,1,0
10833,2024-08-27,3,39,2,96,576,46.08,0.0,351.36,32.4,0,0,1,1,0
10834,2025-02-28,1,11,2,39,468,0,0,285.48,23.85,0,0,1,0,0
10835,2024-05-05,2,48,1,59,5015,601.8,0.0,3059.15,44.55,0,0,1,1,0
10836,2024-07-14,3,20,3,30,180,0,0,109.8,22.5,0,0,1,1,0
10837,2024-09-27,1,28,1,72,864,34.56,0.0,527.04,28.8,16.59,53.0,0,1,2
10838,2025-11-10,2,23,1,35,2975,238.0,0.0,1814.75,33.75,0,0,1,1,0
10839,2025-01-21,3,23,3,81,486,38.88,0.0,296.46,30.15,8.94,55.25,0,1,4
10840,2025-09-24,2,38,1,37,3145,251.6,0.0,1918.45,34.65,0,0,1,1,0
10841,2025-11-10,3,48,2,53,318,0,0,193.98,25.95,6.36,0,0,1,1
10842,2024-10-06,2,34,3,75,6375,255.0,0.0,3888.75,51.75,0,0,1,1,0
10843,2025-04-26,4,33,2,29,1102,44.08,0.0,672.22,31.05,0,0,1,1,0
10844,2024-09-23,4,3,1,85,3230,129.2,0.0,1970.3,56.25,0,0,1,1,0
10845,2024-10-01,1,5,1,99,1188,142.56,0.0,724.68,32.85,0,0,1,1,0
10846,2024-06-17,3,10,3,23,138,0,0,84.18,21.45,2.76,40.75,0,1,2
10847,2025-04-24,3,6,2,43,258,20.64,237.36,157.38,24.45,4.75,45.75,0,0,2
10848,2024-03-27,2,19,2,84,7140,0,0,4355.4,55.8,0,0,1,1,0
10849,2025-07-14,4,28,3,46,1748,209.76,0.0,1066.28,38.7,0,0,1,1,0
10850,2025-09-27,1,6,2,27,324,25.92,0.0,197.64,22.05,0,0,1,1,0
10851,2024-10-24,3,43,2,15,90,3.6,0.0,54.9,20.25,0,0,1,1,0
10852,2024-10-28,4,11,3,98,3724,297.92,0.0,2271.64,62.1,0,0,1,1,0
10853,2024-07-28,3,23,3,68,408,48.96,0.0,248.88,28.2,0,0,1,1,0
10854,2025-08-03,1,42,2,19,228,18.24,0.0,139.08,20.85,0,0,1,1,0
10855,2025-07-16,3,38,1,77,462,55.44,0.0,281.82,29.55,8.13,54.25,0,1,4
10856,2024-07-07,4,3,2,34,1292,0,0,788.12,33.3,0,0,1,1,0
10857,2025-04-17,2,41,1,72,6120,244.8,0.0,3733.2,50.4,117.5,53.0,0,1,2
10858,2024-10-19,1,6,1,39,468,56.16,0.0,285.48,23.85,0,0,1,1,0
10859,2025-04-14,3,6,2,35,210,0,0,128.1,23.25,0,0,1,1,0
10860,2024-01-26,2,11,3,88,7480,299.2,0.0,4562.8,57.6,0,0,1,1,0
10861,2024-07-17,2,13,1,53,4505,360.4,0.0,2748.05,41.85,82.89,48.25,0,1,2
10862,2025-08-02,1,38,2,62,744,29.76,0.0,453.84,27.3,0,0,1,1,0
10863,2024-03-26,2,25,2,58,4930,197.2,4732.8,3007.3,44.1,0,0,1,1,0
10864,2025-05-25,4,42,1,84,3192,255.36,0.0,1947.12,55.8,0,0,1,1,0
10865,2025-03-11,4,46,2,100,3800,456.0,0.0,2318.0,63.0,0,0,1,1,0
10866,2024-03-25,3,21,2,39,234,9.36,0.0,142.74,23.85,4.49,0,0,1,1
10867,2024-03-24,1,41,1,94,1128,135.36,0.0,688.08,32.1,0,0,1,1,0
10868,2025-03-18,1,18,2,33,396,31.68,0.0,241.56,22.95,0,0,1,1,0
10869,2024-12-06,1,23,3,33,396,47.52,0.0,241.56,22.95,0,0,1,1,0
10870,2025-04-30,1,5,2,24,288,11.52,0.0,175.68,21.6,5.53,0,0,1,1
10871,2025-03-08,1,10,1,69,828,33.12,794.88,505.08,28.35,0,0,1,1,0
10872,2025-05-24,1,5,3,26,312,0,0,190.32,21.9,0,0,1,1,0
10873,2024-11-30,4,22,1,70,2660,0,0,1622.6,49.5,0,0,1,0,0
10874,2025-05-10,3,43,3,70,420,50.4,0.0,256.2,28.5,0,0,1,1,0
10875,2024-02-11,4,1,1,62,2356,188.48,0.0,1437.16,45.9,0,0,1,1,0
10876,2024-06-06,4,44,2,94,3572,142.88,0.0,2178.92,60.3,0,0,1,1,0
10877,2025-11-05,1,27,3,65,780,31.2,0.0,475.8,27.75,14.98,0,0,1,1
10878,2025-07-06,3,36,1,77,462,0,0,281.82,29.55,0,0,1,1,0
10879,2025-11-30,1,29,3,91,1092,131.04,0.0,666.12,31.65,0,0,1,1,0
10880,2024-02-24,4,43,3,94,3572,0,0,2178.92,60.3,0,0,1,1,0
10881,2024-12-06,1,23,2,99,1188,0,0,724.68,32.85,0,0,1,1,0
10882,2025-09-14,2,47,1,49,4165,499.8,0.0,2540.65,40.05,0,0,1,1,0
10883,2025-07-01,1,10,3,17,204,16.32,0.0,124.44,20.55,3.75,0,0,1,1
10884,2025-01-22,2,9,2,10,850,34.0,0.0,518.5,22.5,0,0,1,1,0
10885,2024-09-30,3,18,2,83,498,39.84,0.0,303.78,30.45,0,0,1,1,0
10886,2025-06-20,2,13,2,99,8415,0,0,5133.15,62.55,0,0,1,1,0
10887,2024-11-09,1,38,2,89,1068,0,0,651.48,31.35,0,0,1,1,0
10888,2025-02-28,2,12,3,85,7225,867.0,0.0,4407.25,56.25,0,0,1,1,0
10889,2025-08-10,2,14,3,24,2040,163.2,0.0,1244.4,28.8,0,0,1,1,0
10890,2024-12-21,1,40,2,17,204,16.32,0.0,124.44,20.55,0,0,1,1,0
10891,2024-03-13,1,44,3,88,1056,0,0,644.16,31.2,21.12,57.0,0,1,2
10892,2025-11-07,4,15,3,39,1482,59.28,0.0,904.02,35.55,28.45,44.75,0,1,2
10893,2025-01-19,1,3,2,75,900,108.0,0.0,549.0,29.25,0,0,1,1,0
10894,2024-05-05,3,43,2,99,594,0,594,362.34,32.85,0,0,1,1,0
10895,2024-09-29,3,32,3,92,552,22.08,0.0,336.72,31.8,10.6,58.0,0,1,4
10896,2024-08-17,4,40,3,76,2888,115.52,0.0,1761.68,52.2,55.45,0,0,1,1
10897,2024-10-02,1,13,1,43,516,41.28,0.0,314.76,24.45,0,0,1,0,0
10898,2025-07-10,2,44,2,10,850,102.0,0.0,518.5,22.5,0,0,1,1,0
10899,2024-02-08,2,3,1,71,6035,482.8,5552.2,3681.35,49.95,0,0,1,1,0
10900,2024-08-22,3,27,2,34,204,16.32,0.0,124.44,23.1,0,0,1,1,0
10901,2024-03-19,4,34,3,78,2964,237.12,0.0,1808.04,53.1,54.54,54.5,0,1,2
10902,2025-06-14,2,22,3,52,4420,176.8,0.0,2696.2,41.4,0,0,1,1,0
10903,2025-12-03,2,40,3,85,7225,867.0,0.0,4407.25,56.25,0,0,1,1,0
10904,2024-07-05,2,12,2,91,7735,309.4,0.0,4718.35,58.95,0,0,1,1,0
10905,2025-02-02,2,21,3,91,7735,928.2,0.0,4718.35,58.95,0,0,1,1,0
10906,2025-12-12,1,22,3,25,300,12.0,0.0,183.0,21.75,5.76,0,0,1,1
10907,2025-05-31,3,36,1,56,336,0,0,204.96,26.4,6.72,49.0,0,1,2
10908,2025-02-01,2,17,1,59,5015,0,0,3059.15,44.55,0,0,1,1,0
10909,2024-07-27,4,5,2,72,2736,218.88,0.0,1668.96,50.4,0,0,1,1,0
10910,2024-11-09,1,19,3,67,804,64.32,0.0,490.44,28.05,0,0,1,1,0
10911,2025-10-15,4,13,3,86,3268,0,0,1993.48,56.7,65.36,56.5,0,1,2
10912,2024-03-11,2,22,1,73,6205,0,0,3785.05,50.85,0,0,1,1,0
10913,2025-05-20,1,3,2,67,804,32.16,0.0,490.44,28.05,15.44,51.75,0,1,4
10914,2025-02-11,1,43,2,100,1200,144.0,0.0,732.0,33.0,21.12,60.0,0,1,2
10915,2024-03-26,3,23,3,46,276,22.08,0.0,168.36,24.9,5.08,46.5,0,1,2
10916,2025-10-24,4,27,3,80,3040,0,0,1854.4,54.0,60.8,55.0,0,1,4
10917,2024-09-22,3,3,1,56,336,40.32,0.0,204.96,26.4,0,0,1,1,0
10918,2025-05-27,2,6,3,42,3570,0,0,2177.7,36.9,71.4,45.5,0,1,2
10919,2024-04-28,2,24,1,16,1360,163.2,0.0,829.6,25.2,23.94,0,0,1,1
10920,2025-09-17,3,7,3,25,150,18.0,0.0,91.5,21.75,0,0,1,1,0
10921,2024-09-07,1,1,1,80,960,38.4,0.0,585.6,30.0,18.43,0,0,1,1
10922,2024-07-27,4,21,3,37,1406,56.24,0.0,857.66,34.65,27.0,0,0,1,1
10923,2025-01-15,2,2,3,45,3825,459.0,0.0,2333.25,38.25,0,0,1,1,0
10924,2024-11-28,3,14,3,59,354,14.16,339.84,215.94,26.85,6.8,0,0,1,1
10925,2025-01-24,4,26,1,62,2356,94.24,0.0,1437.16,45.9,0,0,1,1,0
10926,2025-06-07,4,7,1,54,2052,82.08,0.0,1251.72,42.3,39.4,48.5,0,1,2
10927,2024-11-20,2,38,2,20,1700,0,0,1037.0,27.0,0,0,1,1,0
10928,2024-07-02,4,45,2,25,950,38.0,912.0,579.5,29.25,0,0,1,1,0
10929,2025-06-29,3,20,3,84,504,20.16,0.0,307.44,30.6,9.68,0,0,1,1
10930,2024-07-02,3,41,2,57,342,13.68,0.0,208.62,26.55,0,0,1,1,0
10931,2025-06-23,3,45,1,72,432,17.28,0.0,263.52,28.8,0,0,1,1,0
10932,2025-02-20,2,25,3,67,5695,683.4,0.0,3473.95,48.15,100.23,0,0,1,1
10933,2024-12-14,2,9,1,82,6970,0,0,4251.7,54.9,0,0,1,1,0
10934,2024-05-30,2,5,2,64,5440,652.8,0.0,3318.4,46.8,0,0,1,1,0
10935,2024-05-25,1,48,1,32,384,30.72,0.0,234.24,22.8,0,0,1,1,0
10936,2024-02-16,4,1,3,26,988,118.56,0.0,602.68,29.7,17.39,0,0,1,1
10937,2025-09-23,3,38,1,51,306,12.24,0.0,186.66,25.65,0,0,1,1,0
10938,2024-09-19,2,34,1,81,6885,826.2,0.0,4199.85,54.45,0,0,1,1,0
10939,2025-07-08,1,7,1,71,852,102.24,0.0,519.72,28.65,15.0,52.75,0,1,2
10940,2025-04-14,3,13,2,91,546,0,0,333.06,31.65,0,0,1,1,0
10941,2025-05-12,2,16,3,81,6885,0,0,4199.85,54.45,137.7,0,0,1,1
10942,2024-06-22,3,28,1,15,90,7.2,0.0,54.9,20.25,0,0,1,1,0
10943,2024-01-15,3,35,1,51,306,24.48,0.0,186.66,25.65,5.63,0,0,1,1
10944,2025-08-25,1,22,1,73,876,0,0,534.36,28.95,0,0,1,1,0
10945,2024-02-29,3,45,3,84,504,20.16,0.0,307.44,30.6,9.68,0,0,1,1
10946,2025-08-04,2,15,3,42,3570,285.6,0.0,2177.7,36.9,65.69,45.5,0,1,2
10947,2025-04-20,4,44,3,32,1216,0,0,741.76,32.4,0,0,1,1,0
10948,2025-09-09,1,11,3,84,1008,0,0,614.88,30.6,20.16,0,0,1,1
10949,2024-08-01,3,39,1,69,414,33.12,0.0,252.54,28.35,0,0,1,1,0
10950,2024-10-19,3,17,1,30,180,0,0,109.8,22.5,0,0,1,1,0
10951,2025-10-09,1,46,1,54,648,25.92,0.0,395.28,26.1,0,0,1,1,0
10952,2024-03-01,1,23,2,22,264,0,0,161.04,21.3,0,0,1,1,0
10953,2025-07-26,1,34,2,25,300,24.0,0.0,183.0,21.75,0,0,1,1,0
10954,2025-11-28,3,40,1,53,318,0,0,193.98,25.95,0,0,1,1,0
10955,2025-10-24,1,34,1,36,432,51.84,0.0,263.52,23.4,0,0,1,1,0
10956,2024-01-24,2,12,3,55,4675,374.0,0.0,2851.75,42.75,86.02,0,0,1,1
10957,2024-04-30,4,32,2,53,2014,241.68,0.0,1228.54,41.85,0,0,1,1,0
10958,2024-01-21,1,37,3,15,180,14.4,0.0,109.8,20.25,0,0,1,1,0
10959,2024-05-20,4,42,2,43,1634,65.36,1568.64,996.74,37.35,0,0,1,1,0
10960,2025-12-02,1,23,3,94,1128,90.24,0.0,688.08,32.1,20.76,0,0,1,1
10961,2025-03-23,2,34,2,23,1955,78.2,0.0,1192.55,28.35,0,0,1,1,0
10962,2024-12-24,4,9,3,98,3724,297.92,0.0,2271.64,62.1,0,0,1,1,0
10963,2024-04-22,1,10,1,90,1080,129.6,0.0,658.8,31.5,19.01,57.5,0,1,2
10964,2024-07-14,2,39,3,55,4675,561.0,0.0,2851.75,42.75,0,0,1,1,0
10965,2024-06-14,1,10,3,31,372,29.76,0.0,226.92,22.65,0,0,1,1,0
10966,2024-09-17,3,35,2,85,510,20.4,0.0,311.1,30.75,0,0,1,1,0
10967,2024-09-06,2,39,1,51,4335,520.2,0.0,2644.35,40.95,0,0,1,1,0
10968,2024-02-17,4,24,2,70,2660,212.8,2447.2,1622.6,49.5,0,0,1,1,0
10969,2025-03-16,3,1,2,57,342,0,0,208.62,26.55,0,0,1,1,0
10970,2025-05-05,2,1,1,37,3145,125.8,0.0,1918.45,34.65,0,0,1,1,0
10971,2025-06-23,2,45,3,84,7140,571.2,0.0,4355.4,55.8,131.38,0,0,1,1
10972,2025-04-19,3,11,2,17,102,0,0,62.22,20.55,2.04,0,0,1,1
10973,2024-12-21,3,30,1,47,282,11.28,0.0,172.02,25.05,0,0,1,1,0
10974,2024-07-04,3,37,3,75,450,54.0,0.0,274.5,29.25,0,0,1,1,0
10975,2024-01-07,2,16,1,18,1530,0,0,933.3,26.1,0,0,1,1,0
10976,2024-01-02,1,11,2,82,984,39.36,0.0,600.24,30.3,0,0,1,1,0
10977,2024-10-18,4,7,2,67,2546,101.84,0.0,1553.06,48.15,0,0,1,1,0
10978,2024-09-19,4,47,3,41,1558,62.32,0.0,950.38,36.45,29.91,0,0,1,1
10979,2024-11-09,4,23,1,73,2774,0,2774,1692.14,50.85,0,0,1,1,0
10980,2024-01-04,3,28,3,53,318,12.72,0.0,193.98,25.95,0,0,1,1,0
10981,2025-04-18,4,42,3,95,3610,288.8,0.0,2202.1,60.75,0,0,1,1,0
10982,2024-07-20,2,9,2,78,6630,795.6,0.0,4044.3,53.1,116.69,54.5,0,1,4
10983,2024-02-05,2,6,2,47,3995,319.6,0.0,2436.95,39.15,0,0,1,1,0
10984,2024-11-09,1,35,2,58,696,0,0,424.56,26.7,0,0,1,1,0
10985,2025-04-24,4,18,2,74,2812,224.96,0.0,1715.32,51.3,0,0,1,1,0
10986,2025-05-29,3,37,2,14,84,3.36,0.0,51.24,20.1,1.61,38.5,0,1,2
10987,2024-05-09,3,19,3,50,300,12.0,0.0,183.0,25.5,5.76,0,0,1,1
10988,2025-09-11,3,16,3,15,90,10.8,0.0,54.9,20.25,1.58,0,0,1,1
10989,2025-08-12,2,3,1,70,5950,238.0,0.0,3629.5,49.5,114.24,0,0,1,1
10990,2024-09-06,4,13,1,10,380,30.4,0.0,231.8,22.5,0,0,1,1,0
10991,2025-08-11,2,30,2,68,5780,0,0,3525.8,48.6,115.6,0,0,1,1
10992,2025-07-31,4,5,1,74,2812,0,0,1715.32,51.3,0,0,1,1,0
10993,2025-06-12,4,12,2,18,684,27.36,0.0,417.24,26.1,13.13,39.5,0,1,2
10994,2024-05-03,1,19,2,19,228,18.24,0.0,139.08,20.85,0,0,1,1,0
10995,2025-04-29,4,43,3,32,1216,145.92,0.0,741.76,32.4,0,0,1,1,0
10996,2025-04-29,3,34,2,56,336,0,0,204.96,26.4,0,0,1,1,0
10997,2025-05-30,2,4,2,69,5865,234.6,0.0,3577.65,49.05,0,0,1,1,0
10998,2025-12-28,4,17,3,76,2888,346.56,0.0,1761.68,52.2,50.83,54.0,0,1,2
10999,2025-05-30,4,19,3,65,2470,197.6,0.0,1506.7,47.25,0,0,1,1,0
11000,2025-02-14,2,19,1,71,6035,724.2,5310.8,3681.35,49.95,106.22,52.75,0,1,4
11001,2024-07-30,4,12,1,44,1672,66.88,0.0,1019.92,37.8,0,0,1,1,0
11002,2024-12-03,4,15,2,97,3686,0,0,2248.46,61.65,0,0,1,1,0
11003,2024-04-27,1,7,2,72,864,0,0,527.04,28.8,17.28,53.0,0,1,2
11004,2024-12-19,1,4,3,86,1032,41.28,0.0,629.52,30.9,19.81,56.5,0,1,2
11005,2024-08-28,1,18,3,22,264,10.56,0.0,161.04,21.3,0,0,1,1,0
11006,2024-05-31,1,7,2,65,780,31.2,0.0,475.8,27.75,0,0,1,1,0
11007,2024-09-10,4,10,1,67,2546,203.68,0.0,1553.06,48.15,0,0,1,1,0
11008,2025-10-25,4,42,3,27,1026,82.08,0.0,625.86,30.15,0,0,1,1,0
11009,2024-11-16,1,43,1,57,684,27.36,0.0,417.24,26.55,0,0,1,1,0
11010,2025-10-04,2,11,1,46,3910,469.2,0.0,2385.1,38.7,0,0,1,1,0
11011,2025-10-25,3,17,2,87,522,41.76,0.0,318.42,31.05,9.6,0,0,1,1
11012,2024-04-06,3,10,3,49,294,11.76,0.0,179.34,25.35,0,0,1,1,0
11013,2024-01-19,1,19,3,99,1188,0,0,724.68,32.85,23.76,0,0,1,1
11014,2025-10-19,3,2,1,85,510,20.4,0.0,311.1,30.75,0,0,1,1,0
11015,2024-01-16,4,20,2,28,1064,0,0,649.04,30.6,0,0,1,1,0
11016,2024-01-06,4,39,3,14,532,42.56,0.0,324.52,24.3,9.79,0,0,1,1
11017,2024-08-15,4,9,2,52,1976,158.08,0.0,1205.36,41.4,0,0,1,1,0
11018,2024-07-15,4,34,3,44,1672,66.88,0.0,1019.92,37.8,32.1,0,0,1,1
11019,2025-01-31,4,35,3,100,3800,304.0,0.0,2318.0,63.0,69.92,60.0,0,1,2
11020,2024-05-02,1,7,2,47,564,0,0,344.04,25.05,0,0,1,1,0
11021,2024-08-23,1,26,3,34,408,48.96,0.0,248.88,23.1,0,0,1,1,0
11022,2024-11-25,1,37,3,60,720,28.8,0.0,439.2,27.0,0,0,1,1,0
11023,2025-03-14,4,22,1,100,3800,304.0,0.0,2318.0,63.0,0,0,1,1,0
11024,2024-04-21,3,26,2,58,348,13.92,0.0,212.28,26.7,0,0,1,1,0
11025,2024-06-05,4,7,2,91,3458,276.64,0.0,2109.38,58.95,63.63,0,0,1,1
11026,2024-02-16,1,34,2,59,708,0,0,431.88,26.85,0,0,1,1,0
11027,2025-12-05,3,30,3,66,396,0,0,241.56,27.9,7.92,0,0,1,1
11028,2025-05-02,4,36,1,89,3382,135.28,0.0,2063.02,58.05,64.93,57.25,0,1,2
11029,2024-08-06,4,29,1,43,1634,196.08,0.0,996.74,37.35,0,0,1,1,0
11030,2024-01-01,2,1,3,11,935,37.4,0.0,570.35,22.95,0,0,1,1,0
11031,2025-06-02,2,2,2,22,1870,74.8,0.0,1140.7,27.9,0,0,1,1,0
11032,2024-12-24,1,16,1,39,468,0,0,285.48,23.85,0,0,1,1,0
11033,2024-01-14,2,28,2,21,1785,0,0,1088.85,27.45,0,0,1,1,0
11034,2024-03-05,1,1,1,91,1092,0,0,666.12,31.65,0,0,1,1,0
11035,2025-11-06,1,23,3,83,996,79.68,0.0,607.56,30.45,18.33,55.75,0,1,2
11036,2024-03-01,2,14,1,58,4930,394.4,0.0,3007.3,44.1,0,0,1,1,0
11037,2025-04-15,1,29,3,15,180,21.6,0.0,109.8,20.25,0,0,1,1,0
11038,2024-12-16,1,17,1,60,720,57.6,0.0,439.2,27.0,0,0,1,1,0
11039,2024-11-03,4,36,3,91,3458,276.64,0.0,2109.38,58.95,0,0,1,1,0
11040,2025-12-11,4,26,2,78,2964,0,0,1808.04,53.1,0,0,1,1,0
11041,2025-02-13,2,20,2,82,6970,836.4,0.0,4251.7,54.9,0,0,1,1,0
11042,2024-02-27,1,31,2,32,384,15.36,0.0,234.24,22.8,0,0,1,1,0
11043,2025-03-28,2,6,3,76,6460,516.8,0.0,3940.6,52.2,118.86,0,0,1,1
11044,2024-08-31,4,42,3,73,2774,332.88,0.0,1692.14,50.85,0,0,1,1,0
11045,2025-05-14,3,8,1,39,234,28.08,0.0,142.74,23.85,0,0,1,1,0
11046,2025-03-09,3,35,2,66,396,31.68,0.0,241.56,27.9,0,0,1,1,0
11047,2024-06-25,3,10,2,79,474,37.92,0.0,289.14,29.85,0,0,1,1,0
11048,2024-05-26,3,38,2,44,264,31.68,0.0,161.04,24.6,0,0,1,1,0
11049,2024-11-16,2,18,2,91,7735,309.4,0.0,4718.35,58.95,0,0,1,1,0
11050,2024-04-25,2,3,1,81,6885,0,0,4199.85,54.45,0,0,1,1,0
11051,2024-11-17,2,24,3,55,4675,561.0,0.0,2851.75,42.75,0,0,1,1,0
11052,2024-03-22,4,13,2,17,646,25.84,0.0,394.06,25.65,0,0,1,1,0
11053,2024-11-29,2,14,2,37,3145,251.6,0.0,1918.45,34.65,0,0,1,1,0
11054,2024-04-17,3,32,1,81,486,0,0,296.46,30.15,0,0,1,1,0
11055,2024-06-08,2,24,2,35,2975,357.0,0.0,1814.75,33.75,52.36,0,0,1,1
11056,2025-03-29,3,10,2,82,492,39.36,0.0,300.12,30.3,0,0,1,0,0
11057,2025-09-07,1,7,1,51,612,0,0,373.32,25.65,12.24,0,0,1,1
11058,2025-06-03,2,5,2,53,4505,540.6,0.0,2748.05,41.85,0,0,1,1,0
11059,2024-07-26,2,33,1,38,3230,258.4,0.0,1970.3,35.1,0,0,1,1,0
11060,2024-08-25,3,6,3,47,282,33.84,0.0,172.02,25.05,4.96,46.75,0,1,2
11061,2025-06-20,2,31,3,52,4420,0,0,2696.2,41.4,88.4,0,0,1,1
11062,2025-03-30,4,18,2,95,3610,288.8,0.0,2202.1,60.75,0,0,1,1,0
11063,2025-01-07,4,28,2,22,836,0,0,509.96,27.9,0,0,1,1,0
11064,2025-05-22,1,41,2,42,504,20.16,0.0,307.44,24.3,0,0,1,1,0
11065,2025-04-04,3,18,3,65,390,46.8,0.0,237.9,27.75,6.86,51.25,0,1,2
11066,2024-11-18,3,26,2,98,588,47.04,0.0,358.68,32.7,10.82,0,0,1,1
11067,2025-09-05,3,37,1,100,600,0,0,366.0,33.0,12.0,0,0,1,1
11068,2024-10-24,2,20,2,99,8415,336.6,0.0,5133.15,62.55,0,0,1,1,0
11069,2025-07-17,3,45,2,69,414,16.56,0.0,252.54,28.35,0,0,1,1,0
11070,2024-12-20,2,48,3,90,7650,0,0,4666.5,58.5,0,0,1,1,0
11071,2025-12-08,4,12,1,59,2242,89.68,0.0,1367.62,44.55,0,0,1,1,0
11072,2024-03-28,4,31,2,47,1786,142.88,0.0,1089.46,39.15,0,0,1,0,0
11073,2024-12-12,2,8,3,48,4080,163.2,0.0,2488.8,39.6,78.34,0,0,1,1
11074,2025-01-25,3,12,2,36,216,8.64,0.0,131.76,23.4,0,0,1,1,0
11075,2024-09-11,3,12,1,78,468,0,0,285.48,29.7,0,0,1,1,0
11076,2025-06-17,2,40,3,19,1615,64.6,0.0,985.15,26.55,0,0,1,1,0
11077,2024-03-08,2,41,3,33,2805,224.4,0.0,1711.05,32.85,0,0,1,1,0
11078,2024-12-08,3,2,1,81,486,0,0,296.46,30.15,0,0,1,1,0
11079,2025-05-27,3,21,3,87,522,20.88,0.0,318.42,31.05,10.02,0,0,1,1
11080,2025-06-09,3,40,2,92,552,66.24,0.0,336.72,31.8,0,0,1,1,0
11081,2024-09-19,3,13,2,92,552,0,552,336.72,31.8,0,0,1,1,0
11082,2025-07-02,1,34,3,17,204,8.16,0.0,124.44,20.55,0,0,1,1,0
11083,2025-08-04,2,9,2,82,6970,0,0,4251.7,54.9,0,0,1,1,0
11084,2024-03-02,4,31,3,11,418,33.44,0.0,254.98,22.95,0,0,1,1,0
11085,2025-05-03,3,16,1,21,126,10.08,0.0,76.86,21.15,0,0,1,1,0
11086,2025-12-23,3,19,1,51,306,36.72,0.0,186.66,25.65,0,0,1,1,0
11087,2025-11-05,2,21,3,29,2465,98.6,0.0,1503.65,31.05,47.33,0,0,1,1
11088,2024-02-25,3,43,2,81,486,38.88,0.0,296.46,30.15,0,0,1,1,0
11089,2025-01-26,1,9,1,24,288,34.56,0.0,175.68,21.6,0,0,1,0,0
11090,2024-09-18,1,48,2,57,684,0,0,417.24,26.55,0,0,1,1,0
11091,2025-12-08,3,11,1,65,390,31.2,0.0,237.9,27.75,0,0,1,1,0
11092,2024-12-09,2,10,3,40,3400,272.0,0.0,2074.0,36.0,0,0,1,1,0
11093,2024-04-30,1,12,1,80,960,0,0,585.6,30.0,0,0,1,1,0
11094,2024-09-12,3,32,2,87,522,41.76,0.0,318.42,31.05,9.6,56.75,0,1,2
11095,2025-08-27,2,2,3,90,7650,306.0,0.0,4666.5,58.5,0,0,1,1,0
11096,2024-01-09,3,29,3,14,84,3.36,0.0,51.24,20.1,0,0,1,1,0
11097,2024-06-20,2,30,3,82,6970,557.6,0.0,4251.7,54.9,128.25,0,0,1,1
11098,2024-11-05,4,39,1,59,2242,179.36,0.0,1367.62,44.55,0,0,1,1,0
11099,2024-05-10,3,19,2,57,342,0,0,208.62,26.55,0,0,1,1,0
11100,2024-09-17,3,34,1,29,174,6.96,0.0,106.14,22.35,0,0,1,1,0
11101,2024-11-30,1,17,1,68,816,65.28,0.0,497.76,28.2,0,0,1,1,0
11102,2025-11-06,4,25,3,54,2052,164.16,0.0,1251.72,42.3,37.76,0,0,1,1
11103,2024-07-05,4,31,3,37,1406,112.48,1293.52,857.66,34.65,0,0,1,1,0
11104,2024-08-30,1,19,3,44,528,42.24,0.0,322.08,24.6,0,0,1,1,0
11105,2025-12-07,4,5,2,48,1824,72.96,0.0,1112.64,39.6,0,0,1,1,0
11106,2025-04-06,1,39,1,95,1140,91.2,0.0,695.4,32.25,20.98,58.75,0,1,4
11107,2025-03-27,4,9,3,62,2356,188.48,0.0,1437.16,45.9,43.35,0,0,1,1
11108,2025-10-14,3,39,1,73,438,0,0,267.18,28.95,0,0,1,1,0
11109,2024-03-06,2,8,1,27,2295,91.8,0.0,1399.95,30.15,0,0,1,1,0
11110,2024-05-05,1,47,3,42,504,20.16,0.0,307.44,24.3,0,0,1,1,0
11111,2025-05-28,1,22,3,92,1104,0,0,673.44,31.8,22.08,0,0,1,1
11112,2024-12-28,3,37,1,96,576,46.08,0.0,351.36,32.4,0,0,1,1,0
11113,2025-06-09,1,19,1,88,1056,84.48,0.0,644.16,31.2,0,0,1,1,0
11114,2024-12-27,4,30,1,95,3610,433.2,0.0,2202.1,60.75,0,0,1,1,0
11115,2024-03-13,3,2,3,26,156,12.48,0.0,95.16,21.9,2.87,41.5,0,1,4
11116,2025-03-10,4,18,1,24,912,36.48,0.0,556.32,28.8,0,0,1,1,0
11117,2025-09-28,1,19,3,17,204,8.16,0.0,124.44,20.55,0,0,1,1,0
11118,2024-08-29,2,21,2,54,4590,183.6,0.0,2799.9,42.3,0,0,1,1,0
11119,2025-06-02,4,33,1,13,494,39.52,0.0,301.34,23.85,0,0,1,1,0
11120,2024-10-28,3,30,3,16,96,3.84,0.0,58.56,20.4,0,0,1,0,0
11121,2024-06-04,2,44,3,33,2805,336.6,0.0,1711.05,32.85,0,0,1,1,0
11122,2024-03-14,4,45,3,62,2356,188.48,0.0,1437.16,45.9,0,0,1,1,0
11123,2025-10-11,2,24,1,80,6800,272.0,0.0,4148.0,54.0,130.56,0,0,1,1
11124,2025-12-18,1,35,1,45,540,21.6,0.0,329.4,24.75,0,0,1,1,0
11125,2024-08-01,1,16,2,63,756,0,0,461.16,27.45,0,0,1,1,0
11126,2024-08-09,2,38,1,73,6205,248.2,0.0,3785.05,50.85,119.14,0,0,0,1
11127,2025-03-19,2,44,3,51,4335,520.2,0.0,2644.35,40.95,76.3,0,0,1,1
11128,2024-10-22,3,25,1,68,408,32.64,0.0,248.88,28.2,0,0,1,1,0
11129,2025-05-01,4,34,3,54,2052,82.08,0.0,1251.72,42.3,39.4,48.5,0,1,2
11130,2025-07-30,2,34,3,71,6035,724.2,5310.8,3681.35,49.95,106.22,52.75,0,1,4
11131,2024-02-05,1,41,2,87,1044,125.28,0.0,636.84,31.05,0,0,1,1,0
11132,2025-11-01,4,34,1,80,3040,121.6,0.0,1854.4,54.0,58.37,55.0,0,1,2
11133,2025-04-07,2,5,3,96,8160,326.4,0.0,4977.6,61.2,0,0,1,1,0
11134,2025-02-20,2,28,1,44,3740,149.6,0.0,2281.4,37.8,0,0,1,1,0
11135,2024-05-05,3,46,3,50,300,12.0,0.0,183.0,25.5,5.76,47.5,0,1,2
11136,2024-10-14,4,28,3,84,3192,0,0,1947.12,55.8,0,0,1,1,0
11137,2025-04-19,4,33,1,22,836,33.44,0.0,509.96,27.9,0,0,1,1,0
11138,2024-08-29,2,40,2,63,5355,0,0,3266.55,46.35,0,0,1,1,0
11139,2024-08-30,4,1,2,27,1026,82.08,0.0,625.86,30.15,0,0,1,1,0
11140,2024-08-12,2,1,1,30,2550,204.0,0.0,1555.5,31.5,0,0,1,1,0
11141,2025-09-04,4,16,2,46,1748,209.76,0.0,1066.28,38.7,0,0,1,1,0
11142,2024-12-20,1,22,1,47,564,45.12,0.0,344.04,25.05,0,0,1,1,0
11143,2024-11-05,4,22,3,16,608,72.96,0.0,370.88,25.2,0,0,1,1,0
11144,2025-09-30,2,29,2,90,7650,612.0,0.0,4666.5,58.5,0,0,1,1,0
11145,2024-09-02,4,4,1,24,912,72.96,839.04,556.32,28.8,0,0,1,0,0
11146,2024-11-18,4,5,3,22,836,0,0,509.96,27.9,0,0,1,1,0
11147,2025-10-16,4,9,1,51,1938,0,0,1182.18,40.95,0,0,1,1,0
11148,2024-12-10,3,39,1,50,300,36.0,0.0,183.0,25.5,0,0,1,0,0
11149,2024-03-16,4,6,3,75,2850,114.0,0.0,1738.5,51.75,0,0,1,0,0
11150,2024-06-29,2,42,1,89,7565,907.8,0.0,4614.65,58.05,0,0,1,1,0
11151,2024-07-07,4,17,3,19,722,28.88,0.0,440.42,26.55,0,0,1,0,0
11152,2025-06-02,4,28,3,24,912,72.96,0.0,556.32,28.8,0,0,1,1,0
11153,2024-07-31,1,28,2,37,444,53.28,0.0,270.84,23.55,0,0,1,1,0
11154,2025-08-04,2,25,2,75,6375,765.0,0.0,3888.75,51.75,0,0,1,1,0
11155,2024-02-03,1,43,2,57,684,82.08,0.0,417.24,26.55,0,0,1,1,0
11156,2025-04-12,2,9,3,63,5355,0,0,3266.55,46.35,0,0,1,1,0
11157,2025-01-13,1,14,1,91,1092,131.04,0.0,666.12,31.65,19.22,0,0,1,1
11158,2025-10-19,3,5,2,82,492,39.36,0.0,300.12,30.3,0,0,1,1,0
11159,2025-11-30,4,14,2,32,1216,48.64,0.0,741.76,32.4,0,0,1,1,0
11160,2024-04-02,4,27,3,89,3382,270.56,0.0,2063.02,58.05,62.23,0,0,1,1
11161,2024-10-16,1,34,3,94,1128,45.12,0.0,688.08,32.1,0,0,1,1,0
11162,2025-12-14,2,3,2,93,7905,632.4,0.0,4822.05,59.85,0,0,1,1,0
11163,2024-10-14,3,26,3,25,150,0,0,91.5,21.75,0,0,1,1,0
11164,2024-04-26,3,18,2,62,372,14.88,0.0,226.92,27.3,0,0,1,1,0
11165,2024-07-25,4,29,3,23,874,69.92,0.0,533.14,28.35,0,0,1,1,0
11166,2025-03-14,1,2,3,84,1008,120.96,0.0,614.88,30.6,17.74,0,0,1,1
11167,2024-02-09,2,30,1,78,6630,0,0,4044.3,53.1,0,0,1,1,0
11168,2025-02-12,2,24,2,45,3825,153.0,0.0,2333.25,38.25,73.44,0,0,1,1
11169,2024-03-18,1,4,3,28,336,13.44,322.56,204.96,22.2,0,0,1,1,0
11170,2025-09-26,3,11,2,23,138,16.56,0.0,84.18,21.45,2.43,0,0,1,1
11171,2024-04-17,4,15,3,88,3344,267.52,0.0,2039.84,57.6,61.53,0,0,1,1
11172,2025-10-31,1,46,1,42,504,60.48,0.0,307.44,24.3,8.87,0,0,1,1
11173,2025-06-24,2,14,1,52,4420,353.6,0.0,2696.2,41.4,81.33,0,0,1,1
11174,2024-07-08,4,47,3,25,950,0,0,579.5,29.25,0,0,1,1,0
11175,2024-05-08,1,17,2,64,768,92.16,0.0,468.48,27.6,0,0,1,1,0
11176,2025-12-11,3,40,2,96,576,69.12,0.0,351.36,32.4,0,0,1,1,0
11177,2024-02-25,3,17,2,59,354,42.48,0.0,215.94,26.85,0,0,1,1,0
11178,2025-08-30,1,12,1,94,1128,45.12,0.0,688.08,32.1,0,0,1,1,0
11179,2024-07-27,2,33,1,70,5950,476.0,0.0,3629.5,49.5,0,0,1,1,0
11180,2024-03-14,3,13,2,75,450,36.0,414.0,274.5,29.25,0,0,1,1,0
11181,2024-04-16,3,48,3,57,342,27.36,0.0,208.62,26.55,6.29,0,0,1,1
11182,2025-07-03,4,44,3,90,3420,136.8,0.0,2086.2,58.5,65.66,57.5,0,1,4
11183,2025-07-22,1,7,2,38,456,18.24,0.0,278.16,23.7,0,0,1,1,0
11184,2024-07-11,1,3,3,71,852,34.08,0.0,519.72,28.65,0,0,1,1,0
11185,2024-11-15,3,11,1,79,474,18.96,0.0,289.14,29.85,0,0,1,1,0
11186,2025-02-21,2,8,1,76,6460,516.8,0.0,3940.6,52.2,0,0,1,1,0
11187,2025-08-02,2,11,2,47,3995,479.4,0.0,2436.95,39.15,0,0,1,1,0
11188,2025-02-08,4,6,2,97,3686,0,0,2248.46,61.65,0,0,1,1,0
11189,2024-04-05,3,2,1,17,102,0,0,62.22,20.55,2.04,0,0,1,1
11190,2025-05-19,2,13,3,21,1785,214.2,0.0,1088.85,27.45,0,0,1,1,0
11191,2024-01-26,1,32,1,100,1200,48.0,0.0,732.0,33.0,0,0,1,1,0
11192,2025-03-23,1,27,1,26,312,24.96,0.0,190.32,21.9,0,0,1,1,0
11193,2024-05-09,3,27,1,97,582,46.56,0.0,355.02,32.55,0,0,1,1,0
11194,2024-06-01,3,20,3,70,420,16.8,0.0,256.2,28.5,8.06,52.5,0,1,2
11195,2024-01-12,3,7,2,88,528,0,0,322.08,31.2,0,0,1,1,0
11196,2025-04-21,3,37,2,37,222,0,0,135.42,23.55,0,0,1,1,0
11197,2025-04-20,2,13,1,67,5695,0,0,3473.95,48.15,0,0,1,1,0
11198,2024-05-21,1,32,3,87,1044,83.52,0.0,636.84,31.05,0,0,1,1,0
11199,2024-06-05,3,37,1,57,342,13.68,0.0,208.62,26.55,0,0,1,1,0
11200,2024-02-20,3,10,1,79,474,56.88,0.0,289.14,29.85,0,0,1,1,0
11201,2024-10-28,4,31,2,91,3458,0,0,2109.38,58.95,0,0,1,1,0
11202,2024-03-19,1,19,1,56,672,53.76,0.0,409.92,26.4,0,0,1,1,0
11203,2025-05-19,2,8,3,73,6205,0,0,3785.05,50.85,0,0,1,1,0
11204,2024-04-18,3,28,1,38,228,9.12,0.0,139.08,23.7,0,0,1,1,0
11205,2024-02-28,2,29,1,57,4845,581.4,4263.6,2955.45,43.65,0,0,1,1,0
11206,2025-03-14,3,27,1,10,60,7.2,0.0,36.6,19.5,0,0,1,1,0
11207,2024-06-15,2,41,1,54,4590,0,0,2799.9,42.3,91.8,0,0,1,1
11208,2025-08-28,4,1,3,69,2622,0,0,1599.42,49.05,0,0,1,1,0
11209,2024-07-06,4,13,1,66,2508,100.32,0.0,1529.88,47.7,0,0,1,1,0
11210,2024-07-20,3,28,1,73,438,0,0,267.18,28.95,0,0,1,1,0
11211,2025-10-23,3,4,2,97,582,69.84,0.0,355.02,32.55,0,0,1,1,0
11212,2025-07-22,1,10,3,11,132,15.84,0.0,80.52,19.65,0,0,1,1,0
11213,2025-09-27,3,38,3,38,228,0,0,139.08,23.7,0,0,1,1,0
11214,2025-08-06,3,4,1,84,504,40.32,0.0,307.44,30.6,0,0,1,1,0
11215,2025-04-09,2,16,2,61,5185,207.4,0.0,3162.85,45.45,0,0,1,1,0
11216,2025-04-05,1,37,1,26,312,24.96,0.0,190.32,21.9,5.74,41.5,0,1,2
11217,2024-08-13,1,31,2,43,516,0,516,314.76,24.45,10.32,0,0,1,1
11218,2025-04-10,2,20,3,99,8415,673.2,0.0,5133.15,62.55,0,0,1,1,0
11219,2024-10-28,4,31,2,71,2698,323.76,0.0,1645.78,49.95,0,0,1,1,0
11220,2024-08-08,3,18,1,60,360,0,0,219.6,27.0,0,0,1,1,0
11221,2024-04-16,4,36,1,30,1140,45.6,0.0,695.4,31.5,21.89,0,0,1,1
11222,2025-01-02,1,18,2,52,624,49.92,0.0,380.64,25.8,0,0,1,1,0
11223,2025-12-18,2,8,3,14,1190,0,0,725.9,24.3,23.8,0,0,1,1
11224,2025-05-31,3,6,2,52,312,24.96,0.0,190.32,25.8,0,0,1,1,0
11225,2024-10-15,3,21,3,56,336,40.32,0.0,204.96,26.4,5.91,49.0,0,1,4
11226,2024-05-04,1,7,2,42,504,0,0,307.44,24.3,0,0,1,1,0
11227,2025-12-31,4,20,1,68,2584,310.08,0.0,1576.24,48.6,0,0,1,1,0
11228,2025-10-02,3,4,2,24,144,17.28,0.0,87.84,21.6,2.53,0,0,1,1
11229,2024-12-03,2,29,3,92,7820,625.6,0.0,4770.2,59.4,143.89,0,0,1,1
11230,2024-01-08,4,4,1,89,3382,0,0,2063.02,58.05,0,0,1,1,0
11231,2025-07-10,3,47,2,73,438,35.04,0.0,267.18,28.95,0,0,1,1,0
11232,2024-07-07,1,46,3,87,1044,83.52,0.0,636.84,31.05,0,0,1,1,0
11233,2025-07-27,2,7,2,37,3145,251.6,0.0,1918.45,34.65,0,0,1,1,0
11234,2024-02-03,4,13,3,42,1596,0,0,973.56,36.9,31.92,45.5,0,1,2
11235,2024-05-26,2,11,2,12,1020,81.6,0.0,622.2,23.4,18.77,0,0,1,1
11236,2024-07-15,4,28,1,47,1786,71.44,0.0,1089.46,39.15,0,0,1,1,0
11237,2024-09-21,1,46,3,78,936,37.44,0.0,570.96,29.7,17.97,0,0,1,1
11238,2024-07-11,1,38,1,34,408,0,0,248.88,23.1,0,0,1,1,0
11239,2024-04-07,1,16,1,50,600,72.0,0.0,366.0,25.5,0,0,1,1,0
11240,2024-06-21,1,32,1,56,672,26.88,0.0,409.92,26.4,12.9,0,0,1,1
11241,2024-09-01,4,20,1,51,1938,232.56,0.0,1182.18,40.95,0,0,1,1,0
11242,2025-02-25,2,5,1,74,6290,754.8,0.0,3836.9,51.3,110.7,53.5,0,1,2
11243,2024-10-14,3,21,3,64,384,15.36,0.0,234.24,27.6,0,0,1,1,0
11244,2024-06-15,3,9,1,65,390,0,0,237.9,27.75,7.8,0,0,1,1
11245,2024-03-12,1,44,3,51,612,73.44,0.0,373.32,25.65,0,0,1,1,0
11246,2024-05-15,4,13,3,46,1748,139.84,0.0,1066.28,38.7,32.16,0,0,1,1
11247,2025-09-18,1,11,3,62,744,59.52,0.0,453.84,27.3,13.69,0,0,1,1
11248,2025-06-10,1,2,1,69,828,66.24,0.0,505.08,28.35,0,0,1,0,0
11249,2025-06-12,3,29,3,49,294,11.76,0.0,179.34,25.35,0,0,1,1,0
11250,2024-10-13,3,35,1,16,96,11.52,0.0,58.56,20.4,0,0,1,1,0
11251,2025-08-10,4,1,3,54,2052,164.16,0.0,1251.72,42.3,37.76,48.5,0,1,2
11252,2025-12-18,2,18,1,75,6375,510.0,0.0,3888.75,51.75,0,0,1,1,0
11253,2024-08-01,2,48,3,27,2295,275.4,0.0,1399.95,30.15,0,0,1,0,0
11254,2024-12-14,4,12,2,81,3078,369.36,0.0,1877.58,54.45,0,0,1,1,0
11255,2024-08-05,4,6,3,58,2204,264.48,0.0,1344.44,44.1,0,0,1,1,0
11256,2024-04-21,2,10,2,28,2380,190.4,0.0,1451.8,30.6,43.79,0,0,1,1
11257,2024-08-18,2,26,2,38,3230,387.6,0.0,1970.3,35.1,56.85,0,0,1,1
11258,2024-09-08,1,16,3,62,744,29.76,0.0,453.84,27.3,0,0,1,1,0
11259,2025-07-11,1,3,1,59,708,0,0,431.88,26.85,0,0,1,1,0
11260,2025-10-07,2,7,2,37,3145,0,0,1918.45,34.65,62.9,0,0,1,1
11261,2025-11-03,2,26,1,13,1105,132.6,0.0,674.05,23.85,0,0,1,1,0
11262,2024-09-28,1,9,1,47,564,67.68,0.0,344.04,25.05,0,0,1,1,0
11263,2025-08-31,2,32,2,93,7905,0,7905,4822.05,59.85,0,0,1,1,0
11264,2025-11-17,3,45,3,100,600,72.0,0.0,366.0,33.0,0,0,1,0,0
11265,2024-07-16,4,10,1,24,912,36.48,875.52,556.32,28.8,0,0,1,1,0
11266,2025-04-01,2,21,1,92,7820,625.6,0.0,4770.2,59.4,0,0,1,1,0
11267,2024-11-18,2,41,1,39,3315,132.6,0.0,2022.15,35.55,0,0,1,1,0
11268,2025-01-20,1,36,3,14,168,13.44,0.0,102.48,20.1,3.09,38.5,0,1,2
11269,2025-12-07,1,23,3,72,864,103.68,0.0,527.04,28.8,0,0,1,1,0
11270,2024-02-11,1,4,1,23,276,11.04,0.0,168.36,21.45,0,0,1,1,0
11271,2025-08-17,4,10,1,90,3420,273.6,0.0,2086.2,58.5,0,0,1,1,0
11272,2025-09-14,4,35,2,95,3610,0,0,2202.1,60.75,0,0,1,1,0
11273,2024-12-16,2,40,3,80,6800,816.0,0.0,4148.0,54.0,0,0,1,1,0
11274,2025-01-20,2,41,1,33,2805,0,0,1711.05,32.85,0,0,1,1,0
11275,2025-06-27,2,38,1,65,5525,442.0,0.0,3370.25,47.25,0,0,1,1,0
11276,2024-10-11,4,3,1,26,988,39.52,0.0,602.68,29.7,0,0,1,1,0
11277,2025-06-20,1,20,3,91,1092,131.04,0.0,666.12,31.65,0,0,1,1,0
11278,2025-12-14,3,19,3,48,288,0,0,175.68,25.2,5.76,0,0,1,1
11279,2025-10-22,4,25,2,26,988,0,0,602.68,29.7,0,0,1,1,0
11280,2025-08-03,4,44,3,28,1064,85.12,0.0,649.04,30.6,0,0,1,0,0
11281,2025-07-09,4,11,1,82,3116,124.64,0.0,1900.76,54.9,0,0,1,1,0
11282,2025-10-14,3,47,1,88,528,21.12,0.0,322.08,31.2,0,0,1,1,0
11283,2025-02-15,4,10,1,74,2812,112.48,0.0,1715.32,51.3,0,0,1,1,0
11284,2025-04-07,2,22,1,51,4335,346.8,0.0,2644.35,40.95,79.76,0,0,1,1
11285,2025-05-04,3,48,2,64,384,15.36,0.0,234.24,27.6,0,0,1,1,0
11286,2024-03-25,4,9,2,33,1254,100.32,0.0,764.94,32.85,0,0,1,1,0
11287,2025-07-31,4,27,3,89,3382,135.28,0.0,2063.02,58.05,0,0,1,1,0
11288,2025-05-27,2,11,3,18,1530,61.2,0.0,933.3,26.1,29.38,39.5,0,1,2
11289,2024-03-23,4,33,2,26,988,79.04,0.0,602.68,29.7,0,0,1,1,0
11290,2024-01-11,1,25,3,67,804,32.16,0.0,490.44,28.05,0,0,1,1,0
11291,2024-05-06,4,16,3,70,2660,106.4,0.0,1622.6,49.5,51.07,52.5,0,1,2
11292,2025-11-23,1,21,3,89,1068,42.72,0.0,651.48,31.35,0,0,1,1,0
11293,2025-06-17,1,41,3,15,180,21.6,0.0,109.8,20.25,0,0,1,1,0
11294,2025-10-24,1,4,3,35,420,50.4,0.0,256.2,23.25,0,0,1,0,0
11295,2025-10-21,1,11,2,11,132,5.28,0.0,80.52,19.65,0,0,1,1,0
11296,2025-09-28,1,40,3,65,780,62.4,0.0,475.8,27.75,0,0,1,1,0
11297,2025-01-05,1,18,3,66,792,0,0,483.12,27.9,15.84,51.5,0,1,2
11298,2024-11-29,4,1,2,71,2698,107.92,0.0,1645.78,49.95,0,0,1,1,0
11299,2024-01-27,2,8,2,14,1190,0,0,725.9,24.3,0,0,1,1,0
11300,2025-11-13,1,43,3,17,204,0,0,124.44,20.55,0,0,1,1,0
11301,2025-02-14,4,29,3,66,2508,0,0,1529.88,47.7,50.16,0,0,1,1
11302,2024-12-05,4,11,1,30,1140,0,0,695.4,31.5,0,0,1,1,0
11303,2024-03-26,1,13,2,95,1140,0,0,695.4,32.25,0,0,1,1,0
11304,2024-07-29,1,34,1,46,552,66.24,0.0,336.72,24.9,0,0,1,1,0
11305,2025-12-24,3,42,3,31,186,7.44,0.0,113.46,22.65,3.57,0,0,1,1
11306,2024-08-14,1,32,3,32,384,15.36,0.0,234.24,22.8,0,0,1,1,0
11307,2024-10-02,1,30,3,32,384,15.36,0.0,234.24,22.8,0,0,1,0,0
11308,2024-07-12,1,12,3,100,1200,48.0,0.0,732.0,33.0,0,0,1,1,0
11309,2025-02-21,4,2,3,40,1520,0,0,927.2,36.0,0,0,1,1,0
11310,2025-07-05,3,4,3,90,540,43.2,0.0,329.4,31.5,0,0,1,1,0
11311,2024-06-06,3,10,1,68,408,16.32,0.0,248.88,28.2,0,0,1,1,0
11312,2025-05-28,3,26,1,28,168,6.72,0.0,102.48,22.2,3.23,42.0,0,0,2
11313,2025-09-16,3,40,2,35,210,25.2,0.0,128.1,23.25,0,0,1,1,0
11314,2024-07-19,3,26,3,26,156,18.72,0.0,95.16,21.9,0,0,1,1,0
11315,2024-02-23,1,17,3,10,120,14.4,0.0,73.2,19.5,2.11,37.5,0,1,4
11316,2025-07-18,4,4,3,73,2774,221.92,0.0,1692.14,50.85,0,0,1,1,0
11317,2025-07-11,2,10,2,86,7310,292.4,0.0,4459.1,56.7,0,0,1,1,0
11318,2024-04-10,1,46,3,46,552,0,0,336.72,24.9,11.04,0,0,1,1
11319,2025-07-13,1,17,2,77,924,73.92,0.0,563.64,29.55,0,0,1,1,0
11320,2025-08-31,3,9,2,22,132,0,0,80.52,21.3,0,0,1,1,0
11321,2025-09-06,3,34,2,44,264,10.56,0.0,161.04,24.6,5.07,0,0,1,1
11322,2025-05-13,2,40,2,33,2805,224.4,0.0,1711.05,32.85,0,0,1,1,0
11323,2025-11-11,1,3,2,32,384,15.36,0.0,234.24,22.8,7.37,43.0,0,1,2
11324,2025-10-23,1,5,1,77,924,36.96,0.0,563.64,29.55,0,0,1,1,0
11325,2025-12-23,4,31,2,64,2432,97.28,0.0,1483.52,46.8,0,0,1,1,0
11326,2025-11-18,3,34,3,61,366,29.28,0.0,223.26,27.15,0,0,1,1,0
11327,2024-07-09,2,45,2,77,6545,261.8,0.0,3992.45,52.65,125.66,0,0,1,1
11328,2024-10-26,2,36,1,95,8075,0,0,4925.75,60.75,0,0,1,1,0
11329,2024-02-01,4,20,3,75,2850,342.0,0.0,1738.5,51.75,50.16,53.75,0,1,4
11330,2025-08-05,4,40,3,58,2204,264.48,0.0,1344.44,44.1,38.79,0,0,1,1
11331,2025-11-19,2,21,3,76,6460,258.4,0.0,3940.6,52.2,0,0,1,1,0
11332,2025-05-26,4,2,3,96,3648,437.76,0.0,2225.28,61.2,0,0,1,1,0
11333,2024-07-10,3,9,1,24,144,17.28,0.0,87.84,21.6,0,0,1,1,0
11334,2025-08-02,4,46,1,52,1976,79.04,0.0,1205.36,41.4,37.94,0,0,1,1
11335,2025-04-04,1,7,3,21,252,10.08,0.0,153.72,21.15,4.84,40.25,0,1,2
11336,2025-05-11,1,29,2,75,900,108.0,0.0,549.0,29.25,0,0,1,1,0
11337,2025-02-14,3,7,1,38,228,9.12,0.0,139.08,23.7,0,0,1,1,0
11338,2024-10-30,1,41,3,69,828,66.24,0.0,505.08,28.35,15.24,52.25,0,1,2
11339,2024-12-31,4,25,1,78,2964,118.56,0.0,1808.04,53.1,0,0,1,1,0
11340,2024-05-05,1,9,3,82,984,118.08,0.0,600.24,30.3,17.32,55.5,0,1,2
11341,2024-03-17,3,1,3,75,450,18.0,432.0,274.5,29.25,8.64,0,0,1,1
11342,2024-03-03,3,19,3,75,450,54.0,0.0,274.5,29.25,7.92,0,0,1,1
11343,2025-12-31,1,27,2,52,624,74.88,0.0,380.64,25.8,0,0,1,1,0
11344,2025-02-28,2,17,3,82,6970,278.8,0.0,4251.7,54.9,0,0,1,1,0
11345,2025-09-30,4,16,1,44,1672,0,0,1019.92,37.8,33.44,0,0,1,1
11346,2025-02-19,2,21,1,53,4505,360.4,0.0,2748.05,41.85,0,0,1,1,0
11347,2025-08-05,3,25,2,83,498,39.84,0.0,303.78,30.45,0,0,1,1,0
11348,2025-11-29,1,6,2,70,840,100.8,0.0,512.4,28.5,14.78,0,0,1,1
11349,2025-12-13,4,8,1,35,1330,53.2,0.0,811.3,33.75,0,0,1,1,0
11350,2025-03-13,2,15,1,38,3230,258.4,0.0,1970.3,35.1,0,0,1,1,0
11351,2024-07-08,1,23,1,37,444,0,0,270.84,23.55,0,0,1,1,0
11352,2025-09-17,4,39,1,71,2698,323.76,2374.24,1645.78,49.95,0,0,1,1,0
11353,2025-08-05,4,15,2,78,2964,0,0,1808.04,53.1,0,0,1,1,0
11354,2024-04-12,2,20,3,19,1615,64.6,0.0,985.15,26.55,0,0,1,1,0
11355,2024-07-13,2,34,1,88,7480,598.4,0.0,4562.8,57.6,0,0,1,1,0
11356,2025-09-12,1,11,3,27,324,12.96,0.0,197.64,22.05,0,0,1,1,0
11357,2025-05-27,1,17,2,42,504,60.48,0.0,307.44,24.3,0,0,1,1,0
11358,2024-09-03,1,5,2,54,648,51.84,0.0,395.28,26.1,0,0,1,1,0
11359,2024-12-02,2,26,2,89,7565,907.8,0.0,4614.65,58.05,0,0,1,1,0
11360,2025-12-30,2,11,3,40,3400,272.0,0.0,2074.0,36.0,0,0,1,1,0
11361,2024-04-27,4,3,3,32,1216,97.28,0.0,741.76,32.4,0,0,1,1,0
11362,2024-05-23,2,32,2,81,6885,275.4,0.0,4199.85,54.45,132.19,0,0,0,1
11363,2025-09-14,1,39,2,55,660,79.2,0.0,402.6,26.25,11.62,48.75,0,1,2
11364,2024-01-05,3,5,1,45,270,10.8,0.0,164.7,24.75,0,0,1,1,0
11365,2024-11-28,4,2,3,71,2698,0,0,1645.78,49.95,0,0,1,1,0
11366,2024-01-17,2,44,1,79,6715,268.6,0.0,4096.15,53.55,0,0,1,1,0
11367,2024-03-14,2,16,2,40,3400,136.0,0.0,2074.0,36.0,65.28,0,0,1,1
11368,2024-12-13,1,36,1,78,936,74.88,0.0,570.96,29.7,0,0,1,1,0
11369,2025-08-13,3,37,3,50,300,24.0,0.0,183.0,25.5,0,0,1,1,0
11370,2025-03-30,1,47,3,77,924,0,0,563.64,29.55,18.48,54.25,0,1,4
11371,2024-06-30,1,29,3,93,1116,133.92,0.0,680.76,31.95,19.64,0,0,1,1
11372,2024-11-15,2,19,3,37,3145,251.6,0.0,1918.45,34.65,57.87,0,0,1,1
11373,2025-06-11,4,8,1,16,608,72.96,0.0,370.88,25.2,0,0,1,1,0
11374,2025-02-25,2,1,3,14,1190,95.2,0.0,725.9,24.3,0,0,1,1,0
11375,2025-03-17,3,5,3,67,402,16.08,0.0,245.22,28.05,0,0,1,1,0
11376,2024-12-17,2,4,1,49,4165,166.6,0.0,2540.65,40.05,79.97,0,0,1,1
11377,2025-05-26,4,35,3,22,836,100.32,0.0,509.96,27.9,14.71,40.5,0,1,2
11378,2024-09-12,3,48,3,22,132,0,0,80.52,21.3,0,0,1,1,0
11379,2024-04-15,1,5,1,92,1104,44.16,0.0,673.44,31.8,0,0,1,0,0
11380,2024-11-14,3,40,3,86,516,0,0,314.76,30.9,0,0,1,1,0
11381,2024-12-11,1,12,2,59,708,84.96,0.0,431.88,26.85,12.46,49.75,0,1,2
11382,2024-03-29,2,7,3,18,1530,0,1530,933.3,26.1,0,0,1,1,0
11383,2024-10-31,3,46,1,36,216,8.64,0.0,131.76,23.4,4.15,44.0,0,1,2
11384,2024-10-18,1,28,1,29,348,41.76,0.0,212.28,22.35,0,0,1,1,0
11385,2025-01-07,4,18,3,75,2850,0,0,1738.5,51.75,0,0,1,1,0
11386,2024-02-05,2,18,2,82,6970,557.6,0.0,4251.7,54.9,128.25,0,0,1,1
11387,2024-06-23,1,33,1,71,852,34.08,0.0,519.72,28.65,0,0,1,1,0
11388,2025-03-28,2,13,3,22,1870,0,0,1140.7,27.9,37.4,40.5,0,1,2
11389,2025-03-29,1,26,2,15,180,21.6,0.0,109.8,20.25,0,0,1,1,0
11390,2024-02-23,4,30,2,53,2014,0,0,1228.54,41.85,0,0,1,1,0
11391,2025-07-04,4,14,3,20,760,60.8,0.0,463.6,27.0,0,0,1,1,0
11392,2024-10-28,3,32,2,77,462,0,0,281.82,29.55,9.24,0,0,1,1
11393,2025-10-17,1,13,2,69,828,99.36,0.0,505.08,28.35,14.57,52.25,0,1,2
11394,2025-10-08,1,47,3,43,516,41.28,0.0,314.76,24.45,9.49,0,0,1,1
11395,2025-02-04,1,48,1,43,516,0,0,314.76,24.45,0,0,1,1,0
11396,2025-05-23,3,29,2,18,108,0,0,65.88,20.7,0,0,1,1,0
11397,2024-11-30,4,16,2,88,3344,401.28,0.0,2039.84,57.6,0,0,1,1,0
11398,2025-01-06,2,21,3,53,4505,360.4,0.0,2748.05,41.85,82.89,48.25,0,1,4
11399,2024-05-20,2,20,1,98,8330,0,0,5081.3,62.1,0,0,1,1,0
11400,2024-04-12,4,32,1,27,1026,82.08,0.0,625.86,30.15,18.88,0,0,1,1
11401,2025-09-16,3,37,1,83,498,59.76,0.0,303.78,30.45,8.76,55.75,0,1,2
11402,2025-11-06,2,47,3,91,7735,928.2,0.0,4718.35,58.95,136.14,57.75,0,0,2
11403,2025-06-16,3,38,2,75,450,0,0,274.5,29.25,0,0,1,1,0
11404,2024-02-26,3,48,1,23,138,0,0,84.18,21.45,0,0,1,1,0
11405,2024-07-08,3,19,2,10,60,7.2,0.0,36.6,19.5,1.06,37.5,0,1,2
11406,2024-04-07,4,35,1,64,2432,0,0,1483.52,46.8,0,0,1,1,0
11407,2025-11-05,2,40,1,85,7225,867.0,0.0,4407.25,56.25,127.16,0,0,1,1
11408,2024-08-11,4,1,1,74,2812,224.96,0.0,1715.32,51.3,0,0,1,1,0
11409,2024-02-01,3,27,2,25,150,6.0,0.0,91.5,21.75,0,0,1,1,0
11410,2025-09-28,3,21,3,17,102,8.16,0.0,62.22,20.55,0,0,1,1,0
11411,2024-08-18,4,20,2,21,798,31.92,0.0,486.78,27.45,15.32,0,0,1,1
11412,2025-10-29,2,37,1,21,1785,142.8,0.0,1088.85,27.45,0,0,1,1,0
11413,2025-04-27,2,4,2,65,5525,221.0,0.0,3370.25,47.25,0,0,1,1,0
11414,2024-01-18,2,5,3,90,7650,306.0,0.0,4666.5,58.5,146.88,57.5,0,1,4
11415,2025-09-11,4,31,1,85,3230,129.2,0.0,1970.3,56.25,62.02,56.25,0,1,2
11416,2025-09-24,3,8,1,83,498,39.84,0.0,303.78,30.45,9.16,0,0,1,1
11417,2024-01-15,2,23,1,12,1020,122.4,0.0,622.2,23.4,0,0,1,1,0
11418,2024-05-20,4,1,1,10,380,0,380,231.8,22.5,0,0,1,1,0
11419,2024-07-18,3,20,1,76,456,54.72,0.0,278.16,29.4,8.03,54.0,0,1,2
11420,2025-07-10,4,45,3,54,2052,0,0,1251.72,42.3,41.04,48.5,0,0,2
11421,2025-03-15,1,32,3,11,132,10.56,0.0,80.52,19.65,2.43,0,0,1,1
11422,2024-10-02,4,5,3,64,2432,0,0,1483.52,46.8,48.64,0,0,1,1
11423,2024-12-01,2,22,2,10,850,0,0,518.5,22.5,0,0,1,1,0
11424,2024-09-18,4,38,1,55,2090,250.8,0.0,1274.9,42.75,0,0,1,1,0
11425,2024-10-29,3,6,3,73,438,52.56,0.0,267.18,28.95,0,0,1,1,0
11426,2025-09-10,3,22,2,45,270,10.8,0.0,164.7,24.75,0,0,1,1,0
11427,2025-03-21,2,5,1,100,8500,1020.0,0.0,5185.0,63.0,0,0,1,1,0
11428,2025-08-21,1,19,3,43,516,0,0,314.76,24.45,0,0,1,1,0
11429,2025-06-27,4,13,2,34,1292,155.04,0.0,788.12,33.3,0,0,1,1,0
11430,2025-10-27,3,26,1,60,360,14.4,0.0,219.6,27.0,0,0,1,1,0
11431,2024-06-09,2,10,1,67,5695,683.4,0.0,3473.95,48.15,0,0,1,1,0
11432,2025-08-15,2,25,1,99,8415,336.6,0.0,5133.15,62.55,0,0,1,1,0
11433,2024-12-07,3,13,2,15,90,0,0,54.9,20.25,0,0,1,0,0
11434,2024-05-05,2,19,3,21,1785,71.4,0.0,1088.85,27.45,0,0,1,1,0
11435,2024-10-18,3,29,3,99,594,71.28,0.0,362.34,32.85,10.45,0,0,1,1
11436,2025-06-08,2,22,2,17,1445,57.8,0.0,881.45,25.65,0,0,1,1,0
11437,2024-02-07,4,28,3,88,3344,0,0,2039.84,57.6,66.88,57.0,0,1,2
11438,2024-09-07,1,24,2,12,144,0,0,87.84,19.8,2.88,38.0,0,1,2
11439,2024-09-04,3,6,1,54,324,38.88,0.0,197.64,26.1,0,0,1,1,0
11440,2024-11-20,1,40,3,99,1188,47.52,0.0,724.68,32.85,22.81,0,0,1,1
11441,2025-06-05,2,45,3,86,7310,292.4,7017.6,4459.1,56.7,140.35,56.5,0,1,4
11442,2025-10-21,1,34,3,13,156,0,0,95.16,19.95,3.12,38.25,0,1,2
11443,2024-07-02,3,25,1,35,210,8.4,0.0,128.1,23.25,0,0,1,1,0
11444,2025-08-31,2,37,1,73,6205,744.6,0.0,3785.05,50.85,109.21,0,0,1,1
11445,2025-05-07,4,30,2,12,456,54.72,0.0,278.16,23.4,0,0,1,1,0
11446,2024-09-11,2,5,1,27,2295,183.6,2111.4,1399.95,30.15,0,0,1,1,0
11447,2024-11-28,2,18,3,94,7990,958.8,0.0,4873.9,60.3,0,0,1,1,0
11448,2025-01-28,2,27,1,94,7990,958.8,0.0,4873.9,60.3,0,0,1,1,0
11449,2025-12-05,3,13,2,99,594,71.28,0.0,362.34,32.85,0,0,1,1,0
11450,2024-02-09,2,18,1,39,3315,397.8,0.0,2022.15,35.55,0,0,1,1,0
11451,2025-05-05,4,22,3,83,3154,252.32,0.0,1923.94,55.35,58.03,0,0,0,1
11452,2025-04-12,3,6,3,43,258,30.96,0.0,157.38,24.45,0,0,1,1,0
11453,2024-01-27,2,29,1,92,7820,625.6,0.0,4770.2,59.4,0,0,1,1,0
11454,2024-07-25,2,28,1,77,6545,523.6,0.0,3992.45,52.65,120.43,0,0,1,1
11455,2025-08-18,4,17,2,59,2242,269.04,0.0,1367.62,44.55,0,0,1,0,0
11456,2024-10-12,1,44,3,11,132,5.28,0.0,80.52,19.65,2.53,37.75,0,1,4
11457,2025-08-26,2,27,1,63,5355,214.2,0.0,3266.55,46.35,0,0,1,1,0
11458,2024-05-18,2,15,2,29,2465,295.8,0.0,1503.65,31.05,0,0,1,1,0
11459,2024-07-15,3,9,2,30,180,0,0,109.8,22.5,0,0,1,1,0
11460,2024-04-15,2,25,2,45,3825,153.0,0.0,2333.25,38.25,0,0,1,1,0
11461,2025-06-14,2,10,1,57,4845,387.6,0.0,2955.45,43.65,0,0,1,1,0
11462,2024-03-23,2,4,1,29,2465,197.2,0.0,1503.65,31.05,45.36,0,0,1,1
11463,2025-08-14,4,46,3,13,494,19.76,474.24,301.34,23.85,9.48,0,0,1,1
11464,2024-09-21,2,36,2,21,1785,0,0,1088.85,27.45,35.7,0,0,1,1
11465,2025-05-31,1,44,2,82,984,118.08,0.0,600.24,30.3,0,0,1,1,0
11466,2024-01-26,1,44,3,28,336,13.44,0.0,204.96,22.2,6.45,42.0,0,1,2
11467,2024-06-02,2,5,2,34,2890,346.8,0.0,1762.9,33.3,0,0,1,1,0
11468,2025-11-18,1,46,1,91,1092,87.36,0.0,666.12,31.65,20.09,57.75,0,1,4
11469,2025-11-08,4,37,1,85,3230,387.6,0.0,1970.3,56.25,0,0,1,1,0
11470,2025-05-20,2,23,3,21,1785,214.2,0.0,1088.85,27.45,0,0,1,1,0
11471,2024-11-13,2,38,3,69,5865,234.6,0.0,3577.65,49.05,112.61,0,0,1,1
11472,2024-10-24,4,15,1,15,570,22.8,0.0,347.7,24.75,0,0,1,1,0
11473,2024-02-06,4,30,1,75,2850,114.0,0.0,1738.5,51.75,0,0,1,1,0
11474,2024-10-12,2,30,3,31,2635,316.2,0.0,1607.35,31.95,0,0,1,1,0
11475,2024-07-15,3,44,2,34,204,0,0,124.44,23.1,0,0,1,1,0
11476,2024-03-28,2,26,2,43,3655,292.4,0.0,2229.55,37.35,0,0,1,1,0
11477,2025-02-05,3,4,3,22,132,10.56,0.0,80.52,21.3,0,0,1,1,0
11478,2024-03-12,3,35,1,84,504,60.48,0.0,307.44,30.6,0,0,1,1,0
11479,2025-11-13,3,19,1,47,282,22.56,0.0,172.02,25.05,0,0,1,1,0
11480,2025-06-25,2,7,3,32,2720,326.4,0.0,1659.2,32.4,47.87,0,0,1,1
11481,2025-12-25,1,10,3,81,972,38.88,0.0,592.92,30.15,0,0,1,1,0
11482,2024-07-03,2,25,3,77,6545,785.4,0.0,3992.45,52.65,0,0,1,1,0
11483,2024-02-28,2,48,1,70,5950,476.0,0.0,3629.5,49.5,0,0,1,1,0
11484,2025-07-21,2,46,3,44,3740,0,0,2281.4,37.8,74.8,0,0,1,1
11485,2025-02-24,2,5,2,21,1785,0,0,1088.85,27.45,0,0,1,1,0
11486,2024-08-13,2,42,2,16,1360,163.2,0.0,829.6,25.2,0,0,1,1,0
11487,2025-04-15,1,30,3,28,336,13.44,0.0,204.96,22.2,0,0,1,1,0
11488,2024-08-22,3,15,2,11,66,2.64,0.0,40.26,19.65,0,0,1,1,0
11489,2024-07-07,2,47,2,12,1020,81.6,0.0,622.2,23.4,18.77,0,0,1,1
11490,2024-11-19,3,18,3,86,516,61.92,0.0,314.76,30.9,0,0,1,1,0
11491,2025-09-10,2,40,2,84,7140,856.8,0.0,4355.4,55.8,0,0,1,1,0
11492,2025-05-19,3,30,2,41,246,9.84,0.0,150.06,24.15,0,0,1,1,0
11493,2025-02-23,3,14,3,19,114,4.56,0.0,69.54,20.85,0,0,1,1,0
11494,2024-09-18,2,26,1,19,1615,129.2,0.0,985.15,26.55,0,0,1,1,0
11495,2025-10-02,4,2,1,17,646,25.84,0.0,394.06,25.65,0,0,1,0,0
11496,2024-10-12,2,25,1,47,3995,159.8,0.0,2436.95,39.15,76.7,46.75,0,1,2
11497,2025-09-28,1,22,2,100,1200,0,0,732.0,33.0,0,0,1,1,0
11498,2024-09-07,2,10,1,35,2975,357.0,0.0,1814.75,33.75,0,0,1,1,0
11499,2024-04-14,3,28,3,54,324,25.92,0.0,197.64,26.1,5.96,48.5,0,1,2
11500,2025-08-18,2,48,2,79,6715,805.8,0.0,4096.15,53.55,0,0,1,1,0
11501,2024-05-03,3,6,2,95,570,45.6,0.0,347.7,32.25,10.49,58.75,0,1,2
11502,2024-02-11,3,46,2,79,474,37.92,0.0,289.14,29.85,8.72,0,0,1,1
11503,2025-06-23,3,35,3,14,84,6.72,0.0,51.24,20.1,0,0,1,1,0
11504,2025-10-21,2,9,2,89,7565,302.6,0.0,4614.65,58.05,0,0,1,1,0
11505,2024-03-15,2,47,3,76,6460,258.4,0.0,3940.6,52.2,0,0,1,1,0
11506,2025-10-03,3,28,2,37,222,0,0,135.42,23.55,0,0,1,1,0
11507,2024-09-28,1,40,2,13,156,6.24,0.0,95.16,19.95,3.0,0,0,1,1
11508,2025-11-24,4,39,3,65,2470,296.4,0.0,1506.7,47.25,0,0,1,1,0
11509,2025-12-16,2,9,1,40,3400,408.0,0.0,2074.0,36.0,0,0,1,1,0
11510,2024-07-19,3,29,2,39,234,9.36,0.0,142.74,23.85,0,0,1,1,0
11511,2024-11-22,3,35,3,96,576,23.04,0.0,351.36,32.4,0,0,1,1,0
11512,2025-08-05,2,4,2,14,1190,47.6,0.0,725.9,24.3,0,0,1,1,0
11513,2025-08-28,4,5,2,78,2964,237.12,0.0,1808.04,53.1,0,0,1,0,0
11514,2024-04-20,4,4,1,67,2546,305.52,0.0,1553.06,48.15,0,0,1,1,0
11515,2024-02-10,4,45,3,27,1026,41.04,0.0,625.86,30.15,0,0,1,1,0
11516,2025-03-27,1,8,2,48,576,0,0,351.36,25.2,0,0,1,1,0
11517,2025-02-14,1,48,3,83,996,39.84,0.0,607.56,30.45,19.12,55.75,0,1,2
11518,2024-01-16,1,16,3,48,576,23.04,0.0,351.36,25.2,0,0,1,1,0
11519,2024-10-20,3,30,3,36,216,0,0,131.76,23.4,0,0,1,1,0
11520,2025-08-14,1,45,3,54,648,51.84,0.0,395.28,26.1,0,0,1,1,0
11521,2025-01-19,2,2,1,85,7225,0,0,4407.25,56.25,0,0,1,1,0
11522,2024-01-12,3,20,1,23,138,5.52,0.0,84.18,21.45,0,0,1,1,0
11523,2025-02-26,3,30,1,51,306,24.48,0.0,186.66,25.65,0,0,1,1,0
11524,2024-04-10,3,45,2,88,528,42.24,0.0,322.08,31.2,9.72,0,0,1,1
11525,2024-07-16,4,27,3,43,1634,65.36,0.0,996.74,37.35,0,0,1,0,0
11526,2024-11-26,3,15,2,48,288,23.04,0.0,175.68,25.2,0,0,1,1,0
11527,2024-07-07,1,40,2,99,1188,47.52,0.0,724.68,32.85,0,0,1,0,0
11528,2024-02-29,2,6,1,99,8415,673.2,0.0,5133.15,62.55,0,0,1,1,0
11529,2025-09-14,1,20,1,41,492,19.68,0.0,300.12,24.15,9.45,45.25,0,0,2
11530,2024-11-24,1,14,2,79,948,113.76,0.0,578.28,29.85,0,0,1,1,0
11531,2025-08-04,2,47,2,10,850,34.0,0.0,518.5,22.5,16.32,0,0,1,1
11532,2024-04-17,4,16,3,10,380,30.4,0.0,231.8,22.5,0,0,1,1,0
11533,2024-10-09,1,9,3,65,780,62.4,0.0,475.8,27.75,14.35,0,0,1,1
11534,2025-11-11,4,24,3,13,494,19.76,0.0,301.34,23.85,0,0,1,1,0
11535,2024-11-16,1,9,3,79,948,37.92,0.0,578.28,29.85,0,0,1,1,0
11536,2025-02-21,4,18,1,35,1330,0,0,811.3,33.75,26.6,0,0,1,1
11537,2025-06-28,1,19,3,72,864,34.56,0.0,527.04,28.8,16.59,0,0,1,1
11538,2024-01-29,2,30,2,44,3740,299.2,0.0,2281.4,37.8,0,0,1,1,0
11539,2024-01-27,2,14,2,59,5015,0,0,3059.15,44.55,0,0,1,1,0
11540,2025-02-18,2,33,3,10,850,102.0,748.0,518.5,22.5,0,0,1,1,0
11541,2025-11-19,1,33,3,20,240,19.2,0.0,146.4,21.0,4.42,40.0,0,1,4
11542,2025-04-11,1,5,1,59,708,28.32,0.0,431.88,26.85,0,0,1,1,0
11543,2024-09-21,3,40,1,23,138,5.52,0.0,84.18,21.45,0,0,1,1,0
11544,2025-11-11,4,32,2,18,684,0,0,417.24,26.1,0,0,1,1,0
11545,2024-09-15,3,8,3,46,276,22.08,0.0,168.36,24.9,5.08,46.5,0,1,2
11546,2025-12-31,3,11,2,18,108,0,0,65.88,20.7,0,0,1,1,0
11547,2024-06-05,2,24,2,98,8330,666.4,0.0,5081.3,62.1,0,0,1,1,0
11548,2025-09-13,2,35,1,12,1020,122.4,0.0,622.2,23.4,0,0,1,1,0
11549,2025-01-06,2,8,2,83,7055,0,0,4303.55,55.35,0,0,1,1,0
11550,2025-12-06,3,34,1,14,84,3.36,0.0,51.24,20.1,0,0,1,0,0
11551,2025-04-17,4,17,2,36,1368,0,0,834.48,34.2,0,0,1,1,0
11552,2024-03-14,3,23,1,68,408,16.32,0.0,248.88,28.2,7.83,0,0,1,1
11553,2024-03-23,4,23,3,32,1216,97.28,0.0,741.76,32.4,0,0,1,1,0
11554,2024-08-19,1,1,2,34,408,48.96,0.0,248.88,23.1,0,0,1,1,0
11555,2024-12-30,2,13,2,31,2635,316.2,0.0,1607.35,31.95,0,0,1,1,0
11556,2024-01-07,3,31,2,60,360,0,0,219.6,27.0,0,0,1,1,0
11557,2025-01-03,4,2,3,11,418,0,0,254.98,22.95,0,0,1,1,0
11558,2025-09-23,1,6,1,91,1092,87.36,0.0,666.12,31.65,0,0,1,1,0
11559,2024-10-02,2,24,3,11,935,0,0,570.35,22.95,0,0,1,1,0
11560,2025-11-09,2,20,2,15,1275,0,0,777.75,24.75,0,0,1,1,0
11561,2024-02-27,3,10,1,54,324,0,0,197.64,26.1,0,0,1,1,0
11562,2025-05-23,1,29,3,99,1188,47.52,0.0,724.68,32.85,22.81,0,0,1,1
11563,2024-03-14,3,48,3,21,126,10.08,0.0,76.86,21.15,2.32,0,0,1,1
11564,2025-05-24,4,37,2,36,1368,0,0,834.48,34.2,0,0,1,1,0
11565,2025-08-27,3,46,2,76,456,36.48,0.0,278.16,29.4,0,0,1,1,0
11566,2025-11-10,3,5,2,77,462,18.48,0.0,281.82,29.55,0,0,1,1,0
11567,2024-05-19,4,39,2,35,1330,106.4,0.0,811.3,33.75,24.47,0,0,1,1
11568,2024-06-16,2,1,1,80,6800,544.0,0.0,4148.0,54.0,0,0,1,1,0
11569,2025-08-18,4,14,1,27,1026,123.12,0.0,625.86,30.15,0,0,1,1,0
11570,2025-11-23,1,16,2,82,984,0,0,600.24,30.3,0,0,1,1,0
11571,2024-08-22,2,48,1,70,5950,714.0,0.0,3629.5,49.5,104.72,0,0,1,1
11572,2024-10-16,2,17,2,61,5185,207.4,0.0,3162.85,45.45,0,0,1,1,0
11573,2024-06-01,3,11,2,25,150,6.0,0.0,91.5,21.75,0,0,1,1,0
11574,2025-12-08,3,32,1,79,474,18.96,0.0,289.14,29.85,0,0,1,1,0
11575,2025-01-05,2,45,1,44,3740,448.8,0.0,2281.4,37.8,0,0,1,1,0
11576,2025-10-26,2,11,2,62,5270,210.8,0.0,3214.7,45.9,0,0,1,1,0
11577,2024-03-07,4,19,2,89,3382,405.84,0.0,2063.02,58.05,0,0,1,1,0
11578,2024-03-24,1,32,2,75,900,36.0,0.0,549.0,29.25,0,0,1,1,0
11579,2025-07-08,3,36,2,41,246,19.68,0.0,150.06,24.15,0,0,1,1,0
11580,2025-03-04,1,34,2,50,600,0,0,366.0,25.5,0,0,1,1,0
11581,2024-11-05,2,25,1,63,5355,428.4,0.0,3266.55,46.35,0,0,1,1,0
11582,2024-07-03,2,48,3,93,7905,316.2,0.0,4822.05,59.85,0,0,1,1,0
11583,2025-03-03,3,8,2,15,90,10.8,0.0,54.9,20.25,0,0,1,0,0
11584,2024-07-14,1,39,3,65,780,0,0,475.8,27.75,15.6,51.25,0,1,2
11585,2025-11-27,3,20,1,57,342,41.04,0.0,208.62,26.55,0,0,1,1,0
11586,2025-11-16,4,29,2,55,2090,250.8,0.0,1274.9,42.75,0,0,1,1,0
11587,2025-11-05,2,12,1,78,6630,530.4,0.0,4044.3,53.1,0,0,1,1,0
11588,2024-05-08,1,46,2,70,840,100.8,0.0,512.4,28.5,0,0,1,1,0
11589,2025-12-28,3,22,1,47,282,33.84,0.0,172.02,25.05,4.96,46.75,0,1,2
11590,2025-09-10,3,30,3,55,330,39.6,0.0,201.3,26.25,0,0,1,1,0
11591,2025-08-10,4,9,3,64,2432,0,0,1483.52,46.8,0,0,1,1,0
11592,2024-02-20,3,16,2,65,390,15.6,0.0,237.9,27.75,0,0,1,1,0
11593,2024-03-18,2,11,2,78,6630,0,0,4044.3,53.1,0,0,1,1,0
11594,2024-08-05,1,29,2,45,540,0,0,329.4,24.75,0,0,1,1,0
11595,2025-03-15,3,21,2,58,348,0,0,212.28,26.7,0,0,1,1,0
11596,2024-02-20,2,40,3,33,2805,0,2805,1711.05,32.85,0,0,1,1,0
11597,2024-03-27,4,47,1,32,1216,48.64,0.0,741.76,32.4,0,0,1,1,0
11598,2024-07-16,1,2,1,94,1128,45.12,0.0,688.08,32.1,21.66,58.5,0,1,2
11599,2024-06-30,4,4,1,98,3724,0,0,2271.64,62.1,0,0,1,1,0
11600,2025-06-23,1,36,1,40,480,0,0,292.8,24.0,0,0,1,1,0
11601,2025-05-03,2,44,1,40,3400,136.0,0.0,2074.0,36.0,0,0,1,1,0
11602,2024-06-25,3,4,3,18,108,0,0,65.88,20.7,2.16,0,0,1,1
11603,2024-06-24,2,37,1,48,4080,326.4,0.0,2488.8,39.6,0,0,1,1,0
11604,2025-04-02,2,40,3,94,7990,319.6,0.0,4873.9,60.3,0,0,1,1,0
11605,2025-03-02,3,44,1,80,480,19.2,0.0,292.8,30.0,9.22,55.0,0,1,2
11606,2024-09-05,3,7,3,39,234,0,0,142.74,23.85,0,0,1,1,0
11607,2025-09-21,1,40,2,20,240,28.8,0.0,146.4,21.0,0,0,1,1,0
11608,2024-02-08,2,34,1,12,1020,122.4,0.0,622.2,23.4,0,0,1,1,0
11609,2025-08-23,3,11,3,21,126,15.12,0.0,76.86,21.15,0,0,1,1,0
11610,2024-10-30,3,44,1,68,408,48.96,0.0,248.88,28.2,0,0,1,1,0
11611,2024-11-08,3,3,3,73,438,52.56,0.0,267.18,28.95,7.71,53.25,0,1,4
11612,2024-05-29,1,15,3,81,972,116.64,0.0,592.92,30.15,0,0,1,1,0
11613,2025-03-01,1,16,3,25,300,36.0,0.0,183.0,21.75,0,0,1,1,0
11614,2024-08-04,2,27,1,65,5525,0,0,3370.25,47.25,0,0,1,1,0
11615,2025-08-22,1,48,3,18,216,25.92,0.0,131.76,20.7,0,0,1,1,0
11616,2025-03-14,2,13,3,67,5695,683.4,0.0,3473.95,48.15,0,0,1,1,0
11617,2025-01-23,3,47,2,28,168,13.44,0.0,102.48,22.2,0,0,1,1,0
11618,2024-03-04,4,23,3,95,3610,288.8,0.0,2202.1,60.75,66.42,0,0,1,1
11619,2024-03-11,4,40,3,63,2394,95.76,0.0,1460.34,46.35,0,0,1,1,0
11620,2025-01-06,4,8,1,88,3344,401.28,0.0,2039.84,57.6,0,0,1,1,0
11621,2025-01-28,1,11,1,11,132,10.56,0.0,80.52,19.65,0,0,1,1,0
11622,2024-03-04,2,30,2,78,6630,0,0,4044.3,53.1,132.6,54.5,0,1,2
11623,2025-01-25,2,43,3,76,6460,775.2,0.0,3940.6,52.2,0,0,1,1,0
11624,2025-03-12,2,24,2,39,3315,397.8,0.0,2022.15,35.55,0,0,1,1,0
11625,2025-06-09,3,38,2,19,114,4.56,0.0,69.54,20.85,2.19,0,0,1,1
11626,2025-05-12,4,32,3,65,2470,0,0,1506.7,47.25,0,0,1,1,0
11627,2025-12-14,3,9,2,95,570,68.4,0.0,347.7,32.25,0,0,1,1,0
11628,2024-08-29,1,26,3,10,120,0,0,73.2,19.5,0,0,1,1,0
11629,2024-10-29,1,35,1,81,972,77.76,0.0,592.92,30.15,17.88,55.25,0,1,2
11630,2025-06-12,4,21,1,73,2774,332.88,0.0,1692.14,50.85,48.82,53.25,0,1,4
11631,2025-06-17,2,5,3,25,2125,170.0,0.0,1296.25,29.25,0,0,1,1,0
11632,2025-08-25,1,30,2,13,156,0,0,95.16,19.95,0,0,1,1,0
11633,2024-12-06,1,31,3,47,564,67.68,0.0,344.04,25.05,9.93,0,0,1,1
11634,2025-05-15,1,44,3,34,408,16.32,0.0,248.88,23.1,0,0,1,1,0
11635,2024-09-25,2,36,1,15,1275,0,0,777.75,24.75,0,0,1,1,0
11636,2025-05-12,2,36,2,67,5695,227.8,0.0,3473.95,48.15,0,0,1,0,0
11637,2024-07-04,1,37,2,55,660,52.8,0.0,402.6,26.25,0,0,1,1,0
11638,2024-05-14,2,45,2,55,4675,374.0,0.0,2851.75,42.75,0,0,1,1,0
11639,2024-03-29,4,36,2,82,3116,373.92,0.0,1900.76,54.9,54.84,55.5,0,1,2
11640,2024-08-29,1,14,3,66,792,63.36,0.0,483.12,27.9,14.57,0,0,1,1
11641,2025-06-12,4,8,1,99,3762,0,0,2294.82,62.55,0,0,1,1,0
11642,2024-10-26,4,28,2,59,2242,89.68,0.0,1367.62,44.55,0,0,1,1,0
11643,2024-03-24,4,33,1,88,3344,401.28,2942.72,2039.84,57.6,0,0,1,1,0
11644,2025-04-25,1,17,3,100,1200,48.0,0.0,732.0,33.0,0,0,1,1,0
11645,2024-08-17,4,31,1,26,988,39.52,0.0,602.68,29.7,0,0,1,1,0
11646,2024-06-29,2,29,3,96,8160,0,0,4977.6,61.2,0,0,1,1,0
11647,2024-02-03,1,36,2,52,624,0,0,380.64,25.8,0,0,1,1,0
11648,2025-01-16,2,14,2,88,7480,299.2,0.0,4562.8,57.6,0,0,1,1,0
11649,2024-04-26,2,33,1,16,1360,54.4,0.0,829.6,25.2,0,0,1,0,0
11650,2024-08-23,2,48,3,16,1360,163.2,0.0,829.6,25.2,0,0,1,1,0
11651,2025-02-22,1,10,3,59,708,28.32,0.0,431.88,26.85,13.59,0,0,1,1
11652,2024-02-14,2,17,2,89,7565,605.2,0.0,4614.65,58.05,0,0,1,1,0
11653,2025-03-14,2,19,3,60,5100,408.0,4692.0,3111.0,45.0,93.84,50.0,0,1,4
11654,2024-10-20,4,42,2,64,2432,291.84,0.0,1483.52,46.8,42.8,51.0,0,1,2
11655,2025-07-02,3,28,2,76,456,18.24,0.0,278.16,29.4,8.76,0,0,1,1
11656,2025-08-05,3,39,1,30,180,21.6,0.0,109.8,22.5,0,0,1,1,0
11657,2024-09-10,3,28,3,14,84,10.08,0.0,51.24,20.1,0,0,1,1,0
11658,2024-01-29,1,3,1,13,156,18.72,0.0,95.16,19.95,0,0,1,1,0
11659,2024-04-03,4,6,1,93,3534,282.72,0.0,2155.74,59.85,0,0,1,1,0
11660,2024-07-23,3,37,2,26,156,12.48,0.0,95.16,21.9,2.87,0,0,1,1
11661,2025-12-17,2,30,3,70,5950,476.0,0.0,3629.5,49.5,109.48,52.5,0,1,2
11662,2025-07-21,2,39,2,24,2040,163.2,0.0,1244.4,28.8,0,0,1,1,0
11663,2024-04-09,1,38,2,69,828,0,0,505.08,28.35,0,0,1,1,0
11664,2024-09-05,4,20,3,71,2698,323.76,0.0,1645.78,49.95,0,0,1,1,0
11665,2025-05-18,3,44,1,66,396,31.68,0.0,241.56,27.9,7.29,51.5,0,1,4
11666,2024-01-29,4,36,1,49,1862,148.96,0.0,1135.82,40.05,0,0,1,1,0
11667,2025-08-27,4,17,3,70,2660,212.8,0.0,1622.6,49.5,0,0,1,1,0
11668,2024-05-29,4,8,1,22,836,66.88,0.0,509.96,27.9,0,0,1,1,0
11669,2024-04-08,2,42,1,67,5695,227.8,0.0,3473.95,48.15,0,0,1,1,0
11670,2024-12-15,2,1,1,52,4420,353.6,0.0,2696.2,41.4,0,0,1,0,0
11671,2025-09-26,3,40,1,52,312,0,0,190.32,25.8,0,0,1,1,0
11672,2025-05-27,3,1,1,84,504,60.48,0.0,307.44,30.6,0,0,1,0,0
11673,2024-12-10,4,3,3,11,418,0,0,254.98,22.95,8.36,0,0,1,1
11674,2025-03-23,3,14,2,55,330,0,0,201.3,26.25,0,0,1,1,0
11675,2025-02-16,4,13,1,89,3382,135.28,0.0,2063.02,58.05,0,0,1,1,0
11676,2025-04-21,3,48,3,46,276,22.08,0.0,168.36,24.9,0,0,1,1,0
11677,2024-11-21,3,42,3,82,492,19.68,0.0,300.12,30.3,0,0,1,1,0
11678,2025-10-02,4,20,3,14,532,42.56,0.0,324.52,24.3,0,0,1,1,0
11679,2024-05-17,2,25,1,27,2295,183.6,0.0,1399.95,30.15,0,0,1,1,0
11680,2024-04-29,2,17,1,55,4675,0,0,2851.75,42.75,0,0,1,1,0
11681,2025-07-05,1,16,1,23,276,11.04,0.0,168.36,21.45,0,0,1,1,0
11682,2025-09-25,4,5,2,56,2128,0,0,1298.08,43.2,0,0,1,1,0
11683,2024-01-16,4,10,2,47,1786,71.44,0.0,1089.46,39.15,0,0,1,1,0
11684,2025-01-23,3,7,2,51,306,24.48,0.0,186.66,25.65,0,0,1,1,0
11685,2025-05-19,2,8,1,86,7310,877.2,0.0,4459.1,56.7,0,0,1,1,0
11686,2024-02-15,4,23,1,21,798,0,798,486.78,27.45,15.96,0,0,1,1
11687,2025-06-15,4,10,3,62,2356,94.24,0.0,1437.16,45.9,45.24,50.5,0,1,2
11688,2025-07-06,1,22,3,74,888,0,0,541.68,29.1,0,0,1,1,0
11689,2025-08-22,1,48,3,44,528,63.36,0.0,322.08,24.6,9.29,0,0,1,1
11690,2024-08-23,3,7,1,92,552,66.24,0.0,336.72,31.8,0,0,1,1,0
11691,2024-02-26,1,42,1,28,336,0,0,204.96,22.2,0,0,1,1,0
11692,2024-12-27,1,3,3,16,192,23.04,0.0,117.12,20.4,3.38,39.0,0,1,4
11693,2025-09-07,1,9,3,31,372,44.64,0.0,226.92,22.65,0,0,1,1,0
11694,2025-08-27,3,42,3,52,312,0,0,190.32,25.8,0,0,1,1,0
11695,2024-08-30,1,42,1,90,1080,0,0,658.8,31.5,0,0,1,1,0
11696,2024-02-07,1,7,3,90,1080,129.6,0.0,658.8,31.5,0,0,1,1,0
11697,2025-02-28,3,31,3,52,312,37.44,0.0,190.32,25.8,0,0,1,1,0
11698,2025-06-23,1,11,2,21,252,10.08,0.0,153.72,21.15,0,0,1,1,0
11699,2025-06-10,2,14,2,86,7310,292.4,0.0,4459.1,56.7,0,0,1,1,0
11700,2024-05-19,2,35,1,43,3655,0,0,2229.55,37.35,0,0,1,1,0
11701,2024-08-19,1,39,3,58,696,55.68,0.0,424.56,26.7,12.81,0,0,1,1
11702,2025-08-05,2,8,3,58,4930,591.6,0.0,3007.3,44.1,0,0,1,1,0
11703,2024-11-11,1,36,1,87,1044,0,0,636.84,31.05,0,0,1,1,0
11704,2024-05-19,2,22,3,49,4165,333.2,0.0,2540.65,40.05,0,0,1,1,0
11705,2025-05-04,2,39,2,11,935,74.8,0.0,570.35,22.95,0,0,1,1,0
11706,2024-01-07,2,36,3,52,4420,176.8,0.0,2696.2,41.4,84.86,48.0,0,1,4
11707,2025-07-09,4,47,2,50,1900,76.0,0.0,1159.0,40.5,0,0,1,1,0
11708,2025-02-26,2,14,1,38,3230,129.2,0.0,1970.3,35.1,0,0,1,1,0
11709,2025-09-19,1,11,1,87,1044,41.76,0.0,636.84,31.05,0,0,1,1,0
11710,2025-07-01,2,31,3,93,7905,0,0,4822.05,59.85,158.1,58.25,0,1,2
11711,2024-09-16,3,44,2,55,330,13.2,0.0,201.3,26.25,0,0,1,1,0
11712,2025-12-13,3,13,1,46,276,22.08,0.0,168.36,24.9,0,0,1,1,0
11713,2024-09-28,4,21,1,52,1976,237.12,0.0,1205.36,41.4,34.78,0,0,1,1
11714,2024-02-04,2,14,3,10,850,34.0,0.0,518.5,22.5,0,0,1,1,0
11715,2024-02-11,4,7,1,88,3344,133.76,0.0,2039.84,57.6,0,0,1,1,0
11716,2024-01-04,2,4,1,32,2720,326.4,0.0,1659.2,32.4,47.87,0,0,1,1
11717,2025-06-05,3,41,1,15,90,3.6,0.0,54.9,20.25,1.73,38.75,0,1,2
11718,2024-11-19,4,33,2,34,1292,155.04,0.0,788.12,33.3,0,0,1,1,0
11719,2025-01-17,2,23,2,53,4505,360.4,0.0,2748.05,41.85,82.89,0,0,1,1
11720,2025-05-27,3,28,2,60,360,28.8,0.0,219.6,27.0,0,0,1,1,0
11721,2025-08-08,1,16,2,97,1164,93.12,0.0,710.04,32.55,0,0,1,1,0
11722,2024-08-18,3,39,1,50,300,36.0,0.0,183.0,25.5,0,0,1,1,0
11723,2024-01-07,3,23,3,100,600,48.0,0.0,366.0,33.0,11.04,60.0,0,1,2
11724,2025-03-13,1,5,1,84,1008,120.96,0.0,614.88,30.6,0,0,1,1,0
11725,2024-01-09,1,22,3,28,336,26.88,0.0,204.96,22.2,0,0,1,1,0
11726,2024-07-02,2,12,1,28,2380,0,0,1451.8,30.6,47.6,0,0,1,1
11727,2025-04-05,2,15,1,86,7310,877.2,0.0,4459.1,56.7,0,0,1,1,0
11728,2024-01-24,3,24,3,79,474,37.92,0.0,289.14,29.85,8.72,0,0,1,1
11729,2025-01-08,3,32,1,51,306,24.48,0.0,186.66,25.65,0,0,1,1,0
11730,2025-01-30,2,31,3,25,2125,170.0,0.0,1296.25,29.25,0,0,1,1,0
11731,2025-01-27,2,31,2,61,5185,622.2,0.0,3162.85,45.45,0,0,1,1,0
11732,2024-05-09,4,41,1,98,3724,446.88,3277.12,2271.64,62.1,0,0,1,1,0
11733,2025-05-28,4,47,3,30,1140,91.2,0.0,695.4,31.5,0,0,1,1,0
11734,2025-01-08,1,25,2,80,960,76.8,0.0,585.6,30.0,0,0,1,1,0
11735,2025-07-26,4,46,1,76,2888,346.56,2541.44,1761.68,52.2,0,0,1,1,0
11736,2024-07-03,3,13,1,76,456,18.24,0.0,278.16,29.4,0,0,1,1,0
11737,2024-06-28,3,46,1,92,552,44.16,0.0,336.72,31.8,0,0,1,1,0
11738,2025-09-27,1,14,3,97,1164,139.68,0.0,710.04,32.55,20.49,59.25,0,1,2
11739,2024-03-27,1,11,1,94,1128,45.12,0.0,688.08,32.1,0,0,1,1,0
11740,2024-09-26,3,35,1,10,60,0,0,36.6,19.5,1.2,37.5,0,1,4
11741,2024-03-18,2,17,2,64,5440,435.2,0.0,3318.4,46.8,0,0,1,1,0
11742,2025-04-16,2,27,1,30,2550,306.0,0.0,1555.5,31.5,44.88,42.5,0,1,4
11743,2024-06-15,1,31,3,31,372,29.76,0.0,226.92,22.65,0,0,1,1,0
11744,2024-12-24,1,16,3,54,648,0,0,395.28,26.1,0,0,1,1,0
11745,2024-11-04,3,42,3,86,516,20.64,0.0,314.76,30.9,9.91,56.5,0,1,4
11746,2024-07-19,1,41,3,39,468,18.72,0.0,285.48,23.85,0,0,1,0,0
11747,2024-08-04,1,1,2,64,768,92.16,0.0,468.48,27.6,13.52,51.0,0,1,4
11748,2024-01-19,4,30,2,61,2318,0,0,1413.98,45.45,0,0,1,1,0
11749,2025-09-21,2,5,3,92,7820,938.4,0.0,4770.2,59.4,0,0,1,1,0
11750,2025-07-21,4,41,2,22,836,0,0,509.96,27.9,0,0,1,1,0
11751,2025-02-16,1,20,1,30,360,43.2,0.0,219.6,22.5,0,0,1,1,0
11752,2025-08-11,2,2,3,28,2380,285.6,0.0,1451.8,30.6,41.89,42.0,0,1,2
11753,2025-12-31,2,39,3,46,3910,0,0,2385.1,38.7,0,0,1,1,0
11754,2025-10-02,2,35,1,46,3910,156.4,0.0,2385.1,38.7,0,0,1,1,0
11755,2025-05-04,4,45,2,59,2242,89.68,0.0,1367.62,44.55,43.05,49.75,0,1,2
11756,2025-03-12,3,39,2,72,432,17.28,0.0,263.52,28.8,0,0,1,1,0
11757,2024-02-02,4,35,2,71,2698,107.92,0.0,1645.78,49.95,0,0,1,1,0
11758,2024-05-12,2,20,2,20,1700,136.0,0.0,1037.0,27.0,31.28,40.0,0,1,2
11759,2025-08-20,1,25,3,10,120,4.8,0.0,73.2,19.5,0,0,1,1,0
11760,2024-11-15,3,11,2,20,120,0,0,73.2,21.0,0,0,1,1,0
11761,2024-10-14,2,32,1,37,3145,0,0,1918.45,34.65,0,0,1,1,0
11762,2024-08-11,3,21,2,23,138,5.52,0.0,84.18,21.45,2.65,0,0,1,1
11763,2025-11-16,2,16,3,94,7990,958.8,0.0,4873.9,60.3,140.62,58.5,0,1,2
11764,2024-02-03,1,20,3,24,288,11.52,0.0,175.68,21.6,5.53,41.0,0,1,2
11765,2025-04-26,3,4,1,69,414,49.68,0.0,252.54,28.35,0,0,1,1,0
11766,2024-04-13,4,19,2,21,798,95.76,0.0,486.78,27.45,14.04,40.25,0,1,4
11767,2025-06-09,2,33,1,10,850,68.0,0.0,518.5,22.5,0,0,1,1,0
11768,2025-09-14,3,10,3,31,186,0,0,113.46,22.65,3.72,42.75,0,1,2
11769,2024-05-16,2,45,1,76,6460,775.2,0.0,3940.6,52.2,0,0,1,1,0
11770,2025-09-14,1,23,3,20,240,9.6,0.0,146.4,21.0,4.61,40.0,0,1,2
11771,2024-06-26,1,15,2,19,228,9.12,0.0,139.08,20.85,0,0,1,1,0
11772,2024-05-22,2,1,2,28,2380,190.4,0.0,1451.8,30.6,0,0,1,1,0
11773,2024-11-15,1,41,1,58,696,0,0,424.56,26.7,0,0,1,1,0
11774,2024-11-18,4,22,1,13,494,59.28,0.0,301.34,23.85,0,0,1,1,0
11775,2025-03-25,3,16,2,45,270,10.8,0.0,164.7,24.75,0,0,1,1,0
11776,2024-01-29,4,19,3,77,2926,117.04,0.0,1784.86,52.65,56.18,0,0,1,1
11777,2025-09-13,3,3,2,52,312,37.44,0.0,190.32,25.8,0,0,1,1,0
11778,2025-12-31,4,27,2,76,2888,346.56,0.0,1761.68,52.2,50.83,54.0,0,1,2
11779,2025-08-02,1,43,2,18,216,8.64,0.0,131.76,20.7,0,0,1,1,0
11780,2025-08-23,1,25,3,63,756,30.24,0.0,461.16,27.45,14.52,50.75,0,1,2
11781,2025-02-20,1,21,2,88,1056,42.24,0.0,644.16,31.2,20.28,0,0,1,1
11782,2024-04-06,2,21,2,20,1700,136.0,0.0,1037.0,27.0,0,0,1,1,0
11783,2025-02-06,2,8,2,77,6545,523.6,0.0,3992.45,52.65,0,0,1,1,0
11784,2025-12-13,4,31,1,19,722,57.76,0.0,440.42,26.55,0,0,1,1,0
11785,2024-01-26,2,23,1,32,2720,0,0,1659.2,32.4,0,0,1,1,0
11786,2024-06-17,4,46,3,69,2622,104.88,0.0,1599.42,49.05,0,0,1,1,0
11787,2025-12-19,3,24,2,62,372,44.64,0.0,226.92,27.3,6.55,0,0,1,1
11788,2024-06-28,3,46,1,85,510,20.4,0.0,311.1,30.75,0,0,1,1,0
11789,2025-09-17,3,37,1,45,270,10.8,0.0,164.7,24.75,0,0,1,1,0
11790,2024-09-14,4,22,3,50,1900,0,0,1159.0,40.5,38.0,0,0,1,1
11791,2025-09-27,3,33,3,87,522,41.76,0.0,318.42,31.05,9.6,56.75,0,1,2
11792,2025-05-13,2,37,2,41,3485,139.4,0.0,2125.85,36.45,0,0,1,1,0
11793,2025-04-06,4,41,2,49,1862,0,0,1135.82,40.05,0,0,1,1,0
11794,2024-08-22,2,24,1,15,1275,153.0,0.0,777.75,24.75,0,0,1,1,0
11795,2024-09-27,2,11,3,82,6970,278.8,6691.2,4251.7,54.9,133.82,55.5,0,1,4
11796,2024-02-19,3,15,3,38,228,27.36,0.0,139.08,23.7,0,0,1,1,0
11797,2025-07-30,1,7,3,66,792,63.36,0.0,483.12,27.9,0,0,1,1,0
11798,2025-03-30,3,47,2,77,462,55.44,0.0,281.82,29.55,8.13,0,0,1,1
11799,2025-05-22,1,40,1,25,300,24.0,0.0,183.0,21.75,0,0,1,1,0
11800,2025-02-16,4,22,2,34,1292,51.68,0.0,788.12,33.3,0,0,1,1,0
11801,2024-10-13,4,3,3,59,2242,0,0,1367.62,44.55,44.84,49.75,0,1,4
11802,2024-08-08,1,4,2,86,1032,41.28,0.0,629.52,30.9,19.81,0,0,1,1
11803,2025-07-02,4,38,3,70,2660,106.4,0.0,1622.6,49.5,0,0,1,1,0
11804,2024-12-13,2,12,2,20,1700,0,0,1037.0,27.0,0,0,1,1,0
11805,2024-05-17,2,6,3,40,3400,408.0,0.0,2074.0,36.0,59.84,0,0,1,1
11806,2024-06-20,1,3,3,24,288,0,0,175.68,21.6,5.76,0,0,1,1
11807,2025-08-09,4,17,1,60,2280,273.6,0.0,1390.8,45.0,0,0,1,1,0
11808,2024-11-09,4,27,1,79,3002,240.16,0.0,1831.22,53.55,55.24,54.75,0,1,2
11809,2025-03-27,4,48,3,44,1672,200.64,0.0,1019.92,37.8,0,0,1,1,0
11810,2025-11-01,2,18,3,37,3145,251.6,0.0,1918.45,34.65,0,0,1,1,0
11811,2024-06-09,1,27,1,66,792,31.68,0.0,483.12,27.9,0,0,1,1,0
11812,2024-11-21,2,15,3,52,4420,353.6,0.0,2696.2,41.4,0,0,1,1,0
11813,2024-05-30,2,5,2,16,1360,108.8,0.0,829.6,25.2,25.02,0,0,0,1
11814,2025-06-27,3,6,3,22,132,5.28,0.0,80.52,21.3,0,0,1,1,0
11815,2024-03-01,3,35,1,70,420,33.6,0.0,256.2,28.5,0,0,1,1,0
11816,2025-09-20,1,39,1,18,216,25.92,0.0,131.76,20.7,0,0,1,1,0
11817,2025-01-29,4,19,2,59,2242,0,0,1367.62,44.55,0,0,1,0,0
11818,2024-10-25,3,40,2,34,204,24.48,0.0,124.44,23.1,3.59,0,0,1,1
11819,2025-10-25,1,21,3,39,468,0,0,285.48,23.85,0,0,1,1,0
11820,2024-06-30,4,45,3,90,3420,410.4,0.0,2086.2,58.5,0,0,1,1,0
11821,2025-10-03,2,22,1,17,1445,173.4,0.0,881.45,25.65,0,0,1,1,0
11822,2024-06-16,1,30,2,98,1176,141.12,0.0,717.36,32.7,0,0,1,1,0
11823,2025-01-23,4,46,2,87,3306,264.48,0.0,2016.66,57.15,0,0,1,1,0
11824,2025-06-30,1,31,3,53,636,76.32,0.0,387.96,25.95,11.19,48.25,0,1,2
11825,2024-01-16,3,32,3,97,582,0,0,355.02,32.55,0,0,1,1,0
11826,2025-04-05,3,14,1,30,180,7.2,0.0,109.8,22.5,0,0,1,1,0
11827,2025-10-06,4,42,2,73,2774,110.96,0.0,1692.14,50.85,0,0,1,1,0
11828,2024-12-01,3,27,3,22,132,5.28,0.0,80.52,21.3,0,0,1,1,0
11829,2025-01-23,1,9,1,55,660,26.4,0.0,402.6,26.25,0,0,1,1,0
11830,2025-06-18,2,16,3,30,2550,0,0,1555.5,31.5,0,0,1,1,0
11831,2024-11-09,2,32,2,84,7140,571.2,0.0,4355.4,55.8,0,0,1,1,0
11832,2024-05-13,2,18,3,20,1700,68.0,0.0,1037.0,27.0,32.64,40.0,0,1,2
11833,2025-01-01,4,10,3,69,2622,314.64,2307.36,1599.42,49.05,46.15,52.25,0,1,4
11834,2024-11-07,1,6,2,99,1188,47.52,0.0,724.68,32.85,0,0,1,1,0
11835,2024-10-24,2,40,1,12,1020,0,0,622.2,23.4,20.4,38.0,0,1,2
11836,2025-01-11,4,41,2,38,1444,115.52,0.0,880.84,35.1,0,0,1,1,0
11837,2024-04-27,2,33,2,30,2550,306.0,2244.0,1555.5,31.5,0,0,1,1,0
11838,2024-09-29,1,20,1,39,468,56.16,0.0,285.48,23.85,0,0,1,1,0
11839,2024-07-15,2,42,1,37,3145,377.4,0.0,1918.45,34.65,0,0,1,0,0
11840,2025-08-27,1,48,1,52,624,74.88,0.0,380.64,25.8,0,0,1,1,0
11841,2025-07-12,2,20,2,85,7225,867.0,0.0,4407.25,56.25,0,0,1,1,0
11842,2024-02-26,2,3,1,89,7565,0,0,4614.65,58.05,0,0,1,1,0
11843,2025-04-03,3,31,3,76,456,0,0,278.16,29.4,0,0,1,1,0
11844,2025-09-26,3,34,3,76,456,0,0,278.16,29.4,9.12,0,0,1,1
11845,2025-07-04,4,33,2,88,3344,267.52,0.0,2039.84,57.6,0,0,1,1,0
11846,2024-08-06,1,40,2,57,684,27.36,0.0,417.24,26.55,0,0,1,1,0
11847,2024-05-21,4,5,2,56,2128,0,0,1298.08,43.2,0,0,1,0,0
11848,2025-01-12,2,43,1,14,1190,95.2,0.0,725.9,24.3,21.9,0,0,1,1
11849,2024-07-25,2,10,3,97,8245,0,0,5029.45,61.65,164.9,0,0,1,1
11850,2025-05-15,1,31,3,73,876,70.08,0.0,534.36,28.95,0,0,1,1,0
11851,2025-12-26,4,26,3,25,950,114.0,0.0,579.5,29.25,16.72,0,0,1,1
11852,2025-03-31,3,19,1,98,588,70.56,0.0,358.68,32.7,0,0,1,1,0
11853,2024-04-26,1,46,2,13,156,18.72,0.0,95.16,19.95,0,0,1,1,0
11854,2024-04-30,3,32,1,29,174,20.88,0.0,106.14,22.35,3.06,42.25,0,1,2
11855,2024-06-20,4,47,3,12,456,18.24,0.0,278.16,23.4,0,0,1,1,0
11856,2024-01-11,1,26,2,71,852,102.24,0.0,519.72,28.65,0,0,1,1,0
11857,2024-10-05,1,42,2,53,636,76.32,0.0,387.96,25.95,0,0,1,1,0
11858,2024-09-29,2,10,1,59,5015,601.8,0.0,3059.15,44.55,0,0,1,1,0
11859,2025-04-26,2,14,1,70,5950,0,0,3629.5,49.5,0,0,1,1,0
11860,2025-05-26,4,15,3,50,1900,76.0,0.0,1159.0,40.5,0,0,1,1,0
11861,2025-09-02,3,33,3,19,114,13.68,0.0,69.54,20.85,0,0,1,0,0
11862,2025-09-26,4,4,1,20,760,0,0,463.6,27.0,0,0,1,1,0
11863,2024-08-01,4,47,2,17,646,0,0,394.06,25.65,0,0,1,1,0
11864,2025-08-19,2,19,2,55,4675,0,0,2851.75,42.75,93.5,0,0,1,1
11865,2025-01-20,1,35,2,58,696,55.68,0.0,424.56,26.7,0,0,1,1,0
11866,2025-11-22,4,14,2,68,2584,206.72,0.0,1576.24,48.6,0,0,1,1,0
11867,2024-06-19,3,38,1,94,564,22.56,0.0,344.04,32.1,0,0,1,1,0
11868,2024-02-17,3,47,3,66,396,31.68,0.0,241.56,27.9,0,0,1,1,0
11869,2024-03-21,4,19,3,20,760,0,760,463.6,27.0,0,0,1,1,0
11870,2025-09-10,3,29,2,90,540,43.2,0.0,329.4,31.5,0,0,1,1,0
11871,2025-06-13,1,42,3,82,984,0,0,600.24,30.3,0,0,1,1,0
11872,2024-05-02,1,19,2,42,504,60.48,0.0,307.44,24.3,0,0,1,1,0
11873,2024-04-22,2,12,1,40,3400,136.0,0.0,2074.0,36.0,0,0,1,1,0
11874,2024-11-20,3,17,3,61,366,43.92,0.0,223.26,27.15,0,0,1,1,0
11875,2025-04-12,2,6,3,63,5355,428.4,0.0,3266.55,46.35,0,0,1,0,0
11876,2024-10-04,2,3,2,96,8160,652.8,0.0,4977.6,61.2,0,0,1,1,0
11877,2025-11-19,1,26,1,13,156,6.24,0.0,95.16,19.95,0,0,1,1,0
11878,2024-06-05,2,7,1,80,6800,544.0,0.0,4148.0,54.0,0,0,1,1,0
11879,2025-08-09,1,16,3,93,1116,0,0,680.76,31.95,0,0,1,1,0
11880,2024-01-15,2,3,3,29,2465,98.6,0.0,1503.65,31.05,0,0,1,1,0
11881,2025-08-22,3,3,2,43,258,0,0,157.38,24.45,0,0,1,1,0
11882,2024-05-13,3,31,1,70,420,50.4,0.0,256.2,28.5,0,0,1,1,0
11883,2024-09-10,2,1,2,51,4335,520.2,0.0,2644.35,40.95,0,0,1,1,0
11884,2024-09-02,1,27,2,36,432,17.28,0.0,263.52,23.4,0,0,1,1,0
11885,2024-02-23,3,41,3,82,492,0,0,300.12,30.3,0,0,1,1,0
11886,2025-06-24,2,34,3,81,6885,550.8,0.0,4199.85,54.45,0,0,1,1,0
11887,2025-05-20,4,36,3,55,2090,250.8,0.0,1274.9,42.75,36.78,0,0,1,1
11888,2025-03-02,4,43,3,100,3800,0,0,2318.0,63.0,0,0,1,1,0
11889,2025-06-13,3,42,3,95,570,45.6,0.0,347.7,32.25,0,0,1,1,0
11890,2024-07-02,3,3,1,34,204,8.16,0.0,124.44,23.1,0,0,1,1,0
11891,2025-04-30,1,21,3,82,984,78.72,0.0,600.24,30.3,0,0,1,1,0
11892,2024-08-16,4,17,1,65,2470,296.4,0.0,1506.7,47.25,0,0,1,1,0
11893,2024-06-16,3,34,1,16,96,11.52,0.0,58.56,20.4,1.69,39.0,0,1,2
11894,2024-06-01,1,19,3,90,1080,86.4,0.0,658.8,31.5,19.87,57.5,0,1,2
11895,2024-02-27,2,18,2,47,3995,159.8,0.0,2436.95,39.15,0,0,1,1,0
11896,2025-08-15,4,30,1,33,1254,100.32,0.0,764.94,32.85,0,0,1,1,0
11897,2025-07-30,3,13,1,80,480,19.2,0.0,292.8,30.0,9.22,55.0,0,1,2
11898,2024-11-22,3,43,2,60,360,0,0,219.6,27.0,0,0,1,1,0
11899,2025-01-05,1,1,3,64,768,0,0,468.48,27.6,0,0,1,1,0
11900,2024-04-17,2,5,2,27,2295,183.6,0.0,1399.95,30.15,0,0,1,1,0
11901,2025-03-30,3,32,1,15,90,0,0,54.9,20.25,0,0,1,1,0
11902,2025-12-22,3,33,3,43,258,0,0,157.38,24.45,0,0,1,1,0
11903,2024-03-12,1,14,3,51,612,24.48,0.0,373.32,25.65,11.75,47.75,0,1,4
11904,2025-08-25,3,7,2,87,522,0,0,318.42,31.05,0,0,1,1,0
11905,2025-04-01,2,41,1,76,6460,0,0,3940.6,52.2,0,0,1,1,0
11906,2024-06-06,3,19,3,28,168,6.72,0.0,102.48,22.2,0,0,1,1,0
11907,2024-03-16,3,45,2,69,414,33.12,0.0,252.54,28.35,0,0,1,1,0
11908,2024-03-18,4,24,2,30,1140,136.8,0.0,695.4,31.5,0,0,1,1,0
11909,2025-11-18,1,3,1,10,120,9.6,0.0,73.2,19.5,0,0,1,1,0
11910,2024-12-17,1,46,2,96,1152,92.16,0.0,702.72,32.4,0,0,1,1,0
11911,2025-02-14,4,32,2,54,2052,82.08,0.0,1251.72,42.3,39.4,0,0,1,1
11912,2025-06-25,2,35,1,89,7565,302.6,0.0,4614.65,58.05,0,0,1,1,0
11913,2025-04-08,2,26,1,77,6545,785.4,0.0,3992.45,52.65,0,0,1,1,0
11914,2024-11-20,2,42,2,53,4505,360.4,0.0,2748.05,41.85,0,0,1,1,0
11915,2025-09-27,2,40,3,20,1700,0,0,1037.0,27.0,0,0,1,1,0
11916,2025-07-17,4,41,3,83,3154,378.48,0.0,1923.94,55.35,0,0,1,1,0
11917,2025-06-13,2,23,1,80,6800,272.0,0.0,4148.0,54.0,0,0,1,1,0
11918,2025-03-04,4,26,3,39,1482,59.28,0.0,904.02,35.55,28.45,0,0,0,1
11919,2025-12-20,2,21,2,96,8160,0,0,4977.6,61.2,0,0,1,1,0
11920,2025-10-23,4,21,2,32,1216,145.92,0.0,741.76,32.4,0,0,1,1,0
11921,2025-06-15,3,24,2,20,120,4.8,0.0,73.2,21.0,2.3,0,0,1,1
11922,2024-08-20,3,32,1,30,180,14.4,0.0,109.8,22.5,3.31,0,0,1,1
11923,2024-01-17,1,25,1,92,1104,88.32,0.0,673.44,31.8,0,0,1,1,0
11924,2025-09-21,2,17,1,12,1020,40.8,0.0,622.2,23.4,0,0,1,1,0
11925,2024-11-12,3,41,3,57,342,13.68,0.0,208.62,26.55,0,0,1,1,0
11926,2024-01-27,2,46,1,20,1700,136.0,0.0,1037.0,27.0,0,0,1,1,0
11927,2025-06-17,4,45,3,39,1482,177.84,0.0,904.02,35.55,26.08,44.75,0,1,2
11928,2025-05-27,1,11,2,95,1140,0,0,695.4,32.25,0,0,1,1,0
11929,2024-11-27,1,20,2,94,1128,135.36,0.0,688.08,32.1,0,0,1,0,0
11930,2024-08-23,4,27,3,78,2964,355.68,0.0,1808.04,53.1,52.17,0,0,1,1
11931,2024-01-04,2,32,1,83,7055,846.6,0.0,4303.55,55.35,0,0,1,1,0
11932,2025-09-11,4,1,3,60,2280,0,0,1390.8,45.0,0,0,1,1,0
11933,2025-12-13,2,39,1,18,1530,61.2,0.0,933.3,26.1,0,0,1,1,0
11934,2025-03-20,1,32,1,26,312,0,0,190.32,21.9,0,0,1,1,0
11935,2025-07-06,1,31,3,86,1032,123.84,0.0,629.52,30.9,18.16,56.5,0,1,2
11936,2025-08-22,1,21,3,28,336,13.44,0.0,204.96,22.2,0,0,1,1,0
11937,2025-10-15,1,17,1,57,684,54.72,0.0,417.24,26.55,0,0,1,1,0
11938,2025-12-30,1,35,3,54,648,25.92,0.0,395.28,26.1,0,0,1,1,0
11939,2025-07-03,1,23,1,74,888,106.56,0.0,541.68,29.1,0,0,1,1,0
11940,2025-04-13,1,29,1,91,1092,43.68,0.0,666.12,31.65,20.97,0,0,1,1
11941,2024-06-09,4,25,2,82,3116,124.64,0.0,1900.76,54.9,59.83,0,0,1,1
11942,2025-01-17,2,9,1,62,5270,421.6,0.0,3214.7,45.9,96.97,0,0,1,1
11943,2024-12-11,3,8,2,16,96,7.68,0.0,58.56,20.4,1.77,0,0,1,1
11944,2025-10-07,4,37,2,60,2280,0,0,1390.8,45.0,0,0,1,1,0
11945,2024-06-19,4,14,2,32,1216,97.28,0.0,741.76,32.4,22.37,43.0,0,1,2
11946,2024-08-20,2,26,2,37,3145,251.6,0.0,1918.45,34.65,0,0,1,1,0
11947,2024-02-11,4,26,1,86,3268,0,0,1993.48,56.7,0,0,1,1,0
11948,2024-07-02,4,22,2,15,570,45.6,0.0,347.7,24.75,0,0,1,1,0
11949,2024-05-10,3,20,3,68,408,0,0,248.88,28.2,8.16,0,0,1,1
11950,2024-05-29,3,15,2,27,162,12.96,0.0,98.82,22.05,2.98,41.75,0,1,2
11951,2024-02-25,1,16,1,47,564,0,0,344.04,25.05,0,0,1,1,0
11952,2025-08-08,2,14,3,60,5100,612.0,0.0,3111.0,45.0,89.76,0,0,1,1
11953,2025-12-26,3,43,3,49,294,23.52,0.0,179.34,25.35,0,0,1,1,0
11954,2024-05-26,2,23,3,82,6970,0,0,4251.7,54.9,0,0,1,1,0
11955,2024-08-06,2,46,3,93,7905,0,0,4822.05,59.85,0,0,1,1,0
11956,2025-05-14,1,21,1,10,120,4.8,0.0,73.2,19.5,2.3,0,0,1,1
11957,2025-09-20,2,38,2,19,1615,129.2,0.0,985.15,26.55,0,0,1,1,0
11958,2024-05-26,4,47,2,63,2394,287.28,0.0,1460.34,46.35,42.13,50.75,0,1,2
11959,2024-10-20,3,10,3,95,570,68.4,0.0,347.7,32.25,10.03,0,0,1,1
11960,2024-11-29,2,26,3,99,8415,0,0,5133.15,62.55,0,0,1,1,0
11961,2025-12-20,1,18,3,60,720,57.6,0.0,439.2,27.0,0,0,1,1,0
11962,2025-01-31,2,13,1,56,4760,190.4,0.0,2903.6,43.2,91.39,49.0,0,1,2
11963,2025-04-22,1,6,2,48,576,69.12,0.0,351.36,25.2,10.14,47.0,0,1,2
11964,2024-09-25,3,4,3,21,126,0,0,76.86,21.15,2.52,40.25,0,1,2
11965,2025-10-07,4,1,3,19,722,86.64,0.0,440.42,26.55,12.71,39.75,0,1,4
11966,2025-10-27,3,21,1,80,480,0,0,292.8,30.0,9.6,0,0,1,1
11967,2024-12-15,2,44,2,92,7820,0,0,4770.2,59.4,0,0,1,1,0
11968,2024-09-01,4,12,3,89,3382,0,0,2063.02,58.05,67.64,0,0,1,1
11969,2024-08-16,2,30,3,36,3060,244.8,0.0,1866.6,34.2,56.3,0,0,1,1
11970,2025-02-03,1,28,2,48,576,0,0,351.36,25.2,0,0,1,1,0
11971,2025-05-23,2,36,2,80,6800,544.0,6256.0,4148.0,54.0,0,0,1,1,0
11972,2025-11-04,2,15,3,15,1275,153.0,0.0,777.75,24.75,0,0,1,1,0
11973,2025-09-01,1,24,3,97,1164,93.12,0.0,710.04,32.55,21.42,59.25,0,1,4
11974,2025-08-13,4,9,2,14,532,0,0,324.52,24.3,10.64,38.5,0,1,4
11975,2024-02-22,3,13,1,37,222,26.64,0.0,135.42,23.55,0,0,1,1,0
11976,2025-05-21,1,15,3,50,600,0,0,366.0,25.5,12.0,0,0,1,1
11977,2025-04-23,3,32,1,62,372,14.88,0.0,226.92,27.3,0,0,1,1,0
11978,2024-06-08,3,42,1,17,102,12.24,0.0,62.22,20.55,0,0,1,1,0
11979,2024-09-10,2,17,1,63,5355,214.2,0.0,3266.55,46.35,0,0,1,1,0
11980,2025-01-02,2,2,1,29,2465,0,0,1503.65,31.05,0,0,1,1,0
11981,2024-11-05,1,8,1,72,864,103.68,0.0,527.04,28.8,0,0,1,1,0
11982,2024-10-11,2,24,2,24,2040,163.2,0.0,1244.4,28.8,0,0,1,1,0
11983,2024-03-30,3,26,1,68,408,32.64,0.0,248.88,28.2,0,0,1,1,0
11984,2024-08-27,1,38,2,53,636,50.88,0.0,387.96,25.95,0,0,1,1,0
11985,2024-01-01,2,5,3,82,6970,278.8,0.0,4251.7,54.9,133.82,0,0,1,1
11986,2024-02-13,4,46,3,85,3230,258.4,0.0,1970.3,56.25,0,0,1,1,0
11987,2024-12-31,4,20,1,54,2052,82.08,0.0,1251.72,42.3,0,0,1,0,0
11988,2024-04-18,2,25,1,34,2890,0,0,1762.9,33.3,0,0,1,1,0
11989,2025-04-08,2,42,1,81,6885,826.2,0.0,4199.85,54.45,0,0,1,1,0
11990,2025-08-06,1,33,1,66,792,31.68,0.0,483.12,27.9,15.21,0,0,1,1
11991,2025-05-24,2,41,2,84,7140,571.2,0.0,4355.4,55.8,131.38,0,0,1,1
11992,2024-09-26,2,7,3,74,6290,0,0,3836.9,51.3,0,0,1,1,0
11993,2024-06-24,3,43,3,73,438,52.56,0.0,267.18,28.95,0,0,1,1,0
11994,2024-02-01,4,17,2,13,494,39.52,0.0,301.34,23.85,0,0,1,1,0
11995,2024-10-06,2,33,1,98,8330,333.2,0.0,5081.3,62.1,0,0,1,1,0
11996,2024-04-12,4,18,3,47,1786,142.88,0.0,1089.46,39.15,32.86,46.75,0,1,2
11997,2024-11-18,4,41,2,27,1026,82.08,0.0,625.86,30.15,0,0,1,1,0
11998,2024-11-16,3,1,3,21,126,0,0,76.86,21.15,0,0,1,1,0
11999,2024-11-07,1,22,2,20,240,19.2,0.0,146.4,21.0,0,0,1,1,0
12000,2024-04-06,3,43,2,30,180,21.6,158.4,109.8,22.5,0,0,1,1,0
